seconds_elapsed_rounded,accelerometer_time,accelerometer_seconds_elapsed,accelerometer_z,accelerometer_y,accelerometer_x,accelerometeruncalibrated_time,accelerometeruncalibrated_seconds_elapsed,accelerometeruncalibrated_z,accelerometeruncalibrated_y,accelerometeruncalibrated_x,gravity_time,gravity_seconds_elapsed,gravity_z,gravity_y,gravity_x,gyroscope_time,gyroscope_seconds_elapsed,gyroscope_z,gyroscope_y,gyroscope_x,gyroscopeuncalibrated_time,gyroscopeuncalibrated_seconds_elapsed,gyroscopeuncalibrated_z,gyroscopeuncalibrated_y,gyroscopeuncalibrated_x,location_time,location_seconds_elapsed,location_bearingAccuracy,location_speedAccuracy,location_verticalAccuracy,location_horizontalAccuracy,location_speed,location_bearing,location_altitude,location_longitude,location_latitude,magnetometer_time,magnetometer_seconds_elapsed,magnetometer_z,magnetometer_y,magnetometer_x,magnetometeruncalibrated_time,magnetometeruncalibrated_seconds_elapsed,magnetometeruncalibrated_z,magnetometeruncalibrated_y,magnetometeruncalibrated_x,orientation_time,orientation_seconds_elapsed,orientation_qz,orientation_qy,orientation_qx,orientation_qw,orientation_roll,orientation_pitch,orientation_yaw
0.0,1.6893058024912507e+18,30.004250813802084,1.5198643207550049,-2.8175633748372397,1.3926316897074382,1.689305802482592e+18,29.995591959635416,5.402395248413086,6.398008823394775,0.9834500948588052,1.689305802482592e+18,29.995591959635416,3.6236208279927578,9.077415784200031,-0.4676583806673686,1.6893058024869235e+18,29.999923502604165,-0.6344344615936279,2.8329385121663413,4.683554808298747,1.6893058024869235e+18,29.999923502604165,-0.6355034708976746,2.8376726309458413,4.685896396636963,,,,,,,,,,,,1.6893058024871803e+18,30.0001802734375,-27.974599838256836,-40.37467880249024,-10.99219970703125,1.6893058024871803e+18,30.0001802734375,-296.264794921875,52.51611862182617,-153.79319458007814,1.6893058024912507e+18,30.004250813802084,-0.3612498044967651,-0.2216385354598362,0.5338832239309946,0.7305317918459574,0.2009027774135271,-1.2267909049987793,1.0650485754013062
0.05,1.6893058025431508e+18,30.05615087890625,-0.4610327879587809,-1.639877160390218,2.6016300519307456,1.689305802534498e+18,30.047497965494795,0.895513912041982,7.6817582448323565,1.431904931863149,1.689305802534498e+18,30.047497965494795,0.8800422102212906,9.689061482747396,-0.9145643909772238,1.68930580253883e+18,30.05183024088542,0.3087923775116601,5.393685658772786,5.679366906483968,1.68930580253883e+18,30.05183024088542,0.3077742705742518,5.398419698079427,5.681759357452393,,,,,,,,,,,,1.6893058025371738e+18,30.050173828125004,-17.836399459838866,-46.77723922729492,-6.4318397521972654,1.6893058025371738e+18,30.050173828125004,-286.12659912109376,46.11355895996094,-149.2328369140625,1.6893058025431508e+18,30.05615087890625,-0.2603480716546376,-0.1877802560726801,0.6670764684677124,0.6697211861610413,1.3535693883895874,-1.4408186674118042,2.000541925430298
0.1,1.689305802586402e+18,30.099402099609375,-2.695772647857666,-0.5209240913391113,2.330936312675476,1.6893058025864036e+18,30.099403564453127,-4.817948500315349,8.978269577026367,1.8269201119740803,1.6893058025864036e+18,30.099403564453127,-2.148640433947245,9.523184140523275,-0.5843820671240488,1.68930580259073e+18,30.103729899088545,-0.3051780884464582,6.3241861661275225,4.926526387532552,1.68930580259073e+18,30.103729899088545,-0.3062470989922682,6.328920364379883,4.9288679758707685,,,,,,,,,,,,1.6893058025871775e+18,30.100177587890624,-5.934079837799072,-50.23959884643555,-3.4111199378967285,1.6893058025871775e+18,30.100177587890624,-274.2242736816406,42.65119857788086,-146.21211853027344,1.689305802586402e+18,30.099402099609375,-0.1380388364195823,-0.1248374730348586,0.7712883055210114,0.607607901096344,2.8601508140563965,-1.3374531865119934,-3.046410918235779
0.15,1.6893058026296532e+18,30.14265315755209,-4.059845447540283,0.2632354100545247,0.4227603574593861,1.6893058026383063e+18,30.151306233723957,-8.003393332163492,9.306883494059244,0.1296112254882852,1.6893058026383063e+18,30.151306233723957,-4.006136655807495,8.948891957600912,-0.1053528947134812,1.6893058026426327e+18,30.15563273111979,-0.592132031917572,2.68510901927948,2.1101831197738647,1.6893058026426327e+18,30.15563273111979,-0.5932010610898336,2.689894199371338,2.112575650215149,,,,,,,,,,,,1.689305802637177e+18,30.15017744140625,3.0378000289201736,-50.808119201660155,-1.734839940071106,1.689305802637177e+18,30.15017744140625,-265.2523986816406,42.082678985595706,-144.53583679199218,1.6893058026296532e+18,30.14265315755209,-0.0503655436138311,-0.0606952148179213,0.8309293190638224,0.5499160091082255,3.097472588221232,-1.1703630288441975,-3.0253818035125732
0.2,1.689305802681555e+18,30.19455476888021,-2.501948833465576,0.439578374226888,-0.427521675825119,1.6893058026902098e+18,30.20320963541667,-6.6097737948099775,9.149954477945965,-0.5816553135712942,1.6893058026902098e+18,30.20320963541667,-4.467069307963054,8.732541720072428,-0.1389319437245527,1.689305802694532e+18,30.207532145182295,-0.4195626080036163,-0.125023752450943,0.1333213398853937,1.689305802694532e+18,30.207532145182295,-0.4206316272417704,-0.1202895492315292,0.1357138976454734,,,,,,,,,,,,1.6893058026871795e+18,30.200179638671877,6.273239803314209,-50.83007888793945,-0.6392800033092498,1.6893058026871795e+18,30.200179638671877,-262.01695556640624,42.06071853637695,-143.44028015136718,1.689305802681555e+18,30.19455476888021,-0.0239753481000661,-0.0289513301104306,0.8519899845123291,0.5221883654594421,3.1183231671651206,-1.0999532143274944,-3.087871789932251
0.25,1.6893058027334618e+18,30.246461914062497,-0.7554076512654623,0.4208793640136719,-0.8421136538187662,1.6893058027421125e+18,30.255112630208338,-4.853242556254069,9.223334312438965,-1.230110228061676,1.6893058027421125e+18,30.255112630208338,-4.296526908874512,8.810782114664713,-0.3644646207491557,1.689305802737789e+18,30.250788696289064,-0.1202640989795327,-0.5911648571491241,-0.6623306572437286,1.689305802737789e+18,30.250788696289064,-0.1213331101462244,-0.5864306390285492,-0.660039871931076,,,,,,,,,,,,1.6893058027371756e+18,30.25017548828125,5.890159797668457,-51.218038940429686,0.4269999951124191,1.6893058027371756e+18,30.25017548828125,-262.40003662109376,41.672759246826175,-142.3739990234375,1.6893058027334618e+18,30.246461914062497,-0.0370880042513211,-0.0270963509877522,0.849157989025116,0.5260989864667257,3.063855489095052,-1.1096001466115315,-3.12606430053711
0.3,1.6893058027853652e+18,30.298365234375,-0.6870450178782145,0.6475992202758789,-1.617757797241211,1.6893058027940165e+18,30.30701652018229,-4.73439900080363,9.769495964050297,-2.101097663243612,1.6893058027940165e+18,30.30701652018229,-3.794225613276163,9.037518819173178,-0.3430293103059132,1.6893058027810327e+18,30.294032877604167,0.4587088922659556,-0.6049602031707764,-1.1455759604771931,1.6893058027810327e+18,30.294032877604167,0.4576398779948552,-0.6002260049184164,-1.1432852347691853,1.6893058027983314e+18,30.31133129882813,0.0,0.0,0.9676262736320496,7.84499979019165,0.0065616485662758,0.0,40.900001525878906,-122.753135,49.1903906,1.689305802787174e+18,30.30017416992188,3.674639940261841,-51.18875961303711,0.161039999127388,1.689305802787174e+18,30.30017416992188,-264.6155578613281,41.702040100097655,-142.63995666503905,1.6893058027853652e+18,30.298365234375,-0.0473319254815578,-0.0380976200103759,0.8352067867914835,0.5464560985565186,3.0483606656392417,-1.1592942078908284,-3.111342271169027
0.35,1.6893058028372677e+18,30.35026798502604,-2.12319008509318,0.8074814478556315,-1.99208136399587,1.6893058028372644e+18,30.350264404296873,-5.182255744934082,10.245169162750244,-2.2127626538276672,1.6893058028372644e+18,30.350264404296873,-2.888940453529358,9.368974208831789,-0.166718304157257,1.6893058028329444e+18,30.3459443359375,1.5124005873998003,-2.900846322377523,-2.88226584593455,1.6893058028329444e+18,30.3459443359375,1.5113315184911091,-2.896112243334452,-2.879924178123474,,,,,,,,,,,,1.6893058028371776e+18,30.350177587890624,-0.8247199982404709,-50.915479278564455,-2.1471999406814577,1.6893058028371776e+18,30.350177587890624,-269.1149108886719,41.975318908691406,-144.9481964111328,1.6893058028372677e+18,30.35026798502604,-0.0755801312625407,-0.0873840774099031,0.7980746825536092,0.5902453660964966,3.0894535382588706,-1.274922529856364,-2.96022621790568
0.4,1.6893058028891676e+18,30.402167643229166,-1.5921101570129397,-1.040866216023763,0.0781087478001912,1.6893058028805184e+18,30.39351863606771,-2.459821701049805,8.885348002115885,0.1796611150105794,1.6893058028805184e+18,30.39351863606771,-0.9729706731935344,9.726367314656576,0.2799618740876515,1.6893058028848474e+18,30.397847249348956,1.9426532586415608,-4.845993995666504,-5.467091242472331,1.6893058028848474e+18,30.397847249348956,1.9415842692057292,-4.841259797414144,-5.464749654134114,,,,,,,,,,,,1.6893058028871757e+18,30.400175488281253,-10.679879760742187,-48.507198333740234,-8.039799785614013,1.6893058028871757e+18,30.400175488281253,-278.970068359375,44.38359909057617,-150.8407989501953,1.6893058028891676e+18,30.402167643229166,-0.1490179896354675,-0.1843839635451634,0.7004802227020264,0.670936127503713,-2.1876855293909707,-1.4718845287958782,-1.7107800443967185
0.45,1.6893058029410734e+18,30.454073404947916,-1.9038662910461424,-1.488752047220866,1.3987421989440918,1.6893058029324237e+18,30.44542374674479,-0.5030909379323324,8.271389802296957,2.3357937335968018,1.6893058029324237e+18,30.44542374674479,1.617386817932129,9.583521842956545,1.1331644256909688,1.6893058029367488e+18,30.449748697916664,1.0453940232594807,-5.42366886138916,-5.387627760569255,1.6893058029367488e+18,30.449748697916664,1.0444268584251404,-5.418883800506592,-5.385286172231038,,,,,,,,,,,,1.6893058029371738e+18,30.450173730468748,-20.910799407958983,-42.52675933837891,-16.11619987487793,1.6893058029371738e+18,30.450173730468748,-289.20099487304685,50.36403961181641,-158.91719970703124,1.6893058029410734e+18,30.454073404947916,-0.2430819123983383,-0.275306870539983,0.5658765832583109,0.7361551324526469,-0.5902387897173563,-1.3241644700368245,0.1679197236274679
0.5,1.6893058029929782e+18,30.50597819010417,-0.1608600616455078,-1.6505765914916992,1.7491754690806072,1.6893058029843264e+18,30.49732657877604,3.3332019646962485,6.942974090576172,4.12203574180603,1.6893058029843264e+18,30.49732657877604,3.683095614115397,8.802014032999674,2.1987120310465493,1.6893058029886533e+18,30.501653076171873,0.605469266573588,-3.305391788482666,-4.6000698407491045,1.6893058029886533e+18,30.501653076171873,0.6044511596361796,-3.300657590230306,-4.597728093465169,,,,,,,,,,,,1.6893058029871775e+18,30.500177783203128,-26.94979972839355,-34.159999465942384,-23.704599380493164,1.6893058029871775e+18,30.500177783203128,-295.2399963378906,58.7307991027832,-166.5055938720703,1.6893058029929782e+18,30.50597819010417,-0.3231019179026285,-0.3335886895656585,0.4309657017389933,0.7728442748387655,-0.5337493618329366,-1.0817977984746296,0.465335617462794
0.55,1.6893058030362296e+18,30.549229858398437,0.0595178604125976,-0.2072207927703857,1.4276604652404783,1.6893058030362296e+18,30.549229817708337,5.167300542195638,7.709076404571533,4.118446667989095,1.6893058030362296e+18,30.549229817708337,5.004672686258952,8.00886615117391,2.6389323075612388,1.6893058030405563e+18,30.553556559244793,-0.2281581703573465,-0.4177809096872806,-2.309019684791565,1.6893058030405563e+18,30.553556559244793,-0.2292271815240383,-0.4130467257152001,-2.3066780169804892,,,,,,,,,,,,1.6893058030371756e+18,30.550175585937502,-31.40767936706543,-29.48495903015137,-26.227559661865236,1.6893058030371756e+18,30.550175585937502,-299.6978759765625,63.40583877563476,-169.02855529785157,1.6893058030362296e+18,30.549229858398437,-0.3576253801584244,-0.3345428109169006,0.3633554875850677,0.7925015687942505,-0.4862385094165802,-0.9531486332416534,0.5929035842418671
0.6,1.6893058030794793e+18,30.592479166666664,0.6119108200073242,-0.246013323465983,1.2947704792022705,1.6893058030881329e+18,30.6011328125,6.252445538838704,7.541379451751709,3.716851313908895,1.6893058030881329e+18,30.6011328125,5.4971747398376465,7.776769002278645,2.3472721576690674,1.6893058030924595e+18,30.60545939127604,-0.8755226135253906,0.8718065122763315,0.0930042167504627,1.6893058030924595e+18,30.60545939127604,-0.8765407005945841,0.8765407105286916,0.0952949896454811,,,,,,,,,,,,1.6893058030871762e+18,30.600175927734377,-33.0839599609375,-28.10391960144043,-25.285719680786137,1.6893058030871762e+18,30.600175927734377,-301.3741516113281,64.78687744140625,-168.08671875,1.6893058030794793e+18,30.592479166666664,-0.3745091656843821,-0.3177359203497569,0.3463563024997711,0.7992273370424906,-0.418840358654658,-0.9133962591489156,0.6682719588279724
0.65,1.6893058031313856e+18,30.644385498046873,0.6431287129720051,-0.4618848164876303,0.9839745362599692,1.6893058031400325e+18,30.653032470703124,5.723631699879964,7.568697452545166,2.405783732732137,1.6893058031400325e+18,30.653032470703124,5.128462314605713,8.227746645609537,1.435700456301371,1.689305803144359e+18,30.65735904947917,-1.5907949209213257,1.8705202738444011,2.056986927986145,1.689305803144359e+18,30.65735904947917,-1.5918130079905193,1.875305414199829,2.059379498163859,,,,,,,,,,,,1.689305803137178e+18,30.650178125000004,-33.352359008789065,-31.371079635620116,-21.593999481201173,1.689305803137178e+18,30.650178125000004,-301.6425537109375,61.519718170166016,-164.3949981689453,1.6893058031313856e+18,30.644385498046873,-0.378137061993281,-0.2893055379390716,0.3855687578519185,0.790062407652537,-0.2985291481018066,-0.9760063687960306,0.7342866063117981
0.7,1.6893058031832883e+18,30.69628833007812,1.154004732767741,-1.9070555369059248,1.6654133796691897,1.6893058031919352e+18,30.70493513997396,5.456233978271484,6.572884400685628,2.0372890631357827,1.6893058031919352e+18,30.70493513997396,3.949470281600952,8.954150199890137,0.1055038472016652,1.689305803187614e+18,30.700613891601563,-2.039526343345642,2.3211352825164795,3.3715943098068237,1.689305803187614e+18,30.700613891601563,-2.0405953526496887,2.32586932182312,3.3738850355148315,,,,,,,,,,,,1.6893058031871764e+18,30.700176464843754,-30.473159408569337,-37.03919906616211,-15.67455997467041,1.6893058031871764e+18,30.700176464843754,-298.7633483886719,55.85159912109375,-158.47555847167968,1.6893058031832883e+18,30.69628833007812,-0.3737033009529114,-0.2539318849643071,0.468161940574646,0.7587167223294576,-0.0741587628920872,-1.1213274002075195,0.871717611948649
0.75,1.6893058032351918e+18,30.74819189453125,1.968475063641866,-4.119747479756673,2.790948390960694,1.6893058032438382e+18,30.75683829752604,2.5984059870243073,6.132205963134766,1.4711871147155762,1.6893058032438382e+18,30.75683829752604,1.145769106845061,9.564061164855955,-1.5067227681477864,1.6893058032308677e+18,30.74386759440104,-2.1288145383199057,6.031021515528361,5.802863597869873,1.6893058032308677e+18,30.74386759440104,-2.1298834880193076,6.035806973775228,5.805205186208089,,,,,,,,,,,,1.6893058032371758e+18,30.750175878906248,-22.157639694213863,-44.964318084716794,-6.080479860305786,1.6893058032371758e+18,30.750175878906248,-290.4478393554688,47.92647857666016,-148.88147583007813,1.6893058032351918e+18,30.74819189453125,-0.3221701780954997,-0.186871662735939,0.6108366449673971,0.6953874031702677,0.718632901708285,-1.328105052312215,1.46209716796875
0.8,1.6893058032870943e+18,30.800094482421873,-3.347192128499349,1.003931999206543,1.2696085373560588,1.6893058032870984e+18,30.80009826660156,-5.43290376663208,10.494621276855469,-0.7061817832291126,1.6893058032870984e+18,30.80009826660156,-1.821033596992493,9.406823635101318,-2.0496288537979126,1.6893058032827707e+18,30.795770751953125,-1.5549066066741943,8.594517548878988,4.601749738057454,1.6893058032827707e+18,30.795770751953125,-1.5559755563735962,8.599302768707275,4.604091326395671,,,,,,,,,,,,1.6893058032871777e+18,30.800177490234375,-8.608319807052613,-49.99803848266602,4.1333598613739015,1.6893058032871777e+18,30.800177490234375,-276.8985107421875,42.89275894165039,-138.66763916015626,1.6893058032870943e+18,30.800094482421873,-0.1803484360376993,-0.0534023835013309,0.7642964919408163,0.6132903695106506,2.2435686190923056,-1.286755363146464,2.579331874847412
0.85,1.6893058033389957e+18,30.851995442708333,-3.268535931905111,0.2206411361694336,-0.4797311623891194,1.689305803330343e+18,30.843342936197917,-6.952744960784912,9.50090185801188,-2.3734806378682456,1.689305803330343e+18,30.843342936197917,-3.168093204498291,9.07806428273519,-1.9333079655965169,1.6893058033346703e+18,30.847670328776044,-1.370934287707011,4.267199277877808,0.8747590283552805,1.6893058033346703e+18,30.847670328776044,-1.3719524542490642,4.271984259287517,0.8770497838656106,1.68930580331737e+18,30.830369873046877,0.0,0.0,0.9339286684989928,7.97100019454956,0.005333190318197,0.0,40.900001525878906,-122.7531351,49.1903919,1.6893058033371776e+18,30.850177734375,-0.3098800003528595,-50.67147979736328,9.467199897766111,1.6893058033371776e+18,30.850177734375,-268.6000732421875,42.219319915771486,-133.33379516601562,1.6893058033389957e+18,30.851995442708333,-0.080940601726373,0.0575842981537182,0.8149548768997192,0.5703177452087402,2.609837214152018,-1.170519749323527,2.6434668699900308
0.9,1.6893058033908992e+18,30.90389925130208,-1.3208301067352295,0.4569304784138997,-1.3756523927052815,1.6893058033822495e+18,30.89524951171875,-5.1164530118306475,9.166305541992188,-3.174079259236654,1.6893058033822495e+18,30.89524951171875,-3.767921288808187,8.823884963989258,-2.037537892659506,1.689305803386577e+18,30.899576822916668,-0.8634580075740814,1.4917838176091511,0.7129815618197123,1.689305803386577e+18,30.899576822916668,-0.8644761343797048,1.496518035729726,0.7152722875277201,,,,,,,,,,,,1.6893058033871775e+18,30.900177587890624,2.7108399152755736,-49.95899963378906,12.656279945373536,1.6893058033871775e+18,30.900177587890624,-265.57935791015626,42.9317985534668,-130.14471740722655,1.6893058033908992e+18,30.90389925130208,-0.0513740529616673,0.1136258170008659,0.8264164129892985,0.548978308836619,2.650308847427368,-1.1102245648701985,2.559823195139567
0.95,1.6893058034428037e+18,30.9558037109375,-0.6218194166819254,0.3093392054239908,-1.6382118066151936,1.6893058034341532e+18,30.947153401692702,-4.729015191396077,9.123833020528158,-3.6909289360046382,1.6893058034341532e+18,30.947153401692702,-3.932943900426229,8.737323125203451,-2.1031124591827393,1.6893058034384806e+18,30.951480631510417,0.1643736567348241,-0.5043201744556427,-0.2984585737188657,1.6893058034384806e+18,30.951480631510417,0.1633555429677168,-0.4995859588185946,-0.2961169257760048,,,,,,,,,,,,1.6893058034371735e+18,30.95017353515625,3.8039599895477294,-49.98339920043945,13.256520080566409,1.6893058034371735e+18,30.95017353515625,-264.4862365722656,42.9073989868164,-129.5444793701172,1.6893058034428037e+18,30.9558037109375,-0.0526001366476217,0.1171515931685765,0.8274500568707784,0.5466194947560629,2.6447498003641763,-1.1024437348047893,2.5508526961008706
1.0,1.689305803494703e+18,31.007703287760418,-0.3089861869812011,0.3704039255777995,-1.6908258597056072,1.689305803486051e+18,30.999050781249995,-3.769293944040934,9.149954477945965,-3.6546377340952554,1.689305803486051e+18,30.999050781249995,-3.5476213296254477,8.898204485575357,-2.109886089960734,1.6893058034903803e+18,31.003380289713544,0.5435682535171509,-0.8123489816983541,-0.8452847798665365,1.6893058034903803e+18,31.003380289713544,0.5424992442131042,-0.8076147635777792,-0.8429431319236755,,,,,,,,,,,,1.6893058034871777e+18,31.000177685546873,1.6665199398994446,-50.18347930908203,12.519639778137208,1.6893058034871777e+18,31.000177685546873,-266.62367553710936,42.70731887817383,-130.28135986328124,1.689305803494703e+18,31.007703287760418,-0.0624914007882277,0.09825016806523,0.8166969021161398,0.5651193261146545,2.598811149597168,-1.1453737020492554,2.547048012415568
1.05,1.689305803537954e+18,31.050953979492185,-1.584253191947937,0.893406867980957,-2.4218829870224,1.689305803537959e+18,31.050959065755208,-4.393820603688558,9.926824251810707,-4.076970895131429,1.689305803537959e+18,31.050959065755208,-2.9276119073232016,9.18608856201172,-1.7851495742797852,1.6893058035422863e+18,31.05528645833333,1.750994364420573,-1.829439640045166,-1.5577572584152222,1.6893058035422863e+18,31.05528645833333,1.7499253352483113,-1.8247053821881611,-1.5554155906041462,,,,,,,,,,,,1.6893058035371753e+18,31.050175439453124,-1.7079999923706055,-50.595838928222655,9.95519952774048,1.6893058035371753e+18,31.050175439453124,-269.998193359375,42.294959259033206,-132.84580078125,1.689305803537954e+18,31.050953979492185,-0.0651356689631938,0.0664006732404231,0.803638756275177,0.5876669883728027,2.5959792137145996,-1.2112109065055847,2.594131827354431
1.1,1.689305803581212e+18,31.09421183268229,-0.9898602962493896,-0.3691673278808594,-1.8021060228347776,1.6893058035898624e+18,31.102862467447917,-2.4157538414001465,9.100104014078775,-2.6773691177368164,1.6893058035898624e+18,31.102862467447917,-1.6167571147282918,9.60535208384196,-1.045145610968272,1.6893058035941868e+18,31.107186767578128,2.4731897513071694,-3.69710922241211,-2.7930795351664224,1.6893058035941868e+18,31.107186767578128,2.4721716245015464,-3.6922731399536137,-2.7907378673553467,,,,,,,,,,,,1.6893058035871744e+18,31.100174365234373,-8.849880027770997,-50.26155853271485,3.6380399465560913,1.6893058035871744e+18,31.100174365234373,-277.14007568359375,42.62923812866211,-139.16295776367187,1.689305803581212e+18,31.09421183268229,-0.0840653801957766,-0.0054744311297933,0.771196981271108,0.6299545764923096,2.5730387369791665,-1.3416144053141277,2.7005228201548257
1.15,1.6893058036331105e+18,31.146110595703124,-1.5226031144460042,-0.4569565455118815,-0.8301453391710917,1.6893058036417638e+18,31.154763916015625,-1.614557107289632,9.222137769063314,-0.3738785286744435,1.6893058036417638e+18,31.154763916015625,0.011159416132917,9.791993459065756,0.0377822771357993,1.6893058036374415e+18,31.150441772460937,2.53585433959961,-4.812167167663574,-3.168481707572937,1.6893058036374415e+18,31.150441772460937,2.5347853899002075,-4.807433128356934,-3.166114568710327,,,,,,,,,,,,1.6893058036371768e+18,31.150176904296877,-15.89903964996338,-47.66783828735352,-5.194760012626648,1.6893058036371768e+18,31.150176904296877,-284.1892333984375,45.22295913696289,-147.99575805664062,1.6893058036331105e+18,31.146110595703124,-0.1256728221972782,-0.1150443479418754,0.7063542207082113,0.685608963171641,1.4429318110148113,-1.5123961766560872,1.7853828767935436
1.2,1.6893058036850217e+18,31.19802189127604,-1.1513226230939229,-1.7956794102986653,1.3670594096183777,1.6893058036936684e+18,31.20666853841146,0.6486543255547682,7.70249605178833,3.22552498181661,1.6893058036936684e+18,31.20666853841146,1.7831627527872722,9.483712832132976,1.6346309979756672,1.6893058036806935e+18,31.19369376627604,2.7190121014912925,-4.996724923451741,-4.136372168858846,1.6893058036806935e+18,31.19369376627604,2.7179431120554605,-4.991990884145101,-4.13403042157491,,,,,,,,,,,,1.6893058036871757e+18,31.20017578125,-22.162519454956055,-42.28275909423828,-15.95027961730957,1.6893058036871757e+18,31.20017578125,-290.4527099609375,50.60803909301758,-158.75127868652345,1.6893058036850217e+18,31.19802189127604,-0.180205538868904,-0.2403745055198669,0.6034181118011475,0.7370535731315613,-0.7354315320650736,-1.3629787762959795,-0.127129000922044
1.25,1.6893058037369208e+18,31.249920735677083,-1.248043696085612,-0.1003721555074056,1.8173316319783528,1.6893058037369206e+18,31.249920654296872,1.984846353530884,8.762516498565674,4.701298236846924,1.6893058037369206e+18,31.249920654296872,3.0895814895629883,8.893858909606934,2.7386587858200073,1.6893058037325975e+18,31.24559724934896,1.3384057482083638,-2.8001554012298584,-3.91569709777832,1.6893058037325975e+18,31.24559724934896,1.337387641270955,-2.79537026087443,-3.9133554299672446,,,,,,,,,,,,1.6893058037371776e+18,31.250177783203128,-26.420319747924804,-34.91639862060547,-23.853439712524413,1.6893058037371776e+18,31.250177783203128,-294.71051025390625,57.97439880371094,-166.65443420410156,1.6893058037369208e+18,31.249920735677083,-0.2234907646973927,-0.3173961738745371,0.4913099507490794,0.7790158788363138,-0.7225268483161926,-1.1389862696329751,0.082760400759677
1.3,1.689305803788826e+18,31.30182568359375,-2.4531096617380777,0.0319193204243977,0.7337878545125326,1.689305803780173e+18,31.293173014322917,1.8009978135426838,8.523035049438477,3.957728703816732,1.689305803780173e+18,31.293173014322917,4.127907037734985,8.348036130269369,3.0624754428863525,1.689305803784498e+18,31.29749788411458,-0.2603304088115692,-1.4750868082046509,-3.2641584078470864,1.689305803784498e+18,31.29749788411458,-0.2613994230826695,-1.4703526496887207,-3.2618168195088706,,,,,,,,,,,,1.689305803787176e+18,31.300175781249997,-29.98515930175781,-30.231599044799804,-26.42764015197754,1.689305803787176e+18,31.300175781249997,-298.2753540039063,62.65919952392578,-169.22863159179687,1.689305803788826e+18,31.30182568359375,-0.2711110810438792,-0.3340399066607157,0.4097046156724294,0.8040135304133097,-0.623181422551473,-0.9977619449297588,0.3020098606745401
1.35,1.6893058038407217e+18,31.353721761067707,-1.971173604329427,0.3967992464701333,1.4507159392038982,1.689305803832074e+18,31.345073893229166,3.348157008488973,7.829116344451904,4.55055046081543,1.689305803832074e+18,31.345073893229166,5.321194489796956,7.592401504516602,3.178279161453247,1.6893058038364037e+18,31.349403401692708,-0.5107342402140299,-0.3574070731798808,-3.363169511159261,1.6893058038364037e+18,31.349403401692708,-0.5117523471514384,-0.3526728649934132,-3.360827843348185,1.689305803836407e+18,31.349406982421876,0.0,0.0,0.9342267513275146,8.020000457763672,0.0115666035562753,0.0,40.900001525878906,-122.7531369,49.1903943,1.689305803837178e+18,31.35017788085937,-33.43043899536133,-25.44431915283203,-27.69155921936035,1.689305803837178e+18,31.35017788085937,-301.7206298828125,67.44647827148438,-170.4925567626953,1.6893058038407217e+18,31.353721761067707,-0.3159438868363698,-0.3232507904370625,0.3366538484891255,0.8257068594296774,-0.519758403301239,-0.8637683590253195,0.4858748316764831
1.4,1.6893058038926305e+18,31.405630289713542,-1.575737476348877,0.2693715095520019,1.82193128267924,1.6893058038839795e+18,31.396979492187494,4.767100969950358,7.413562615712483,4.804189682006836,1.6893058038839795e+18,31.396979492187494,6.442370255788167,6.829970995585124,2.8217853705088296,1.6893058038883062e+18,31.401305989583335,-1.4821627140045166,0.2417499249180157,-2.6549221674601235,1.6893058038883062e+18,31.401305989583335,-1.4831808010737102,0.2464841331044832,-2.6525296370188394,,,,,,,,,,,,1.689305803887174e+18,31.400173925781253,-37.434479522705075,-21.684280014038087,-26.098239135742187,1.689305803887174e+18,31.400173925781253,-305.72467041015625,71.20651702880859,-168.89923706054688,1.6893058038926305e+18,31.405630289713542,-0.3630005617936452,-0.2875841756661733,0.284060666958491,0.8392771482467651,-0.3911449412504832,-0.7552056709925333,0.6588095227877299
1.45,1.6893058039445297e+18,31.457529622395835,-0.1606877644856771,-1.1067717870076497,1.0048348903656006,1.689305803935883e+18,31.448882812500003,6.740980307261149,5.1026943524678545,3.08694060643514,1.689305803935883e+18,31.448882812500003,7.337645689646403,6.205258369445801,1.9270360867182417,1.6893058039402048e+18,31.453204915364584,-1.904677788416545,1.341765522956848,-2.0408499240875244,1.6893058039402048e+18,31.453204915364584,-1.905746857325236,1.3464997212092082,-2.0384572744369507,,,,,,,,,,,,1.689305803937177e+18,31.450176904296875,-41.12131958007812,-19.344319534301757,-22.889640045166015,1.689305803937177e+18,31.450176904296875,-309.41151123046876,73.54647827148438,-165.69063720703124,1.6893058039445297e+18,31.457529622395835,-0.410809983809789,-0.2304182648658752,0.2572876811027526,0.8434977928797404,-0.2298313776652018,-0.6726643840471903,0.8250827789306641
1.5,1.6893058039877842e+18,31.50078430175781,3.4492626190185547,-1.110687017440796,0.7809161245822906,1.689305803987787e+18,31.500787190755204,11.015957196553549,4.712664286295573,1.7371892134348552,1.689305803987787e+18,31.500787190755204,7.725204626719157,5.970478216807048,0.9145724972089132,1.6893058039921062e+18,31.50510628255208,-2.5649723211924234,0.3232495263218879,0.609338104724884,1.6893058039921062e+18,31.50510628255208,-2.565990368525187,0.3280346368749936,0.61167973279953,,,,,,,,,,,,1.689305803987178e+18,31.500177734375,-43.93951950073242,-19.173519897460935,-18.96123962402344,1.689305803987178e+18,31.500177734375,-312.22971801757814,73.71727752685547,-161.76223754882812,1.6893058039877842e+18,31.50078430175781,-0.4497061520814895,-0.1953870356082916,0.2578058987855911,0.8324634432792664,-0.1174485571682453,-0.6496223509311676,0.9510975182056428
1.55,1.6893058040310385e+18,31.54403841145833,4.08269468943278,-3.1448309421539307,0.2410735736290614,1.68930580403969e+18,31.55268977864583,10.686545372009276,3.25523575146993,-0.0191425687323014,1.68930580403969e+18,31.55268977864583,6.897008736928304,6.941026528676351,-0.2086630662282308,1.6893058040440136e+18,31.55701359049479,-3.342909097671509,0.4059708565473556,3.998520374298096,1.6893058040440136e+18,31.55701359049479,-3.3439781665802,0.4107050697008769,4.000861962636312,,,,,,,,,,,,1.689305804037178e+18,31.55017783203125,-41.36043930053711,-26.054319381713867,-15.581839752197263,1.689305804037178e+18,31.55017783203125,-309.650634765625,66.83647766113282,-158.3828369140625,1.6893058040310385e+18,31.54403841145833,-0.4916103879610697,-0.1963915973901748,0.312722384929657,0.7878555854161581,0.000851140357554,-0.7557249069213867,1.1180712779362996
1.6,1.6893058040829412e+18,31.59594124348958,2.685690720876058,-4.448533693949382,-0.2771736979484557,1.689305804091593e+18,31.604593017578125,7.280162970225017,4.105884313583374,-1.9126628835995991,1.689305804091593e+18,31.604593017578125,4.831060250600179,8.337132612864176,-1.5828943649927776,1.6893058040872673e+18,31.600267333984377,-2.785011053085327,0.7101308405399323,5.994726181030273,1.6893058040872673e+18,31.600267333984377,-2.7860037088394165,0.7148650586605072,5.997169494628906,,,,,,,,,,,,1.6893058040871777e+18,31.600177734375,-33.464599609375,-36.70735931396485,-10.104039764404297,1.6893058040871777e+18,31.600177734375,-301.7547912597656,56.18343963623047,-152.90503540039063,1.6893058040829412e+18,31.59594124348958,-0.5210511287053426,-0.2183870027462641,0.4266843696435292,0.7046928803126017,0.2611480603615442,-0.9774735569953918,1.418832262357076
1.65,1.689305804134845e+18,31.64784464518229,0.1293649276097615,-2.639706611633301,-0.5265133380889893,1.6893058041434952e+18,31.65649495442708,1.9218353827794392,6.997610410054524,-3.2546376387278237,1.6893058041434952e+18,31.65649495442708,1.9885852734247844,9.110396385192873,-2.958807865778605,1.6893058041305203e+18,31.6435205078125,-2.9385672410329184,-0.3820962111155193,6.299904187520345,1.6893058041305203e+18,31.6435205078125,-2.939585288365682,-0.3773620128631592,6.302296797434489,,,,,,,,,,,,1.6893058041371735e+18,31.650173583984373,-19.434599494934083,-46.8699592590332,-3.5062799572944643,1.6893058041371735e+18,31.650173583984373,-287.72479858398435,46.02083892822266,-146.30727844238282,1.689305804134845e+18,31.64784464518229,-0.5278858145078024,-0.2612913697957992,0.5550370812416077,0.585568388303121,0.8650060494740804,-1.1794090270996094,2.0754799842834473
1.7,1.689305804186746e+18,31.69974625651042,0.1784780099987984,0.7159058252970376,0.1031547387440999,1.6893058041867387e+18,31.69973852539062,0.7884350493550301,9.621241092681885,-3.5650066137313843,1.6893058041867387e+18,31.69973852539062,0.41947503387928,9.035825729370115,-3.7847849130630498,1.6893058041824236e+18,31.695423583984375,-1.9201021989186604,-0.7521787534157435,3.8276307582855225,1.6893058041824236e+18,31.695423583984375,-1.921171188354492,-0.7473936180273691,3.829972426096598,,,,,,,,,,,,1.6893058041871798e+18,31.70017978515625,-5.765719890594482,-50.87887802124023,2.1081599831581115,1.6893058041871798e+18,31.70017978515625,-274.0559143066406,42.01191940307617,-140.69283752441407,1.689305804186746e+18,31.69974625651042,-0.5405034025510153,-0.3018546601136525,0.6223514477411906,0.478158841530482,1.4553253253300984,-1.170565485954285,2.761953671773275
1.75,1.6893058042386506e+18,31.751650634765625,-3.3315188884735107,2.353225072224935,-1.1266202926635742,1.68930580423e+18,31.742999837239584,-3.3922248482704163,11.464212735493978,-4.823132832845052,1.68930580423e+18,31.742999837239584,-0.8751757939656576,8.861809730529785,-4.098331769307454,1.6893058042343265e+18,31.747326334635417,-0.218333418170611,1.969073255856832,1.9224438269933064,1.6893058042343265e+18,31.747326334635417,-0.2194024324417114,1.9738583167394,1.924785534540812,,,,,,,,,,,,1.6893058042371766e+18,31.75017666015625,2.4887999266386034,-50.991118621826175,4.965399932861328,1.6893058042371766e+18,31.75017666015625,-265.8013977050781,41.89967880249024,-137.83559875488282,1.6893058042386506e+18,31.751650634765625,-0.5079110066095988,-0.3122838834921519,0.676203727722168,0.4323128561178843,1.8280240297317505,-1.1240958372751872,1.007633368174235
1.8,1.6893058042905536e+18,31.80355362955729,-4.14259918530782,0.0242951711018879,-1.6378941535949707,1.689305804281898e+18,31.79489794921875,-5.835496266682942,9.169096946716309,-5.548158009847005,1.689305804281898e+18,31.79489794921875,-1.4468109210332234,8.942168235778809,-3.761043469111125,1.6893058042862298e+18,31.79922973632813,1.0744101603825886,1.0073676705360413,-0.8914560029904047,1.6893058042862298e+18,31.79922973632813,1.0733920534451802,1.012101908524831,-0.8891143475969633,,,,,,,,,,,,1.689305804287178e+18,31.80017783203125,3.3549998998641968,-50.99843826293945,3.062199926376343,1.689305804287178e+18,31.80017783203125,-264.93519897460936,41.89235916137695,-139.73879699707032,1.6893058042905536e+18,31.80355362955729,-0.4729973673820495,-0.3085813621679942,0.6898612976074219,0.4527244965235392,1.9343781073888144,-1.159723957379659,-1.0545084476470947
1.85,1.689305804342457e+18,31.855456868489583,-2.358964125315348,0.3406457901000976,-0.0642352104187011,1.6893058043338063e+18,31.84680639648438,-3.267399231592814,9.487741470336914,-3.02193554242452,1.6893058043338063e+18,31.84680639648438,-0.8610694805781046,9.315083503723145,-2.9253996213277182,1.689305804338133e+18,31.85113289388021,2.2778147061665854,1.579341193040212,-2.1707096497217813,1.689305804338133e+18,31.85113289388021,2.276745637257894,1.584075391292572,-2.1684189240137735,,,,,,,,,,,,1.6893058043371758e+18,31.85017573242187,-1.3322399735450745,-50.97891845703125,-0.8954799681901932,1.6893058043371758e+18,31.85017573242187,-269.6224365234375,41.911878204345705,-143.69647521972655,1.689305804342457e+18,31.855456868489583,-0.4435027539730072,-0.3046001891295115,0.6663092573483785,0.5155394574006399,1.8235236008961997,-1.2792328596115112,2.9522738456726074
1.9,1.689305804394356e+18,31.907356119791668,-3.446824868520101,-0.498022715250651,-0.8961088458697001,1.6893058043857114e+18,31.89871150716146,-3.173481067021688,9.543374061584473,-2.3086750507354736,1.6893058043857114e+18,31.89871150716146,0.2172492146492004,9.671336809794107,-1.5234829584757488,1.6893058043900357e+18,31.903035807291666,2.938465436299642,1.9400062561035156,-3.4363206227620444,1.6893058043900357e+18,31.903035807291666,2.9374473889668784,1.944740374883016,-3.4340298970540366,,,,,,,,,,,,1.6893058043871762e+18,31.90017626953125,-8.952359771728515,-49.27091979980469,-6.919839763641358,1.6893058043871762e+18,31.90017626953125,-277.2425598144531,43.619879150390624,-149.72083435058593,1.689305804394356e+18,31.907356119791668,-0.3890982468922933,-0.291153868039449,0.6243337790171305,0.6105684439341227,1.1613275806109111,-1.4177851676940918,2.168346126874288
1.95,1.6893058044376123e+18,31.950612304687496,-2.4204728603363037,-1.7172622680664062,-0.7707767188549042,1.6893058044376123e+18,31.950612060546874,-0.1507478219767411,7.880960782368978,-1.0691929459571838,1.6893058044376123e+18,31.950612060546874,2.357153336207072,9.487093289693195,-0.3130493139227231,1.689305804441935e+18,31.954935058593747,1.9230037530263264,0.8698720932006836,-5.248808701833089,1.689305804441935e+18,31.954935058593747,1.921985745429993,0.8746062914530436,-5.246466954549153,,,,,,,,,,,,1.6893058044371776e+18,31.950177490234378,-20.22028007507324,-44.23231887817383,-12.585519790649414,1.6893058044371776e+18,31.950177490234378,-288.5104736328125,48.65847930908203,-155.3865173339844,1.6893058044376123e+18,31.950612304687496,-0.3658450841903686,-0.2698888331651687,0.5538290441036224,0.6971244513988495,0.1351670864969491,-1.325359582901001,1.0755130648612976
2.0,1.689305804480865e+18,31.993865071614582,-1.880723714828491,-1.6217400232950847,-0.814430832862854,1.6893058044895112e+18,32.00251123046875,3.336392323176066,6.751349131266276,-0.2947159744799137,1.6893058044895112e+18,32.00251123046875,4.839181741078694,8.496353149414062,0.2798714389403661,1.6893058044938294e+18,32.00682926432292,1.4124222596486409,0.4057672371466954,-5.194238026936849,1.6893058044938294e+18,32.00682926432292,1.411353270212809,0.4105014403661092,-5.191845575968425,,,,,,,,,,,,1.6893058044871757e+18,32.000175634765625,-32.33487968444824,-35.97047882080078,-14.327679634094238,1.6893058044871757e+18,32.000175634765625,-300.6250732421875,56.920317840576175,-157.12867736816406,1.689305804480865e+18,31.993865071614582,-0.3638964494069417,-0.2333642542362213,0.4665271937847137,0.7706904808680216,-0.039115863929813,-1.097725470860799,0.8602803945541382
2.05,1.6893058045327675e+18,32.04576765950521,0.7930100758870443,-0.952038606007894,0.3152970174948374,1.689305804541414e+18,32.054414225260416,7.704091389973958,6.288736820220947,0.9312067925930022,1.689305804541414e+18,32.054414225260416,6.679492473602295,7.14442777633667,0.5939953724543253,1.6893058045370842e+18,32.05008410644531,0.7989353835582733,0.5731443017721176,-3.814242482185364,1.6893058045370842e+18,32.05008410644531,0.7978663742542267,0.5778785198926926,-3.811951756477356,,,,,,,,,,,,1.6893058045371763e+18,32.05017622070313,-40.357598876953126,-26.637479400634767,-15.76971950531006,1.6893058045371763e+18,32.05017622070313,-308.6477905273438,66.2533187866211,-158.57071838378906,1.6893058045327675e+18,32.04576765950521,-0.3610284527142842,-0.1935712248086929,0.3648465573787689,0.8356425563494364,-0.0906562830011049,-0.8482384284337362,0.7747769554456075
2.1,1.689305804584668e+18,32.097667643229165,1.7582923571268718,-1.7181836764017742,-0.3867828845977782,1.6893058045933192e+18,32.10631925455729,9.606185913085938,4.442075888315837,0.1890329842766125,1.6893058045933192e+18,32.10631925455729,7.547048409779866,6.245919068654378,0.4519731303056081,1.689305804580346e+18,32.093345947265625,0.4751004378000895,0.8722646633783976,-2.0760255257288613,1.689305804580346e+18,32.093345947265625,0.4740314185619354,0.8769988616307577,-2.0737348000208535,,,,,,,,,,,,1.6893058045871775e+18,32.10017734375,-45.498678588867186,-20.266639709472656,-14.55215950012207,1.6893058045871775e+18,32.10017734375,-313.78887329101565,72.62415771484375,-157.35315551757813,1.689305804584668e+18,32.097667643229165,-0.3547413349151611,-0.1548121720552444,0.3103884458541869,0.8681118885676066,-0.0638400241732597,-0.7061458230018616,0.75226891040802
2.15,1.6893058046365737e+18,32.14957381184896,3.257640838623047,-0.5516390800476074,-0.0126153429349263,1.689305804636574e+18,32.14957385253906,11.150553226470947,5.5432727336883545,0.3439682573080062,1.689305804636574e+18,32.14957385253906,7.827720880508423,5.903948068618774,0.323412150144577,1.6893058046322511e+18,32.14525105794271,0.3802636166413625,0.7632252176602682,-0.352163811524709,1.6893058046322511e+18,32.14525105794271,0.3791945961614449,0.7680103182792664,-0.3498221635818481,,,,,,,,,,,,1.6893058046371794e+18,32.15017939453125,-47.35063934326172,-17.270319747924805,-13.383399772644044,1.6893058046371794e+18,32.15017939453125,-315.6408386230469,75.62048034667968,-156.18439636230468,1.6893058046365737e+18,32.14957381184896,-0.3408511678377787,-0.1307548185189564,0.2914923727512359,0.88414998849233,-0.0408107414841651,-0.6492783625920614,0.7221805055936178
2.2,1.689305804688474e+18,32.201473795572916,3.075003465016683,-1.521914800008138,0.0497520466645559,1.6893058046798267e+18,32.19282657877604,10.757731755574545,5.0829536120096845,0.1248255868752797,1.6893058046798267e+18,32.19282657877604,7.476125081380208,6.341987768809001,0.0428255920608838,1.689305804684152e+18,32.19715218098958,-1.2101749579111736,0.0414879371722539,2.370106299718221,1.689305804684152e+18,32.19715218098958,-1.211193064848582,0.0462730328241984,2.372397025426229,,,,,,,,,,,,1.6893058046871736e+18,32.20017368164063,-46.5088394165039,-19.861599731445313,-11.931599617004396,1.6893058046871736e+18,32.20017368164063,-314.7990295410156,73.02919921875,-154.73259582519532,1.689305804688474e+18,32.201473795572916,-0.3484607835610707,-0.1308589925368626,0.3297726611296335,0.8672986030578613,0.0048511402371028,-0.7253641883532206,0.7664730151494344
2.25,1.6893058047403756e+18,32.25337556966146,1.8277897834777832,-2.9603870709737143,0.0736555457115173,1.68930580473173e+18,32.24472998046875,8.212366739908854,4.945964495340983,-0.1659023861090342,1.68930580473173e+18,32.24472998046875,6.123761971791585,7.617684364318848,-0.4373475710550944,1.6893058047360563e+18,32.24905639648437,-2.7290404637654624,-1.7303266922632854,5.222287019093831,1.6893058047360563e+18,32.24905639648437,-2.7300585905710855,-1.7255924741427104,5.224577744801839,,,,,,,,,,,,1.6893058047371758e+18,32.25017568359375,-41.32872009277344,-28.87007942199707,-10.840919685363769,1.6893058047371758e+18,32.25017568359375,-309.61891479492186,64.02071762084961,-153.64191284179688,1.6893058047403756e+18,32.25337556966146,-0.3889722029368083,-0.1704465001821517,0.4191920657952626,0.8011155327161154,0.0970608592033385,-0.9363916317621864,0.9562353293100992
2.3,1.6893058047922842e+18,32.305284179687504,1.0754156112670898,-3.0426036516825357,0.2142492532730102,1.6893058047836324e+18,32.29663240559896,4.838486830393474,5.24068037668864,-1.2131610810756683,1.6893058047836324e+18,32.29663240559896,3.6937950452168784,8.969535191853842,-1.254589060942332,1.6893058047879598e+18,32.300959716796875,-3.0809497435887656,-2.4481951793034873,5.515502293904622,1.6893058047879598e+18,32.300959716796875,-3.082018772761027,-2.4434609015782676,5.517945766448975,,,,,,,,,,,,1.689305804787178e+18,32.300178076171875,-27.14011917114258,-41.958238220214845,-9.354959964752195,1.689305804787178e+18,32.300178076171875,-295.43031005859376,50.932559204101565,-152.15595703125,1.6893058047922842e+18,32.305284179687504,-0.4499522844950358,-0.2403178264697393,0.5219711263974508,0.6823423107465109,0.4161101579666137,-1.191209713617961,1.45682160059611
2.35,1.6893058048441864e+18,32.35718611653646,-1.2167857090632122,0.5849612553914388,-0.2547643979390462,1.6893058048355356e+18,32.348535644531246,1.174078275760015,10.28734302520752,-1.5994025667508442,1.6893058048355356e+18,32.348535644531246,1.9207825660705569,9.433749834696451,-1.8458434740702312,1.6893058048398584e+18,32.35285864257813,-0.8055785497029623,-0.1147917608420054,2.788752476374308,1.6893058048398584e+18,32.35285864257813,-0.8064948320388794,-0.1100575526555379,2.7910941441853843,,,,,,,,,,,,1.689305804837174e+18,32.3501740234375,-16.57735958099365,-47.738599395751955,-6.8051597595214846,1.689305804837174e+18,32.3501740234375,-284.8675598144531,45.15219955444336,-149.6061584472656,1.6893058048441864e+18,32.35718611653646,-0.4580263098080953,-0.274853765964508,0.5810584227244059,0.6137134631474813,0.8521876732508341,-1.3044546445210774,1.952619194984436
2.4,1.6893058048874386e+18,32.40043859863282,-1.4925430417060852,-1.6151456832885742,-0.9405169486999512,1.6893058048874396e+18,32.400439697265625,-0.839681347211202,8.001598834991455,-3.1822546323140464,1.6893058048874396e+18,32.400439697265625,0.6115168482065201,9.473987897237144,-2.4353274504343667,1.6893058048917678e+18,32.40476790364583,-1.708030144373576,-1.7109826405843098,2.9529734452565513,1.6893058048917678e+18,32.40476790364583,-1.7090991338094077,-1.7062484820683796,2.955366055170695,1.6893058048744645e+18,32.38746435546875,0.0,0.0,0.943363070487976,8.015000343322754,0.0202036276459693,0.0,40.900001525878906,-122.7531401,49.1903973,1.6893058048871777e+18,32.400177294921875,-8.82303981781006,-49.732080078125,-4.065039920806885,1.6893058048871777e+18,32.400177294921875,-277.1132385253906,43.15871963500977,-146.86603698730468,1.6893058048874386e+18,32.40043859863282,-0.4696555435657501,-0.2980257123708725,0.6166512072086334,0.5567972362041473,1.3230556845664978,-1.311506450176239,2.4817261695861816
2.45,1.689305804930691e+18,32.44369156901042,-0.943933685620626,1.4268798828125,0.2776641050974527,1.6893058049393326e+18,32.45233251953125,-1.580459396044413,11.16271718343099,-2.864208698272705,1.6893058049393326e+18,32.45233251953125,-0.4243425031503041,9.30546220143636,-3.0673840840657554,1.6893058049436685e+18,32.45666845703125,-0.6263914108276367,-0.0367028042674065,1.633453647295634,1.6893058049436685e+18,32.45666845703125,-0.6274604052305222,-0.0319686333338419,1.6358971397082012,,,,,,,,,,,,1.6893058049371758e+18,32.450175732421876,-1.9959199190139771,-50.97159881591797,-1.3346799850463866,1.6893058049371758e+18,32.450175732421876,-270.28611450195314,41.91919860839844,-144.13567810058595,1.689305804930691e+18,32.44369156901042,-0.4882652362187703,-0.3212415874004363,0.6411951184272766,0.4970134993394215,1.661041259765625,-1.2564045985539751,2.897474924723307
2.5,1.6893058049825943e+18,32.49559423828125,-2.41459314028422,0.5609474182128906,-1.2883961995442708,1.689305804991245e+18,32.50424487304687,-3.1128629048665366,9.530412991841636,-4.496313095092773,1.689305804991245e+18,32.50424487304687,-0.8345287839571635,9.24969800313314,-3.159448226292928,1.6893058049869207e+18,32.49992077636719,-0.133932203054428,0.5549710839986801,7.636100053784456e-05,1.6893058049869207e+18,32.49992077636719,-0.1350012198090552,0.5597052872180939,0.0025198236107826,,,,,,,,,,,,1.6893058049871823e+18,32.5001822265625,0.5514399766921997,-51.17655944824219,-0.5807199820876121,1.6893058049871823e+18,32.5001822265625,-267.73875122070314,41.71423950195312,-143.3817138671875,1.6893058049825943e+18,32.49559423828125,-0.4772228201230367,-0.3227486411730447,0.6616968512535095,0.4798240164915721,1.8261837164560957,-1.231703559557597,3.0486998558044434
2.55,1.6893058050344973e+18,32.54749739583333,-1.2233697175979614,1.234007199605306,-0.436289628346761,1.689305805043148e+18,32.55614786783854,-1.7001005013783772,10.856435457865397,-3.077568689982096,1.689305805043148e+18,32.55614786783854,-0.5581872165203094,9.361543655395508,-2.869107405344645,1.6893058050301734e+18,32.54317333984375,0.7812457382678986,0.4650211470822493,-0.8869763414065043,1.6893058050301734e+18,32.54317333984375,0.7801767488320669,0.4697553801039855,-0.8845328688621521,,,,,,,,,,,,1.6893058050371753e+18,32.55017504882812,-1.2419599890708923,-51.24244003295898,-1.2687999725341796,1.6893058050371753e+18,32.55017504882812,-269.5321533203125,41.64835968017578,-144.0697998046875,1.6893058050344973e+18,32.54749739583333,-0.4707750082015991,-0.3178698321183522,0.6565441489219666,0.4961236615975697,1.7783572276433308,-1.2559185822804768,2.978447914123535
2.6,1.6893058050863995e+18,32.5993994140625,-2.1204419136047363,0.3512547810872395,-1.3452462355295818,1.6893058050863954e+18,32.59939526367188,-2.1903300285339355,9.946365356445312,-3.4396826028823853,1.6893058050863954e+18,32.59939526367188,0.0306850150227546,9.580891132354736,-2.091118812561035,1.689305805082073e+18,32.59507332356771,2.1710660060246787,1.952223499615987,-2.312074025472006,1.689305805082073e+18,32.59507332356771,2.1699970165888467,1.9569576978683472,-2.309630592664083,,,,,,,,,,,,1.689305805087178e+18,32.6001779296875,-5.987759828567505,-50.03463973999023,-5.155719852447509,1.689305805087178e+18,32.6001779296875,-274.2779541015625,42.85615921020508,-147.9567138671875,1.6893058050863995e+18,32.5993994140625,-0.4347127079963684,-0.3046567638715108,0.6359458168347677,0.5594649712244669,1.5251816113789876,-1.354332407315572,2.6330687204996743
2.65,1.6893058051383002e+18,32.651300048828126,-2.1286915143330893,-0.7081578572591146,-0.973212957382202,1.689305805129653e+18,32.642653076171875,-0.953141008814176,8.980662027994791,-2.2681965033213296,1.689305805129653e+18,32.642653076171875,1.220543662707011,9.659681955973308,-1.024121065934499,1.6893058051339796e+18,32.64697941080729,2.913674513498942,1.244383414586385,-3.779626925786336,1.6893058051339796e+18,32.64697941080729,2.9126054445902505,1.2491175731023152,-3.777234395345052,,,,,,,,,,,,1.6893058051371722e+18,32.650172265624995,-14.61803970336914,-46.87483901977539,-10.189439964294433,1.6893058051371722e+18,32.650172265624995,-282.9082336425781,46.01595840454102,-152.9904327392578,1.6893058051383002e+18,32.651300048828126,-0.3933327595392863,-0.2895715137322743,0.5806998610496521,0.6502909660339355,0.5285917073488234,-1.382981816927592,1.5415408213933308
2.7,1.6893058051901996e+18,32.70319970703125,-1.535007397333781,-1.8378982543945312,-0.6310031016667684,1.6893058051815526e+18,32.69455257161459,1.7958133816719055,7.344370365142822,-0.3086741169293721,1.6893058051815526e+18,32.69455257161459,3.4138783613840737,9.164630889892578,0.21487474689881,1.6893058051858793e+18,32.698879313151046,2.460259755452474,1.372410535812378,-4.9360456466674805,1.6893058051858793e+18,32.698879313151046,2.459190766016642,1.3771957159042358,-4.933754762013753,,,,,,,,,,,,1.689305805187178e+18,32.70017788085938,-26.239759063720705,-40.12335891723633,-15.079199600219727,1.689305805187178e+18,32.70017788085938,-294.5299499511719,52.76743850708008,-157.88019714355468,1.6893058051901996e+18,32.70319970703125,-0.360412706931432,-0.2590345640977223,0.4878580570220947,0.7506189743677775,-0.0859026225904623,-1.1689898173014324,0.8414729237556458
2.75,1.6893058052421107e+18,32.75511059570312,-1.0537079175313313,-0.8698418935139974,0.1984501580397288,1.6893058052334592e+18,32.74645930989583,4.340380827585856,6.99262539545695,0.7188437978426615,1.6893058052334592e+18,32.74645930989583,5.589983145395915,8.004577159881592,0.7043031851450602,1.689305805237786e+18,32.75078605143229,1.448819637298584,1.6408349672953289,-4.510170777638753,1.689305805237786e+18,32.75078605143229,1.4477506279945374,1.6455691655476887,-4.507829189300537,,,,,,,,,,,,1.689305805237176e+18,32.75017607421875,-36.87083892822265,-31.229560089111327,-16.182079696655272,1.689305805237176e+18,32.75017607421875,-305.16103515625,61.66123886108399,-158.9830780029297,1.6893058052421107e+18,32.75511059570312,-0.3332471251487732,-0.2035890718301136,0.3958964943885803,0.8304264346758524,-0.1221235419313112,-0.9176214734713236,0.7028746207555135
2.8,1.6893058052940096e+18,32.807009765625,1.214744249979655,-0.3824887275695801,1.3936010996500652,1.6893058052853624e+18,32.798362223307294,7.935197989145915,6.323831558227539,2.071785648663839,1.6893058052853624e+18,32.798362223307294,7.123356183369954,6.701183795928955,0.6427923242251078,1.689305805289689e+18,32.80268896484375,-0.1366810997327168,0.5323690474033356,-2.9439122676849365,1.689305805289689e+18,32.80268896484375,-0.1376483043034871,0.5371032655239105,-2.9415197372436523,,,,,,,,,,,,1.6893058052871757e+18,32.80017568359375,-43.79311981201172,-22.423599624633788,-15.21095962524414,1.6893058052871757e+18,32.80017568359375,-312.08331298828125,70.46719818115234,-158.01195373535157,1.6893058052940096e+18,32.807009765625,-0.3334596951802571,-0.1581360548734664,0.3215227623780568,0.8718292117118835,-0.0827922721703846,-0.7292004227638245,0.6987180113792419
2.85,1.6893058053372652e+18,32.85026513671875,2.4989728927612305,-1.1956708431243896,0.5789753943681717,1.689305805337258e+18,32.85025805664063,10.18983523050944,4.857430140177409,0.9106684376796088,1.689305805337258e+18,32.85025805664063,7.668550491333008,6.108639399210612,0.3196766475836435,1.6893058053415928e+18,32.85459293619792,-0.9420051177342732,0.1275690247615178,-0.2503529489040374,1.6893058053415928e+18,32.85459293619792,-0.9430232445398966,0.1323032329479853,-0.2479604085286458,,,,,,,,,,,,1.6893058053371786e+18,32.85017841796875,-46.37951889038086,-18.50251998901367,-13.773799514770507,1.6893058053371786e+18,32.85017841796875,-314.6697082519531,74.38827667236328,-156.57479858398438,1.6893058053372652e+18,32.85026513671875,-0.3483143597841263,-0.1369136124849319,0.2989562004804611,0.877804160118103,-0.04095696285367,-0.66901496052742,0.7412453591823578
2.9,1.689305805380518e+18,32.893517985026044,3.5983235041300454,-1.326868216196696,0.4363280336062113,1.6893058053891648e+18,32.90216487630209,11.293923377990724,5.241278648376465,0.8506484453876814,1.6893058053891648e+18,32.90216487630209,7.317700227101644,6.5211507479349775,0.1815433899561564,1.689305805393494e+18,32.906494140625,-2.475785970687866,-2.1281527280807495,2.5426756938298545,1.689305805393494e+18,32.906494140625,-2.4768039782842,-2.12341845035553,2.54501736164093,1.6893058053934925e+18,32.90649243164062,0.0,0.0,0.943363070487976,7.979000091552734,0.0149425342679023,0.0,40.900001525878906,-122.7531422,49.1903994,1.6893058053871757e+18,32.90017568359375,-45.14487991333008,-21.276799774169923,-14.07147979736328,1.6893058053871757e+18,32.90017568359375,-313.43507080078126,71.61399688720704,-156.87247314453126,1.689305805380518e+18,32.893517985026044,-0.3776758412520091,-0.1488661170005798,0.3129774630069732,0.8582794666290283,-0.0245505757629871,-0.7077499230702718,0.8201470573743185
2.95,1.689305805432421e+18,32.945420898437504,3.7686880429585776,-4.10397481918335,-0.0015095969041188,1.6893058054410714e+18,32.954071289062504,9.028119881947836,2.899702191352844,-0.892124076684316,1.6893058054410714e+18,32.954071289062504,5.705193996429443,7.921435832977295,-0.446448581914107,1.6893058054367475e+18,32.94974743652344,-4.471610069274902,-2.0060051679611206,5.4492998123168945,1.6893058054367475e+18,32.94974743652344,-4.472679138183594,-2.0012709498405457,5.451666831970215,,,,,,,,,,,,1.6893058054371804e+18,32.95018037109375,-36.58535881042481,-32.556919479370116,-14.02511978149414,1.6893058054371804e+18,32.95018037109375,-304.87555541992185,60.33387908935547,-156.82611694335938,1.689305805432421e+18,32.945420898437504,-0.4499534865220387,-0.2065735856691996,0.3826122283935547,0.7783535917599996,0.0457167675097783,-0.8985466559727987,1.074394464492798
3.0,1.6893058054843205e+18,32.99732039388021,1.632909059524536,-3.8187125523885097,-0.4336361090342204,1.6893058054929713e+18,33.005971110026046,4.233102639516194,6.79741096496582,-1.3365908414125445,1.6893058054929713e+18,33.005971110026046,3.020136833190918,9.151976267496744,-1.6515085299809773,1.6893058054799987e+18,32.99299886067708,-3.245017965634664,-1.4584407806396484,6.4145941734313965,1.6893058054799987e+18,32.99299886067708,-3.2460360527038574,-1.4536556204160054,6.41698678334554,,,,,,,,,,,,1.6893058054871795e+18,33.000179638671874,-22.08199996948242,-44.67395858764648,-9.157319736480712,1.6893058054871795e+18,33.000179638671874,-290.3721923828125,48.21683883666992,-151.95831604003905,1.6893058054843205e+18,32.99732039388021,-0.5067814588546753,-0.2721594919761022,0.4975979725519816,0.6474575400352478,0.4312620560328166,-1.1691324710845947,1.6257725954055786
3.05,1.689305805536227e+18,33.04922688802083,-2.0083275636037192,0.3628679911295573,0.4736196994781494,1.6893058055362268e+18,33.049226684570314,-1.0130612663924692,10.077672004699709,-1.6256239116191864,1.6893058055362268e+18,33.049226684570314,1.087769865989685,9.49863862991333,-2.170971512794494,1.689305805531901e+18,33.04490096028646,-1.161763866742452,1.1824824213981628,3.937230110168457,1.689305805531901e+18,33.04490096028646,-1.1628328959147136,1.187216579914093,3.9395717779795327,,,,,,,,,,,,1.689305805537178e+18,33.05017797851563,-10.709159755706787,-49.236758422851565,-6.1390398979187015,1.689305805537178e+18,33.05017797851563,-278.9993530273438,43.654039001464845,-148.94003601074218,1.689305805536227e+18,33.04922688802083,-0.4857221047083537,-0.3086489935715993,0.5898389418919882,0.5657572547594706,1.1083773771921794,-1.3113973538080852,2.312838395436605
3.1,1.68930580558813e+18,33.10113020833333,-1.8028374115626016,-2.1369571685791016,-0.6968654791514078,1.6893058055794798e+18,33.0924794921875,-2.5347967545191445,6.835496584574382,-3.793421506881714,1.6893058055794798e+18,33.0924794921875,-0.2872568517923355,9.3227170308431,-2.99714994430542,1.6893058055838062e+18,33.09680598958334,-2.0458895762761435,-0.963894451657931,3.343112786610922,1.6893058055838062e+18,33.09680598958334,-2.0469585259755454,-0.9591602385044098,3.345454374949137,,,,,,,,,,,,1.689305805587175e+18,33.10017475585938,-1.695800006389618,-51.00819854736328,-1.1297199845314023,1.689305805587175e+18,33.10017475585938,-269.985986328125,41.882598876953125,-143.93071899414062,1.68930580558813e+18,33.10113020833333,-0.4863006671269734,-0.320612370967865,0.6511913935343424,0.485578457514445,1.7258197863896687,-1.2355086008707683,2.960484743118286
3.15,1.689305805640033e+18,33.15303287760417,-2.4906464417775473,2.709463437398275,-0.0149134000142415,1.6893058056313825e+18,33.14438199869792,-3.67378032207489,11.382258733113607,-3.4041890303293862,1.6893058056313825e+18,33.14438199869792,-1.8099939823150637,8.945137659708658,-3.5700740814208984,1.689305805635702e+18,33.148702311197916,-0.3072143197059631,1.2492703267683585,2.776942491531372,1.689305805635702e+18,33.148702311197916,-0.3082833290100097,1.2540045411636431,2.7792840798695884,,,,,,,,,,,,1.6893058056371758e+18,33.15017578125,7.183359861373901,-50.947200012207034,1.6128399610519408,1.6893058056371758e+18,33.15017578125,-261.1068359375,41.943599700927734,-141.1881561279297,1.689305805640033e+18,33.15303287760417,-0.4669332404931386,-0.3434518277645111,0.6976356705029806,0.4205069144566853,2.0920225779215493,-1.13685405254364,-2.936898867289225
3.2,1.689305805691929e+18,33.204929280598954,-3.569133996963501,0.2883659998575847,-1.2884736855824788,1.6893058056832852e+18,33.19628540039062,-6.571887334187825,9.42772102355957,-4.543571313222249,1.6893058056832852e+18,33.19628540039062,-2.7585670153299966,8.808253288269043,-3.321691354115804,1.6893058056876073e+18,33.200607421875,0.1104138952990372,1.479006548722585,-0.2668971916039784,1.6893058056876073e+18,33.200607421875,0.1093957846363384,1.4838425715764365,-0.2645046512285868,,,,,,,,,,,,1.689305805687176e+18,33.20017607421875,10.277279663085938,-50.35183944702148,0.741759991645813,1.689305805687176e+18,33.20017607421875,-258.0129150390625,42.53895874023438,-142.05924072265626,1.689305805691929e+18,33.204929280598954,-0.4250327746073405,-0.3351788620154063,0.7267958323160807,0.4227026800314585,2.269810120264689,-1.1184926827748616,-2.8447462717692056
3.25,1.6893058057438392e+18,33.256839192708334,-1.563959280649821,1.0443766911824544,0.0838830471038818,1.6893058057351898e+18,33.24818977864583,-4.071387767791748,9.89153003692627,-2.9619155724843345,1.6893058057351898e+18,33.24818977864583,-2.319278478622436,9.050408363342283,-2.976348320643107,1.6893058057395162e+18,33.25251627604167,0.9319258332252502,1.2786936561266582,-2.1483621994654336,1.6893058057395162e+18,33.25251627604167,0.9309077461560568,1.2834279139836628,-2.14596958955129,,,,,,,,,,,,1.689305805737178e+18,33.250177880859376,6.680719900131225,-50.766638946533206,-0.7612799882888794,1.689305805737178e+18,33.250177880859376,-261.60947875976564,42.124159240722655,-143.5622772216797,1.6893058057438392e+18,33.256839192708334,-0.4118011395136515,-0.3166853288809458,0.7145151098569235,0.4681300520896911,2.2181807359059653,-1.1948321262995405,-2.9607547918955484
3.3,1.6893058057870917e+18,33.30009167480469,-1.5527198910713196,-0.0348029136657714,-0.3540000915527343,1.689305805787092e+18,33.30009187825521,-2.72063938776652,9.52682399749756,-2.382852554321289,1.689305805787092e+18,33.30009187825521,-1.2630393902460737,9.488601366678871,-2.090909719467163,1.6893058057914143e+18,33.304414469401046,1.872251073519389,3.0970358848571777,-3.3917783896128335,1.6893058057914143e+18,33.304414469401046,1.8712329069773357,3.1017701625823975,-3.389436721801758,,,,,,,,,,,,1.689305805787175e+18,33.300174658203126,-0.4904400140047072,-50.58607940673828,-3.738079833984375,1.689305805787175e+18,33.300174658203126,-268.7806335449219,42.304718780517575,-146.53907470703126,1.6893058057870917e+18,33.30009167480469,-0.3803356289863586,-0.2910759001970291,0.6929803788661957,0.538486659526825,2.112643003463745,-1.3174236416816711,-0.0305796861648559
3.35,1.6893058058303434e+18,33.343343424479166,-1.769150336583455,-1.3371305465698242,-0.9846340417861938,1.689305805838992e+18,33.35199210611979,-1.4207384785016377,8.314061800638834,-1.6795620918273926,1.689305805838992e+18,33.35199210611979,0.4089542925357818,9.750662167867024,-0.7026548435290655,1.6893058058433216e+18,33.35632153320312,3.2866076628367105,3.6487489541371665,-4.2158355712890625,1.6893058058433216e+18,33.35632153320312,3.2855387528737388,3.653483231862386,-4.213493982950847,,,,,,,,,,,,1.689305805837178e+18,33.350177978515624,-11.563159942626951,-48.17535934448242,-8.249639892578125,1.689305805837178e+18,33.350177978515624,-279.8533569335938,44.71543884277344,-151.0506378173828,1.6893058058303434e+18,33.343343424479166,-0.3182075321674347,-0.2532216558853785,0.6565126975377401,0.633631189664205,1.3143323461214702,-1.4540304740269978,2.1482879718144736
3.4,1.6893058058822484e+18,33.39524853515625,-1.266845703125,-1.258638064066569,-0.7278238634268442,1.689305805890891e+18,33.40389127604167,1.3088739514350891,8.516255378723145,0.0181455711523691,1.689305805890891e+18,33.40389127604167,2.316827098528544,9.49879233042399,0.6098211507002512,1.6893058058865736e+18,33.39957360839844,2.599918842315674,2.340301036834717,-3.508199095726013,1.6893058058865736e+18,33.39957360839844,2.598849892616272,2.3450353145599365,-3.505832076072693,,,,,,,,,,,,1.689305805887178e+18,33.40017797851563,-23.572839736938477,-42.575558471679685,-12.748999786376952,1.689305805887178e+18,33.40017797851563,-291.8630310058594,50.31523971557617,-155.54999389648438,1.6893058058822484e+18,33.39524853515625,-0.235594222942988,-0.2195069740215937,0.5895543297131857,0.7399576107660929,-0.1945109876493612,-1.3551973501841228,0.4649947683016459
3.45,1.689305805934151e+18,33.44715063476562,-0.352165142695109,-0.7636849085489908,-0.0973087946573893,1.6893058059428012e+18,33.45580102539063,3.475973685582479,8.096115589141846,1.2344970901807149,1.6893058059428012e+18,33.45580102539063,3.6670191287994385,9.023148854573568,1.1096364657084148,1.6893058059298263e+18,33.442826497395835,1.2446888089179993,1.2390892505645752,-2.522415320078532,1.6893058059298263e+18,33.442826497395835,1.2436198393503826,1.24382346868515,-2.520124594370524,1.6893058059125253e+18,33.425525390625,0.0,0.0,0.9579108953475952,7.927000045776367,0.0116066122427582,0.0,40.900001525878906,-122.753143,49.1904008,1.6893058059371758e+18,33.450175732421876,-30.46339988708496,-37.556478881835936,-14.410639762878418,1.6893058059371758e+18,33.450175732421876,-298.75359497070315,55.33431854248047,-157.21163635253907,1.689305805934151e+18,33.44715063476562,-0.1932751983404158,-0.196975419918696,0.5332489808400472,0.799416204293569,-0.2983897626399994,-1.1920109589894614,0.271291434764862
3.5,1.6893058059860534e+18,33.499053385416666,1.220988114674886,-0.1420523325602213,0.4678320487340291,1.6893058059947003e+18,33.507700439453124,6.113462448120117,8.487142562866211,1.6568302710851033,1.6893058059947003e+18,33.507700439453124,4.642502943674724,8.570899645487467,1.088488558928172,1.6893058059817298e+18,33.49472981770833,0.1204931711157163,0.7431175708770752,-1.8491909503936768,1.6893058059817298e+18,33.49472981770833,0.1194241493940353,0.7478517889976501,-1.8468493223190308,,,,,,,,,,,,1.689305805987178e+18,33.500178125000005,-36.35111846923828,-33.29868011474609,-14.115399742126463,1.689305805987178e+18,33.500178125000005,-304.6413146972656,59.59211959838867,-156.91639709472656,1.6893058059860534e+18,33.499053385416666,-0.1818170597155888,-0.1753418296575546,0.4877857367197671,0.835533599058787,-0.2457300424575805,-1.0737070242563884,0.2814784149328867
3.55,1.6893058060379533e+18,33.550952962239585,1.9452489217122395,-0.6448745727539062,-0.1184587975343068,1.6893058060379502e+18,33.550950195312495,6.768397808074951,7.839186191558838,0.5300102308392525,1.6893058060379502e+18,33.550950195312495,4.847398519515991,8.502172470092773,0.6627083718776703,1.6893058060336315e+18,33.54663151041667,-1.1415543953577678,0.4536183476448059,-0.0302887335419655,1.6893058060336315e+18,33.54663151041667,-1.142623444398244,0.458352563281854,-0.0279470793902874,,,,,,,,,,,,1.689305806037177e+18,33.55017724609375,-38.42267761230469,-31.968878936767577,-11.560719680786132,1.689305806037177e+18,33.55017724609375,-306.71287841796874,60.92191848754883,-154.36171875,1.6893058060379533e+18,33.550952962239585,-0.1931134363015492,-0.1498640080293019,0.4805807371934254,0.8421344955762228,-0.1343008975187937,-1.0495992104212444,0.3731189767519633
3.6,1.689305806089862e+18,33.60286165364584,2.211134433746338,-1.198116461435954,0.1746620088815689,1.689305806081209e+18,33.594209147135416,6.785048007965088,7.499704360961914,0.0995015383232384,1.689305806081209e+18,33.594209147135416,4.584381580352783,8.666424115498861,-0.0469090944776932,1.6893058060855368e+18,33.59853670247396,-2.7103072802225747,-0.7796676754951477,1.3638075590133667,1.6893058060855368e+18,33.59853670247396,-2.711325486501058,-0.7749334822098413,1.3662001689275105,,,,,,,,,,,,1.689305806087175e+18,33.600174902343745,-36.709798431396486,-34.423519134521484,-8.703479766845703,1.689305806087175e+18,33.600174902343745,-305.0,58.467279052734376,-151.50447998046874,1.689305806089862e+18,33.60286165364584,-0.2407858322064081,-0.1341406951347986,0.5038000047206879,0.8182582060496012,0.0543496788789828,-1.0950238704681396,0.60695880651474
3.65,1.689305806141767e+18,33.65476684570313,2.419135252634684,-3.5232812563578286,0.1251428922017415,1.6893058061331116e+18,33.646111246744795,5.755735397338867,5.820541063944499,-1.3926227291425068,1.6893058061331116e+18,33.646111246744795,3.5286784966786704,9.017298698425291,-1.441592276096344,1.689305806137435e+18,33.65043473307292,-4.507931073506673,-2.189595619837443,3.5148677825927734,1.689305806137435e+18,33.65043473307292,-4.509000142415364,-2.184861342112223,3.5172093709309897,,,,,,,,,,,,1.689305806137176e+18,33.650175927734374,-30.68299980163574,-40.48447952270508,-4.575,1.689305806137176e+18,33.650175927734374,-298.97319946289065,52.40631942749023,-147.3759979248047,1.689305806141767e+18,33.65476684570313,-0.3384433587392171,-0.1369423766930897,0.5600846211115519,0.742277979850769,0.4930388033390045,-1.1768133640289309,1.1929467121760051
3.7,1.6893058061936653e+18,33.70666552734375,2.7623116175333657,-3.8980302810668945,1.5388135115305583,1.6893058061850143e+18,33.69801440429688,4.769094944000244,5.138187726338704,-1.6149558623631797,1.6893058061850143e+18,33.69801440429688,1.7593202392260234,9.010641733805338,-3.3543373743693032,1.6893058061893384e+18,33.702338460286455,-4.5089999834696455,-0.4495968321959178,4.991023540496826,1.6893058061893384e+18,33.702338460286455,-4.510018030802409,-0.4448117017745971,4.99341615041097,,,,,,,,,,,,1.6893058061871816e+18,33.70018178710937,-20.5935998916626,-46.496638488769534,2.9792399764060975,1.6893058061871816e+18,33.70018178710937,-288.8837951660156,46.39415817260742,-139.8217529296875,1.6893058061936653e+18,33.70666552734375,-0.423165718714396,-0.1336460510889688,0.6415672103563944,0.6237590710322062,1.2010680834452312,-1.1476349035898843,2.030239383379618
3.75,1.6893058062369134e+18,33.749913452148434,-0.8606457114219666,-0.9162116050720216,-0.0362665653228759,1.6893058062369175e+18,33.749917480468746,-1.850848396619161,7.355935732523601,-5.067200819651286,1.6893058062369175e+18,33.749917480468746,-0.9798130635172128,8.285226345062256,-5.080371697743733,1.6893058062412444e+18,33.75424462890626,-2.8043805758158364,0.9627236127853394,6.001496473948161,1.6893058062412444e+18,33.75424462890626,-2.8054495652516684,0.9674578507741292,6.003838221232097,,,,,,,,,,,,1.6893058062371825e+18,33.750182324218756,-5.558319854736328,-49.34411849975586,12.33907985687256,1.6893058062371825e+18,33.750182324218756,-273.8485107421875,43.546678161621095,-130.46192016601563,1.6893058062369134e+18,33.749913452148434,-0.4435652345418929,-0.1268585324287414,0.7312368750572205,0.5015376657247543,1.759667694568634,-1.007763296365738,2.6264454126358032
3.8,1.6893058062801708e+18,33.79317065429688,-4.0019850730896,1.4556387265523274,-0.3095688819885253,1.6893058062888154e+18,33.8018154296875,-6.839484691619873,8.438089688618978,-6.106283982594808,1.6893058062888154e+18,33.8018154296875,-2.9931093056996665,7.2765757242838545,-5.844430764516194,1.689305806293148e+18,33.80614794921875,-1.6410894791285198,0.2499457001686096,2.740494211514791,1.689305806293148e+18,33.80614794921875,-1.6421585083007812,0.2547308007876078,2.742784937222799,,,,,,,,,,,,1.68930580628718e+18,33.80017998046875,7.283399868011474,-48.47303848266601,17.355719566345215,1.68930580628718e+18,33.80017998046875,-261.0067993164063,44.41775894165039,-125.44527740478516,1.6893058062801708e+18,33.79317065429688,-0.438715527455012,-0.1321561038494109,0.7901687026023865,0.4062587221463521,2.0201473236083984,-0.8603657682736715,2.9105960528055825
3.85,1.68930580633207e+18,33.84506990559896,-2.702087958653768,-0.1140233675638833,-0.8700586954752604,1.6893058063407245e+18,33.85372452799479,-6.3038913408915205,6.411568323771159,-7.327421188354492,1.6893058063407245e+18,33.85372452799479,-3.7505757808685303,6.525339444478353,-6.287929852803548,1.6893058063364004e+18,33.84940051269531,-1.1175016164779663,0.2379320189356804,1.4660765528678894,1.6893058063364004e+18,33.84940051269531,-1.118570655584335,0.2426662147045135,1.468367338180542,,,,,,,,,,,,1.689305806337176e+18,33.85017607421875,12.270759582519531,-46.41367950439453,20.495999908447267,1.689305806337176e+18,33.85017607421875,-256.01943054199216,46.47711944580078,-122.30499725341797,1.68930580633207e+18,33.84506990559896,-0.4403613209724426,-0.1238385910789171,0.8191680312156677,0.3457335631052653,2.1008620262145996,-0.7417318820953369,3.002938667933146
3.9,1.6893058063839775e+18,33.89697778320312,-2.539867401123047,1.1205002466837566,-1.818701108296712,1.6893058063926277e+18,33.905627441406246,-6.5551377932230634,7.485147953033447,-8.140183130900065,1.6893058063926277e+18,33.905627441406246,-4.014149745305379,6.264089107513428,-6.393906116485596,1.6893058063796529e+18,33.89265283203125,-0.156636024514834,0.0240782724382976,0.5054400811592737,1.6893058063796529e+18,33.89265283203125,-0.1577050387859344,0.0288124773651361,0.5078835226595402,,,,,,,,,,,,1.6893058063871775e+18,33.900177587890624,14.69611988067627,-45.35959930419922,21.6452392578125,1.6893058063871775e+18,33.900177587890624,-253.59407653808591,47.5311996459961,-121.15575714111328,1.6893058063839775e+18,33.89697778320312,-0.4399966895580292,-0.1222021455566088,0.8303039272626241,0.319466878970464,2.130287488301595,-0.6919565995534261,3.039851188659668
3.95,1.6893058064358715e+18,33.94887117513021,-1.8633304437001543,0.5940284729003906,-0.9967281023661296,1.6893058064445284e+18,33.9575283203125,-5.2221360206604,7.276174863179524,-6.988437970479329,1.6893058064445284e+18,33.9575283203125,-3.631349563598633,6.644774754842122,-6.231190999348958,1.6893058064315515e+18,33.94455135091146,0.6404412984848022,-0.1668680235743521,-1.3511321147282918,1.6893058064315515e+18,33.94455135091146,0.6393722891807556,-0.1620829105377197,-1.3487395246823628,1.6893058064315423e+18,33.94454248046875,0.0,0.0,0.9633254408836364,7.894999980926514,0.0111793717369437,0.0,40.900001525878906,-122.7531435,49.1904017,1.689305806437178e+18,33.95017807617187,13.107679748535157,-46.286799621582034,21.12795944213867,1.689305806437178e+18,33.95017807617187,-255.18251342773436,46.604000091552734,-121.67303771972657,1.6893058064358715e+18,33.94887117513021,-0.4411281148592631,-0.1253062884012857,0.8213722705841064,0.3389625648657481,2.10740327835083,-0.7307204802831014,3.0156834920247397
4.0,1.6893058064877832e+18,34.000783121744796,-1.9038810729980469,2.13738218943278,-0.589234987894694,1.6893058064877832e+18,34.00078308105469,-4.752145767211914,9.58325481414795,-6.245566129684448,1.6893058064877832e+18,34.00078308105469,-2.9998083114624023,7.34289288520813,-5.765146255493164,1.68930580648346e+18,33.99646028645833,1.955786943435669,0.2887356479962666,-2.525724172592163,1.68930580648346e+18,33.99646028645833,1.9547687371571856,0.2935207436482112,-2.523331642150879,,,,,,,,,,,,1.689305806487176e+18,34.00017602539062,8.308199882507324,-47.89475860595703,18.536679458618163,1.689305806487176e+18,34.00017602539062,-259.98198852539065,44.996038818359374,-124.26431884765626,1.6893058064877832e+18,34.000783121744796,-0.4332875808080037,-0.1316459129254022,0.7966422637303671,0.3995412389437358,2.0492668946584067,-0.8496650457382202,2.9318365255991616
4.05,1.689305806539686e+18,34.05268603515625,-3.0027286211649575,-1.140630880991618,0.0510327021280924,1.689305806531035e+18,34.04403466796875,-4.791826804478963,8.221938292185465,-4.820939381917317,1.689305806531035e+18,34.04403466796875,-1.7362465659777324,8.429985046386719,-4.632100423177083,1.6893058065353595e+18,34.04835953776042,3.627928654352824,-0.020311277359724,-5.112229506174724,1.6893058065353595e+18,34.04835953776042,3.62691060702006,-0.0155770629644393,-5.109786033630371,,,,,,,,,,,,1.6893058065371807e+18,34.050180859375004,-0.6758800476789475,-49.95655899047851,11.74859962463379,1.6893058065371807e+18,34.050180859375004,-268.96608276367186,42.9342399597168,-131.05239715576172,1.689305806539686e+18,34.05268603515625,-0.404843936363856,-0.1488406807184219,0.7383837103843689,0.5161768098672231,1.850852092107137,-1.082323133945465,2.6821990807851157
4.1,1.6893058065915917e+18,34.10459155273438,-2.255155563354492,-3.552922566731771,-0.1805442174275716,1.6893058065829396e+18,34.095939453125,-1.0807582636674244,5.675177256266276,-2.62592347462972,1.6893058065829396e+18,34.095939453125,1.1917040546735127,9.275808652242024,-2.771684805552165,1.689305806587265e+18,34.10026505533855,4.257730642954509,-0.2450078725814819,-6.566801389058431,1.689305806587265e+18,34.10026505533855,4.256661732991536,-0.2402736569444338,-6.564459641774495,,,,,,,,,,,,1.6893058065871782e+18,34.100178125,-16.555399894714355,-48.07775955200195,1.7006800293922424,1.6893058065871782e+18,34.100178125,-284.84559936523436,44.81304016113281,-141.1003173828125,1.6893058065915917e+18,34.10459155273438,-0.3741667171319325,-0.1624291092157363,0.620369017124176,0.6676933566729227,0.9592427611351012,-1.244505286216736,1.7486919562021892
4.15,1.689305806643492e+18,34.1564921875,-1.117150863011678,-1.95658540725708,-0.0125472545623779,1.6893058066348362e+18,34.14783642578125,2.5070798794428506,6.7551376024882,-1.282154103120168,1.6893058066348362e+18,34.14783642578125,3.9427104791005454,8.891294161478678,-1.057139217853546,1.689305806639165e+18,34.152164713541666,2.640566825866699,0.0191404419407869,-4.826955477396647,1.689305806639165e+18,34.152164713541666,2.6395486990610757,0.0238746508645514,-4.824613889058431,,,,,,,,,,,,1.689305806637176e+18,34.150176123046876,-32.176279067993164,-38.70327987670898,-7.346839809417725,1.689305806637176e+18,34.150176123046876,-300.4664733886719,54.18751907348633,-150.14783630371093,1.689305806643492e+18,34.1564921875,-0.3351203203201294,-0.1604333221912384,0.504336545864741,0.7786937355995178,0.2093480105201403,-1.1044526100158691,0.946458081404368
4.2,1.689305806686745e+18,34.199744873046875,0.841264009475708,-1.7998521327972412,0.7386564612388611,1.6893058066867446e+18,34.19974479166667,6.446463584899902,6.327620029449463,0.3172484040260315,1.6893058066867446e+18,34.19974479166667,5.683755238850911,7.975781758626302,-0.3508615990479787,1.6893058066910712e+18,34.20407145182292,0.6580546100934347,0.2355903691301743,-3.1103222370147705,1.6893058066910712e+18,34.20407145182292,0.6569855796794096,0.2403754654030005,-3.107980569203695,,,,,,,,,,,,1.6893058066871772e+18,34.20017705078125,-39.95743942260742,-30.56343879699707,-10.279719924926756,1.6893058066871772e+18,34.20017705078125,-308.2476379394531,62.32735824584961,-153.08071594238282,1.689305806686745e+18,34.199744873046875,-0.3223624378442764,-0.1483802646398543,0.4323739260435104,0.8288049101829529,0.0567857604473829,-0.948455572128296,0.7712489664554596
4.25,1.6893058067299973e+18,34.24299731445313,2.055227756500244,-0.8407756487528483,0.0526597003142038,1.6893058067386478e+18,34.251647786458335,8.763114929199219,6.328617095947266,-0.4849453866481781,1.6893058067386478e+18,34.251647786458335,6.520349820454915,7.29821268717448,-0.6333205501238505,1.6893058067429745e+18,34.25597444661458,-1.2821552554766338,0.4702644348144531,-1.043816010157267,1.6893058067429745e+18,34.25597444661458,-1.2832242647806804,0.4749986231327057,-1.0414234300454457,,,,,,,,,,,,1.689305806737177e+18,34.25017749023438,-43.41004028320312,-26.229999160766603,-8.984079837799072,1.689305806737177e+18,34.25017749023438,-311.7002258300781,66.66079864501953,-151.7850799560547,1.6893058067299973e+18,34.24299731445313,-0.3295692006746928,-0.1217440788944562,0.3956916729609172,0.8484230637550354,0.08179347589612,-0.8506472110748291,0.7777711749076843
4.3,1.6893058067818967e+18,34.29489680989584,2.8776698112487793,-1.2656869888305664,1.772616982460022,1.6893058067905508e+18,34.30355078125,9.38544782002767,5.931807359059651,0.6901299357414246,1.6893058067905508e+18,34.30355078125,6.42233419418335,7.257827917734782,-1.4748483101526897,1.6893058067862267e+18,34.299226806640625,-2.7617217302322388,-0.1640936732292175,1.26548370718956,1.6893058067862267e+18,34.299226806640625,-2.76279079914093,-0.1593594700098037,1.2678508162498474,,,,,,,,,,,,1.689305806787178e+18,34.30017797851563,-43.790679168701175,-27.210879135131837,-5.970679855346679,1.689305806787178e+18,34.30017797851563,-312.08087768554685,65.67991943359375,-148.7716796875,1.6893058067818967e+18,34.29489680989584,-0.3693856994311015,-0.096789630750815,0.3976624210675557,0.8340137600898743,0.1972598781188328,-0.8250129421552023,0.9208733836809794
4.35,1.6893058068337984e+18,34.34679842122396,2.3524996439615884,-4.470754305521647,1.5633821884791057,1.689305806842453e+18,34.355453125000004,7.013363043467204,2.3184457222620645,-1.7730815609296162,1.689305806842453e+18,34.355453125000004,4.936614354451497,7.797196547190349,-3.1998163064320884,1.6893058068294792e+18,34.342479166666664,-5.546961784362793,-0.9167560140291848,4.801757256189982,1.6893058068294792e+18,34.342479166666664,-5.548030853271484,-0.912021815776825,4.804098844528198,,,,,,,,,,,,1.6893058068371753e+18,34.35017524414063,-37.27587966918945,-35.23847961425781,-0.7051599502563477,1.6893058068371753e+18,34.35017524414063,-305.5660766601562,57.65231857299805,-143.50615539550782,1.6893058068337984e+18,34.34679842122396,-0.4586261610190074,-0.0975120216608046,0.4692896405855815,0.7459522287050883,0.4938892324765523,-0.9070799350738524,1.352026144663493
4.4,1.6893058068857065e+18,34.39870646158854,1.253184954325358,-4.310784498850505,0.0568665663401285,1.6893058068943572e+18,34.40735734049479,3.8707894484202066,5.69651319583257,-5.654239813486735,1.6893058068943572e+18,34.40735734049479,2.721744457880656,7.61581548055013,-5.509865442911784,1.689305806881381e+18,34.39438102213541,-6.269920825958252,-1.723759929339091,6.657514890034993,1.689305806881381e+18,34.39438102213541,-6.270989894866943,-1.719025691350301,6.65985647837321,,,,,,,,,,,,1.689305806887176e+18,34.400175927734374,-23.94859962463379,-44.259159088134766,10.355359840393067,1.689305806887176e+18,34.400175927734374,-292.2387939453125,48.63163833618164,-132.4456359863281,1.6893058068857065e+18,34.39870646158854,-0.5772470633188883,-0.1176153247555096,0.5741116007169088,0.5652322173118591,1.037040114402771,-0.8998260498046875,2.1326074600219727
4.45,1.6893058069376097e+18,34.45060953776042,-1.019723415374756,3.662096818288167,-0.0267351468404134,1.6893058069376102e+18,34.4506103515625,0.0562313348054885,11.096415996551514,-5.951548099517822,1.6893058069376102e+18,34.4506103515625,1.3662896156311035,7.368161678314209,-6.326454162597656,1.6893058069332828e+18,34.446282796223954,-1.9688696066538496,0.5164865752061208,3.0360511938730874,1.6893058069332828e+18,34.446282796223954,-1.9698876937230427,0.5213225682576498,3.0383928219477334,1.6893058069505864e+18,34.46358642578125,0.0,0.0,0.9633254408836364,7.909999847412109,0.0102244252339005,0.0,40.900001525878906,-122.7531435,49.1904025,1.689305806937176e+18,34.450176025390626,-12.64407958984375,-47.113958740234374,16.96531982421875,1.689305806937176e+18,34.450176025390626,-280.93427734375,45.77683944702149,-125.83567810058594,1.6893058069376097e+18,34.45060953776042,-0.609373927116394,-0.1473506043354669,0.6379059354464213,0.4467457632223765,1.3527287244796753,-0.8469424247741699,2.5710339546203613
4.5,1.6893058069895127e+18,34.50251253255208,-3.649717728296915,0.969722112019857,-5.0622579256693525,1.6893058069808591e+18,34.49385945638021,-2.1980069478352866,7.167700370152791,-13.05204995473226,1.6893058069808591e+18,34.49385945638021,0.6119090418020884,7.125990549723308,-6.710787137349446,1.6893058069851886e+18,34.49818863932292,-0.2818633976082007,1.7572557131449382,0.2114102725560466,1.6893058069851886e+18,34.49818863932292,-0.2829324081540108,1.7620408336321514,0.2138028321787715,,,,,,,,,,,,1.6893058069871775e+18,34.500177294921876,-8.378959655761719,-46.82847900390625,20.420359802246093,1.6893058069871775e+18,34.500177294921876,-276.6691528320313,46.06231918334961,-122.3806396484375,1.6893058069895127e+18,34.50251253255208,-0.5865542491277059,-0.1264817217985788,0.6769046982129415,0.4261912604173024,1.4958659013112383,-0.8116451501846313,2.6435274283091226
4.55,1.689305807041416e+18,34.55441593424479,-1.4606378475824993,-0.8233904838562012,-0.1819758415222168,1.6893058070327616e+18,34.54576155598958,-1.3371890584627788,5.752943833669026,-7.17368221282959,1.6893058070327616e+18,34.54576155598958,0.3545375068982442,7.024969577789307,-6.838095664978027,1.6893058070370885e+18,34.55008821614584,-0.1444187276065349,0.0487165059894323,-0.198174866537253,1.6893058070370885e+18,34.55008821614584,-0.1454368314395348,0.0534507073462009,-0.1957314039270082,,,,,,,,,,,,1.6893058070371804e+18,34.550180273437505,-7.925119781494141,-46.6991584777832,20.971799468994146,1.6893058070371804e+18,34.550180273437505,-276.21531982421874,46.19163818359375,-121.82919769287108,1.689305807041416e+18,34.55441593424479,-0.5810337066650391,-0.1146253024538357,0.6843276222546896,0.4253888527552287,1.5176574389139812,-0.7972148855527242,2.637557427088419
4.6,1.6893058070933184e+18,34.606318277994795,-0.984129230181376,1.0326765378316245,0.0884087880452473,1.6893058070846656e+18,34.59766560872396,-0.4957131048043569,7.886943022410075,-6.523432890574138,1.6893058070846656e+18,34.59766560872396,0.4350075523058573,7.086354891459147,-6.769265492757161,1.689305807088989e+18,34.60198885091146,0.5470807452996572,0.049581897445023,-0.4445571849743525,1.689305807088989e+18,34.60198885091146,0.546011726061503,0.0543670039623975,-0.4422664393981297,,,,,,,,,,,,1.6893058070871752e+18,34.600175,-8.176439762115479,-46.76259994506836,20.69851951599121,1.6893058070871752e+18,34.600175,-276.4666381835938,46.12819900512695,-122.10247650146484,1.6893058070933184e+18,34.606318277994795,-0.5788102348645529,-0.1167923683921495,0.6802980701128641,0.434151957432429,1.5021812518437705,-0.8123645782470703,2.618191957473755
4.65,1.6893058071365716e+18,34.649571655273434,-1.1230022311210632,1.6491222381591797,-1.2836997509002686,1.689305807136566e+18,34.649565755208336,-0.4293122589588165,9.00738207499186,-7.600601673126221,1.689305807136566e+18,34.649565755208336,0.7347394029299418,7.402032375335693,-6.39068078994751,1.6893058071408978e+18,34.65389762369792,1.7072156270345051,0.5328781207402548,-1.8526015679041543,1.6893058071408978e+18,34.65389762369792,1.7061465978622437,0.5376123189926147,-1.8502090374628704,,,,,,,,,,,,1.6893058071371812e+18,34.65018100585938,-10.184560012817382,-46.82359924316406,19.068599700927734,1.6893058071371812e+18,34.65018100585938,-278.474755859375,46.06719970703125,-123.7323974609375,1.6893058071365716e+18,34.649571655273434,-0.5659164190292358,-0.1139000542461871,0.6709572076797485,0.4652568995952606,1.458338499069214,-0.853001743555069,2.5367276668548584
4.7,1.689305807179824e+18,34.692823974609375,-1.8012444972991943,0.7420307795206705,-2.4020816485087075,1.6893058071884708e+18,34.70147078450521,0.0117647151152292,8.019943873087565,-7.567102114359538,1.6893058071884708e+18,34.70147078450521,1.805062770843506,8.068082809448242,-5.234967390696208,1.6893058071928e+18,34.705799967447916,3.6666168371836343,-1.1085676836470764,-3.503770351409912,1.6893058071928e+18,34.705799967447916,3.6655478477478023,-1.1038334692517917,-3.501377820968628,,,,,,,,,,,,1.689305807187174e+18,34.700173779296875,-16.260160064697267,-46.7211196899414,13.366319847106933,1.689305807187174e+18,34.700173779296875,-284.55035400390625,46.16967926025391,-129.43467559814454,1.689305807179824e+18,34.692823974609375,-0.5403801401456197,-0.1206401387850443,0.6379047433535258,0.5341609716415405,1.294279972712199,-0.9463929136594136,2.321357488632202
4.75,1.6893058072317243e+18,34.74472444661458,-0.8021450440088908,-2.1522132555643716,0.1799327532450358,1.6893058072403766e+18,34.753376708984376,3.4340993563334146,6.040481408437093,-2.6524438858032227,1.6893058072403766e+18,34.753376708984376,3.9100685914357505,8.332152684529623,-3.294318199157715,1.6893058072447014e+18,34.75770133463542,3.8177550633748374,-2.1294761896133423,-4.032576084136963,1.6893058072447014e+18,34.75770133463542,3.8167370160420737,-2.124742110570272,-4.030234495798747,,,,,,,,,,,,1.689305807237178e+18,34.75017822265625,-26.51791915893555,-43.43687973022461,2.8450398325920103,1.689305807237178e+18,34.75017822265625,-294.80811767578126,49.4539192199707,-139.95595703125,1.6893058072317243e+18,34.74472444661458,-0.5228970050811768,-0.1536852121353149,0.5424953699111938,0.6378102501233419,0.7979804873466492,-1.0177715222040813,1.8389821847279864
4.8,1.68930580728363e+18,34.7966298828125,-0.2716217041015624,-1.9127718607584636,1.4728018442789714,1.6893058072922806e+18,34.805280517578126,5.504090309143066,6.142973899841309,0.1712862054506937,1.6893058072922806e+18,34.805280517578126,5.675314744313558,7.844872792561849,-1.4751094579696655,1.6893058072879562e+18,34.800956176757815,2.8357129096984863,-1.4550046920776367,-3.3011921644210815,1.6893058072879562e+18,34.800956176757815,2.834643840789795,-1.450270414352417,-3.2989014387130737,,,,,,,,,,,,1.689305807287178e+18,34.80017788085938,-34.970079803466795,-36.12419891357422,-8.352119636535644,1.689305807287178e+18,34.80017788085938,-303.26026611328126,56.766598510742185,-151.1531188964844,1.68930580728363e+18,34.7966298828125,-0.5015231370925903,-0.1805380384127298,0.4351972341537475,0.7248649398485819,0.309698020418485,-0.9465840260187784,1.3727469046910603
4.85,1.6893058073355292e+18,34.84852913411458,0.5258445739746093,-1.148609479268392,1.9354097843170168,1.6893058073441843e+18,34.85718424479166,7.189235687255859,6.131608009338379,0.968893736600876,1.6893058073441843e+18,34.85718424479166,6.495744864145915,7.300602277119954,-0.8534908095995585,1.6893058073312049e+18,34.84420483398438,0.2503020415703455,-0.7997753222783407,-1.5624406139055889,1.6893058073312049e+18,34.84420483398438,0.2492839147647222,-0.7950411240259806,-1.5601498285929365,,,,,,,,,,,,1.689305807337173e+18,34.850172851562505,-38.4861198425293,-31.412559509277344,-12.407400131225586,1.689305807337173e+18,34.850172851562505,-306.776318359375,61.47823944091797,-155.20839233398436,1.6893058073355292e+18,34.84852913411458,-0.5001005828380585,-0.185989831884702,0.3708341022332509,0.7600612044334412,0.1337712009747823,-0.847773551940918,1.224433700243632
4.9,1.6893058073874363e+18,34.900436360677084,0.7704121271769205,-1.0097726186116536,0.1694430311520894,1.6893058073874363e+18,34.900436279296876,7.346264600753784,6.1262242794036865,-0.923330456018448,1.6893058073874363e+18,34.900436279296876,6.4882652759552,7.286378383636475,-1.021675556898117,1.6893058073831163e+18,34.896116373697915,-0.241189956665039,0.4024074772993724,0.3808744847774505,1.6893058073831163e+18,34.896116373697915,-0.2422080636024475,0.4071416830023129,0.383216122786204,,,,,,,,,,,,1.6893058073871795e+18,34.90017958984375,-39.08391952514648,-31.585799407958984,-11.514359474182127,1.6893058073871795e+18,34.90017958984375,-307.3741088867188,61.304998779296874,-154.3153533935547,1.6893058073874363e+18,34.900436360677084,-0.508337159951528,-0.1803548634052276,0.3698319991429646,0.7564780314763387,0.1547270566225051,-0.8374239404996237,1.252342740694682
4.95,1.6893058074393398e+18,34.95233992513021,0.5153322219848633,0.7711345354715983,0.0559891462326049,1.6893058074306885e+18,34.9436884765625,6.898507754007976,8.008976777394613,-0.955533842245738,1.6893058074306885e+18,34.9436884765625,6.357036749521892,7.392846902211507,-1.0811421473821003,1.6893058074350144e+18,34.948014485677085,0.3643302097916603,0.6326527794202169,0.1491529246171315,1.6893058074350144e+18,34.948014485677085,0.3633121028542518,0.6373869876066843,0.151494580010573,,,,,,,,,,,,1.6893058074371794e+18,34.950179150390625,-38.64471969604492,-31.82491874694824,-11.011719512939452,1.6893058074371794e+18,34.950179150390625,-306.93491821289064,61.06587829589843,-153.81271667480468,1.6893058074393398e+18,34.95233992513021,-0.4938084681828816,-0.1746619542439778,0.3822958370049794,0.7612335284550985,0.170958936214447,-0.8549698789914449,1.2289523283640544
5.0,1.6893058074912422e+18,35.004242187500004,0.0974801381429036,0.002391497294108,-0.2302923599878946,1.6893058074825915e+18,34.99559171549479,6.454838593800862,7.6356964111328125,-1.3246267239252727,1.6893058074825915e+18,34.99559171549479,6.278799057006836,7.441971937815349,-1.1950279474258425,1.6893058074869166e+18,34.99991666666667,-0.0279979904492695,0.235132207473119,0.1851939807335535,1.6893058074869166e+18,34.99991666666667,-0.029016097386678,0.2399173279603321,0.1875865360101063,,,,,,,,,,,,1.689305807487182e+18,35.00018198242187,-39.17175903320312,-32.244599151611325,-10.155279922485352,1.689305807487182e+18,35.00018198242187,-307.4619506835937,60.64619827270508,-152.9562774658203,1.6893058074912422e+18,35.004242187500004,-0.4893091221650441,-0.1696302046378453,0.3897665441036224,0.7614986896514893,0.1904110461473465,-0.8627270857493082,1.230109969774882
5.05,1.6893058075431452e+18,35.056145182291665,0.1997330983479817,-0.2452438672383626,0.3412494262059529,1.689305807534499e+18,35.04749934895833,6.4002024332682295,7.2243302663167315,-0.8418747584025065,1.689305807534499e+18,35.04749934895833,6.1930592854817705,7.514062245686849,-1.191451629002889,1.6893058075388152e+18,35.05181518554688,0.2990185370047887,0.3040581792593002,0.2281072586774825,1.6893058075388152e+18,35.05181518554688,0.2980513324340184,0.308792382478714,0.2303980042537053,,,,,,,,,,,,1.6893058075371784e+18,35.050178369140625,-38.21527938842773,-32.43491897583008,-9.87467975616455,1.6893058075371784e+18,35.050178369140625,-306.50547485351564,60.45587921142578,-152.67567749023436,1.6893058075431452e+18,35.056145182291665,-0.4815807243188222,-0.1699777543544768,0.3954893747965495,0.7633877793947855,0.1905383467674255,-0.8750134905179342,1.214916189511617
5.1,1.689305807586398e+18,35.099397949218755,0.0381245613098144,-0.0684049129486083,0.1290320754051208,1.689305807586394e+18,35.099394124348954,6.076971848805745,7.543971697489421,-1.051246742407481,1.689305807586394e+18,35.099394124348954,6.027130285898845,7.63824478785197,-1.2492655913035076,1.6893058075907208e+18,35.103720865885414,0.0422006072476505,0.4097378651301066,0.4803946117560069,1.6893058075907208e+18,35.103720865885414,0.0411315922780582,0.4144720733165741,0.4827362696329753,,,,,,,,,,,,1.6893058075871782e+18,35.10017836914062,-37.949320220947264,-32.63011932373047,-9.59651985168457,1.6893058075871782e+18,35.10017836914062,-306.23952026367186,60.26067886352539,-152.39751892089845,1.689305807586398e+18,35.099397949218755,-0.4739760011434555,-0.1683162078261375,0.405439481139183,0.7633005678653717,0.204397290945053,-0.892280101776123,1.2094095349311829
5.15,1.6893058076296502e+18,35.14265030924479,-0.1244745254516601,-0.0237754185994466,0.0105519692103068,1.6893058076383007e+18,35.15130086263021,5.654040654500325,7.835297584533691,-1.2484551668167114,1.6893058076383007e+18,35.15130086263021,5.801096280415853,7.796985308329265,-1.3360790014266968,1.689305807642627e+18,35.155627685546875,0.1948660165071486,0.4417064785957336,0.4487314224243164,1.689305807642627e+18,35.155627685546875,0.1938479095697402,0.4464406867822011,0.4510221680005391,,,,,,,,,,,,1.689305807637177e+18,35.15017734375,-37.5515998840332,-33.69884033203125,-8.742519950866699,1.689305807637177e+18,35.15017734375,-305.8417907714844,59.19195938110352,-151.54351501464845,1.6893058076296502e+18,35.14265030924479,-0.4673450986544291,-0.1675186057885487,0.4175925056139628,0.760999341805776,0.2236639261245727,-0.9143611788749696,1.211867133776347
5.2,1.6893058076815457e+18,35.19454549153645,-0.4517663319905599,0.4103658994038899,0.0005644559860229,1.6893058076815534e+18,35.19455322265625,5.226522922515869,8.336294651031494,-1.3253246545791626,1.689305807690204e+18,35.20320369466146,5.632150808970134,7.910964171091716,-1.3892388343811035,1.6893058076772265e+18,35.1902265625,0.1107193231582641,0.3622430860996246,0.2991712391376495,1.6893058076858783e+18,35.19887854003906,0.0615446744486689,0.2998584806919098,0.267482616007328,,,,,,,,,,,,1.6893058076871772e+18,35.20017724609375,-37.07335891723633,-34.31127853393555,-8.549759674072266,1.6893058076871772e+18,35.20017724609375,-305.3635559082031,58.57951889038086,-151.3507568359375,1.6893058076815457e+18,35.19454549153645,-0.4579817553361257,-0.1659598499536513,0.4293108880519867,0.7605221271514893,0.2396399428447087,-0.935710350672404,1.205586830774943
5.25,1.6893058077161454e+18,35.2291455078125,-0.512000560760498,0.2904210090637207,-0.1642488241195678,,,,,,1.6893058077248092e+18,35.23780932617188,5.570165634155273,7.951018333435059,-1.4109171628952026,,,,,,,,,,,,,,,,,,,,,,,,,,,,,,,,1.6893058077248018e+18,35.23780187988281,-0.4550061076879501,-0.1655574068427085,0.4347530901432037,0.7593078315258026,0.248997576534748,-0.9456600844860076,1.2075777053833008
