seconds_elapsed_rounded,accelerometer_time,accelerometer_seconds_elapsed,accelerometer_z,accelerometer_y,accelerometer_x,accelerometeruncalibrated_time,accelerometeruncalibrated_seconds_elapsed,accelerometeruncalibrated_z,accelerometeruncalibrated_y,accelerometeruncalibrated_x,gravity_time,gravity_seconds_elapsed,gravity_z,gravity_y,gravity_x,gyroscope_time,gyroscope_seconds_elapsed,gyroscope_z,gyroscope_y,gyroscope_x,gyroscopeuncalibrated_time,gyroscopeuncalibrated_seconds_elapsed,gyroscopeuncalibrated_z,gyroscopeuncalibrated_y,gyroscopeuncalibrated_x,location_time,location_seconds_elapsed,location_altitude,location_speedAccuracy,location_bearingAccuracy,location_latitude,location_altitudeAboveMeanSeaLevel,location_bearing,location_horizontalAccuracy,location_verticalAccuracy,location_longitude,location_speed,magnetometer_time,magnetometer_seconds_elapsed,magnetometer_z,magnetometer_y,magnetometer_x,magnetometeruncalibrated_time,magnetometeruncalibrated_seconds_elapsed,magnetometeruncalibrated_z,magnetometeruncalibrated_y,magnetometeruncalibrated_x,orientation_time,orientation_seconds_elapsed,orientation_yaw,orientation_qx,orientation_qz,orientation_roll,orientation_qw,orientation_qy,orientation_pitch
0.0,1.6907665905034875e+18,30.000487353515627,-0.6615733313763141,20.773957526917457,6.4767986272905755,1.6907665905022354e+18,29.999235351562497,0.0129608154296875,3.115289306640625,0.3978546142578125,1.6907665905034875e+18,30.000487353515627,0.5221110189135,9.591162848948835,-1.8378833461993185,1.6907665905034875e+18,30.000487353515627,4.8044311046600345,-0.471468475461006,1.637022604048252,1.6907665905022354e+18,29.999235351562497,4.7349324226379395,-0.2453323096036911,1.7053307175636292,,,,,,,,,,,,,1.6907665905034875e+18,30.000487353515627,-1.4286537170410156,47.05725860595703,-26.331283569335938,1.6907665905039552e+18,30.000955126953123,36.687109375,70.35159912109376,106.14002380371092,1.6907665905034875e+18,30.000487353515627,0.7459017687549854,-0.1318458573696947,0.6403284791558516,-1.845866724642114,0.2499172926303467,-0.7132232510076829,-1.373851560384806
0.05,1.690766590553597e+18,30.050596874999997,-6.1696228173273795,17.37087973608613,-8.093773659559785,1.690766590552345e+18,30.049344970703125,-0.738031005859375,2.80301513671875,-0.8084197998046875,1.690766590553597e+18,30.050596874999997,-0.5599094630101696,9.67563806935072,0.9424430624877288,1.690766590553597e+18,30.050596874999997,5.797087001800537,-3.425760507583618,4.861435425281525,1.690766590552345e+18,30.049344970703125,5.84204683303833,-4.049244439601898,4.8854455828666685,,,,,,,,,,,,,1.690766590553597e+18,30.050596874999997,-3.1926952362060548,51.475399780273435,-14.899325561523437,1.6907665905559508e+18,30.0529509765625,32.942822265625,74.90266418457031,120.39240112304688,1.690766590553597e+18,30.050596874999997,-1.741536043719598,-0.1607732797918026,0.7178671235158427,0.5142531020199733,0.0990759996502247,-0.6667388812693815,-1.436832331289826
0.1,1.690766590603707e+18,30.100706982421876,21.15080708940923,14.47106804420352,-17.982269992762802,1.690766590602455e+18,30.099454882812505,2.072772216796875,2.210687255859375,-1.4858306884765624,1.690766590603707e+18,30.100706982421876,-1.6778970600305498,9.07734133681178,3.2813626223853225,1.690766590603707e+18,30.100706982421876,2.542692041397095,2.6100707769393923,-0.0366079766303301,1.690766590602455e+18,30.099454882812505,2.628727650642395,2.932114613056183,0.0302781119942664,,,,,,,,,,,,,1.690766590603707e+18,30.100706982421876,-11.942056655883787,52.148248291015626,-1.1715103149414063,1.6907665906027464e+18,30.099746520996092,26.110870361328125,74.92760848999023,132.7352752685547,1.690766590603707e+18,30.100706982421876,-2.517964597578641,-0.2640249764531196,0.7629176486586174,1.0920990058532267,0.0579348663392927,-0.5865725696051064,-1.1839358349158349
0.15,1.6907665906538168e+18,30.15081689453125,-0.3338729412657021,-5.15093852624774,-13.36832190660238,1.690766590652565e+18,30.149564941406247,-0.2281280517578125,0.3134521484375,-0.9925811767578124,1.6907665906538168e+18,30.15081689453125,-1.8039097503139072,8.936022064064144,3.612459260031581,1.6907665906538168e+18,30.15081689453125,-0.608796039223671,-0.5902201533317566,-0.2343372531235218,1.690766590652565e+18,30.149564941406247,-0.5538814067840576,-0.6649342179298401,-0.2172416105866432,,,,,,,,,,,,,1.6907665906538168e+18,30.15081689453125,-12.615317153930665,52.01049346923829,2.4985443115234376,1.6907665906495434e+18,30.146543505859377,25.983670043945313,74.875390625,134.10434265136718,1.6907665906538168e+18,30.15081689453125,-2.4603582817477454,-0.2623146964043009,0.7688088873652413,1.107375098300711,0.0300145481193178,-0.5823797555267498,-1.146358857181437
0.2,1.6907665907039268e+18,30.200926904296875,2.68541081631124,-12.14236486749172,-10.175592734889984,1.690766590702675e+18,30.199675000000003,0.14637451171875,-0.3300750732421875,-0.6696441650390625,1.6907665907039268e+18,30.200926904296875,-1.2005567865248024,9.166013190572858,3.2541651695713396,1.6907665907039268e+18,30.200926904296875,-0.9462995648384094,3.4095056533813475,-1.2762311577796936,1.690766590702675e+18,30.199675000000003,-0.9503722548484802,3.3745823383331297,-1.2662335515022278,,,,,,,,,,,,,1.6907665907039268e+18,30.200926904296875,-10.72264747619629,52.531593322753906,0.7225982666015625,1.6907665907015388e+18,30.19853891601563,28.10210876464844,75.44799194335937,132.30120544433595,1.6907665907039268e+18,30.200926904296875,-2.4197595434880395,-0.2769031237117211,0.7458241195611459,1.221505376234717,0.0669488016928588,-0.6015045754058244,-1.20777188402773
0.25,1.6907665907540365e+18,30.25103662109375,-2.311853156891279,-12.679247054125067,-8.121160088300703,1.6907665907527846e+18,30.24978452148438,-0.2889190673828125,-0.312860107421875,-0.551690673828125,1.6907665907540365e+18,30.25103662109375,-0.3595372187358699,9.431601466354726,2.6331108371359107,1.6907665907540365e+18,30.25103662109375,-2.7733329057693483,1.357334379851818,-0.116690320521593,1.6907665907527846e+18,30.24978452148438,-2.697445774078369,1.452972637116909,-0.157173490524292,,,,,,,,,,,,,1.6907665907540365e+18,30.25103662109375,-8.197018814086913,52.97596893310547,-1.9789581298828125,1.6907665907535337e+18,30.25053383789062,30.4677734375,75.82910461425782,129.25247497558593,1.6907665907540365e+18,30.25103662109375,-2.338907231995635,-0.3049367281591558,0.7076913312903116,1.4352134619805577,0.1306942727621643,-0.623385541489449,-1.296092420359175
0.3,1.690766590804146e+18,30.301145947265628,-2.940434092745781,-7.246176295242906,-5.85398859568119,1.690766590802894e+18,30.299893896484377,-0.4076171875,0.3591278076171875,-0.5706512451171875,1.690766590804146e+18,30.301145947265628,-0.4671135369759797,9.739378077142238,0.4082573520500026,1.690766590804146e+18,30.301145947265628,-6.6344895362854,-4.581644892692566,0.1226392149925231,1.690766590802894e+18,30.299893896484377,-6.52363338470459,-4.419107115268707,0.1420089095830917,,,,,,,,,,,,,1.690766590804146e+18,30.301145947265628,-7.840177536010742,51.392242431640625,-13.55463409423828,1.690766590805528e+18,30.302528076171875,31.243585205078126,73.55789489746094,115.81767578125,1.690766590804146e+18,30.301145947265628,-0.8486125813573586,-0.2089711943715604,0.6980559528193332,0.3542683168013694,0.190804492038782,-0.6551170280962388,-1.460765339692874
0.35,1.690766590854256e+18,30.351255859375,-15.114547851197718,32.02437764658272,-5.017028769878149,1.690766590853004e+18,30.350004003906253,-1.5726348876953125,4.654412841796875,-0.8731353759765625,1.690766590854256e+18,30.351255859375,-0.246710072775362,9.283682006237507,-3.0619352969540654,1.690766590854256e+18,30.351255859375,-5.136588001251221,1.4764363288879392,-0.324889725446701,1.690766590853004e+18,30.350004003906253,-5.3004831075668335,1.0299362540245056,-0.3928912997245788,,,,,,,,,,,,,1.690766590854256e+18,30.351255859375,-3.731955718994141,44.664801025390624,-29.63342742919922,1.6907665908523238e+18,30.34932373046875,35.56620788574219,65.80507278442383,99.0819969177246,1.690766590854256e+18,30.351255859375,1.2586695422441614,-0.0273422524378491,0.6698695053141911,-1.481808584029657,0.2505033208427272,-0.6971926215275721,-1.2509979606940322
0.4,1.6907665909043658e+18,30.40136596679687,-0.5359764115130901,29.925174948705433,-3.3789516498345136,1.690766590903114e+18,30.40011396484375,-0.1770660400390625,3.5011993408203126,-0.6488525390625,1.6907665909043658e+18,30.40136596679687,-2.65157366244793,8.51732365688026,-3.907770941521526,1.6907665909043658e+18,30.40136596679687,-1.449184775352478,4.115801382064819,6.451402235031128,1.690766590903114e+18,30.40011396484375,-1.4577105522155762,4.627172565460205,6.344141435623169,1.690766590900776e+18,30.39777587890625,52.611512234434485,1.19000005727014,21.85251747582258,49.275320570785624,71.65008263848722,193.0078043631311,9.75226914931716,3.000000000001906,-122.87224853280814,3.4999999999994804,1.6907665909043658e+18,30.40136596679687,-16.329590606689454,37.4962661743164,-34.399755859375,1.6907665908991188e+18,30.3961189453125,20.542117309570312,59.7561279296875,97.3126007080078,1.6907665909043658e+18,30.40136596679687,1.4400294768273203,-0.0629218481587444,0.6838651157804255,-0.9985683026277986,0.407114077413906,-0.5986387671863309,-1.056820151658974
0.45,1.690766590954476e+18,30.45147587890625,27.54661009665504,-3.715908879303336,13.571522992054224,1.690766590953224e+18,30.45022397460938,2.469427490234375,0.3528076171875,0.90439453125,1.690766590954476e+18,30.45147587890625,-2.6372763300914315,8.068776873208284,-4.778099017727971,1.690766590954476e+18,30.45147587890625,0.5329907715320588,-7.662974548339844,-4.349992895126343,1.690766590953224e+18,30.45022397460938,0.4892315745353698,-7.62372407913208,-4.095371791720391,,,,,,,,,,,,,1.690766590954476e+18,30.45147587890625,-17.780170059204103,32.887419891357425,-38.48228912353515,1.6907665909511145e+18,30.448114501953125,22.087918090820313,55.784490966796874,92.665234375,1.690766590954476e+18,30.45147587890625,1.5559319639798472,0.0321521189760416,0.7036165065223624,-1.0771189954735432,0.3709697414033331,-0.6015336124236181,-0.9672377614872096
0.5,1.6907665910045855e+18,30.501585400390628,-7.484369900525212,-8.736317237843275,7.209561610264181,1.6907665910033334e+18,30.50033330078125,-0.7155426025390625,-0.0960540771484375,0.26468505859375,1.6907665910045855e+18,30.501585400390628,1.2629472428708897,8.414895664967299,-4.801832476919293,1.6907665910045855e+18,30.501585400390628,0.8376272797584534,-3.979061126708984,-4.331182205677033,1.6907665910033334e+18,30.50033330078125,0.8465113997459411,-4.10863299369812,-4.487782573699951,,,,,,,,,,,,,1.6907665910045855e+18,30.501585400390628,4.912967681884766,35.54270629882812,-40.06261138916015,1.69076659100311e+18,30.500110156250003,45.05035400390625,58.50550842285156,91.75149841308594,1.6907665910045855e+18,30.501585400390628,1.0579319708186783,0.0854396922711126,0.6058282803301331,-1.8271356532342289,0.2597733354203969,-0.7458528313363513,-1.0315282508975865
0.55,1.690766591054695e+18,30.551695019531245,-8.370921674040854,-11.39407444045782,7.791773118729592,1.690766591053443e+18,30.55044291992187,-0.556024169921875,-0.266552734375,0.3220367431640625,1.690766591054695e+18,30.551695019531245,2.1735306767264007,8.440347969227433,-4.4928027681046725,1.690766591054695e+18,30.551695019531245,0.5086374163627625,2.1324532985687257,-0.1610005013644695,1.690766591053443e+18,30.55044291992187,0.4976154804229736,2.015040469169617,-0.1656919181346892,,,,,,,,,,,,,1.690766591054695e+18,30.551695019531245,11.191661834716797,36.197122192382814,-38.61359558105469,1.690766591055106e+18,30.55210600585938,49.62910461425781,59.1106201171875,93.06856079101564,1.690766591054695e+18,30.551695019531245,0.8873671964568851,0.0781158432733538,0.5770616235820106,-2.021144403614671,0.2367149904222358,-0.7775154400005606,-1.0366189082484225
0.6,1.6907665911048049e+18,30.6018048828125,-4.001050464434623,-7.559382763672471,7.060235322862863,1.690766591103553e+18,30.600552880859375,-0.2389739990234375,0.153265380859375,0.286187744140625,1.6907665911048049e+18,30.6018048828125,1.5964939697764813,8.625969441942573,-4.378759157199859,1.6907665911048049e+18,30.6018048828125,1.1204304695129397,2.2534751653671266,0.2155613578855991,1.690766591103553e+18,30.600552880859375,1.116797924041748,2.274372363090515,0.2042501226067543,,,,,,,,,,,,,1.6907665911048049e+18,30.6018048828125,6.795233917236328,37.58563385009766,-38.41392517089844,1.690766591107101e+18,30.604100927734372,44.421331787109374,60.88080749511719,93.51112365722656,1.6907665911048049e+18,30.6018048828125,0.8530452657767128,0.0235430393105213,0.5855804356375102,-1.9196218768679736,0.2750197968737591,-0.7619772898228391,-1.0752771539808266
0.65,1.6907665911549148e+18,30.65191484375,-2.4474583555345233,1.4716991600763796,10.52385496841848,1.690766591153663e+18,30.650662939453127,-0.153497314453125,1.1835479736328125,0.728570556640625,1.6907665911549148e+18,30.65191484375,1.020215051617399,8.913360033496618,-3.9510826691469543,1.6907665911549148e+18,30.65191484375,1.8768438816070556,2.09757513999939,0.2122734993696212,1.690766591153663e+18,30.650662939453127,1.8177195072174073,2.122010517120361,0.2187521547079086,,,,,,,,,,,,,1.6907665911549148e+18,30.65191484375,2.2710472106933595,39.75430755615234,-36.615953063964845,1.6907665911538982e+18,30.65089813232422,39.97268295288086,63.07448196411133,95.56473922729492,1.6907665911549148e+18,30.65191484375,0.8382844278963077,-0.0317979542344359,0.5996363857460116,-1.822322290423503,0.2972974712895496,-0.742062888064344,-1.1413708550227848
0.7,1.690766591205025e+18,30.702024902343748,-1.9101625904381272,19.08674865324497,11.981364158196447,1.690766591203773e+18,30.700772900390625,-0.0995269775390625,2.963079833984375,0.9113983154296876,1.690766591205025e+18,30.702024902343748,0.7782740618872642,9.436782434576154,-2.472702394645363,1.690766591205025e+18,30.702024902343748,4.372861051559449,-0.8778717756271363,-0.3134327337145805,1.690766591203773e+18,30.700772900390625,4.353551006317138,-0.7168828010559082,-0.2824720071628689,,,,,,,,,,,,,1.690766591205025e+18,30.702024902343748,-0.6297294616699218,44.55205078125,-30.314170837402344,1.6907665912006968e+18,30.697696630859376,37.8900146484375,67.89761352539062,102.0719268798828,1.690766591205025e+18,30.702024902343748,0.7016762504229438,-0.1084637323456216,0.6232613310307233,-1.8973837483792184,0.2668575432005278,-0.7262928737832914,-1.3014359795376111
0.75,1.6907665912551345e+18,30.75213447265625,-6.117979227008074,16.273235539346935,-0.8468136885128544,1.6907665912538824e+18,30.750882470703125,-0.5876312255859375,2.65081787109375,-0.18436279296875,1.6907665912551345e+18,30.75213447265625,1.115923204529956,9.714657009766102,-0.1223888993358426,1.6907665912551345e+18,30.75213447265625,4.517057800292969,-5.327902317047119,0.8126134097576141,1.6907665912538824e+18,30.750882470703125,4.503634452819824,-5.337546062469483,0.6503839761018753,,,,,,,,,,,,,1.6907665912551345e+18,30.75213447265625,3.5488136291503904,49.95434112548829,-19.150079345703126,1.6907665912526927e+18,30.749692822265622,42.51300048828125,73.15772399902343,113.5023406982422,1.6907665912551345e+18,30.75213447265625,-0.3157100606327355,-0.1327617336510784,0.6516265545692244,-0.5746287719132903,0.1261533852754192,-0.7343318807368001,-1.4342969216025483
0.8,1.690766591305244e+18,30.80224384765625,6.136376439737975,27.190164059827328,-16.85401204657316,1.6907665913039918e+18,30.80099189453125,1.17672119140625,3.7111175537109378,-1.6201751708984375,1.690766591305244e+18,30.80224384765625,-1.2861430953606965,9.292711232771872,2.5453349969795345,1.690766591305244e+18,30.80224384765625,4.860222959518433,5.414272156357765,6.821673234924674,1.6907665913039918e+18,30.80099189453125,4.914896726608276,5.401169324666261,6.902971504628658,,,,,,,,,,,,,1.690766591305244e+18,30.80224384765625,-6.977016830444336,52.32614288330078,-4.629298400878906,1.6907665913046848e+18,30.801684863281253,30.140664672851564,75.18617553710938,128.36236877441405,1.690766591305244e+18,30.80224384765625,-2.2718014495265515,-0.193888350938772,0.75073084244396,1.1897455359016216,0.0275569944440979,-0.6253011615779499,-1.2655686941714537
0.85,1.690766591355354e+18,30.85235385742187,17.789434029398112,3.112225309933424,-19.67984197192192,1.6907665913541018e+18,30.851101855468748,0.946380615234375,1.004071044921875,-1.4526275634765624,1.690766591355354e+18,30.85235385742187,-1.913004009796083,8.68349785251677,4.131537319070398,1.690766591355354e+18,30.85235385742187,0.4287868916988372,-3.281623160839081,-0.6174512401223182,1.6907665913541018e+18,30.851101855468748,0.5361303120851517,-3.0779526948928835,-0.5836442340165376,,,,,,,,,,,,,1.690766591355354e+18,30.85235385742187,-14.313407135009763,51.21835021972656,5.3928985595703125,1.6907665913566774e+18,30.853677197265625,24.4126220703125,74.0733642578125,137.00147399902343,1.690766591355354e+18,30.85235385742187,-2.4789253227952637,-0.2938416337331545,0.7721746034452941,1.137272227263391,0.0288051941065432,-0.5618240620092576,-1.0875650152228464
0.9,1.6907665914054638e+18,30.90246376953125,-0.1551817062051593,-10.760055704770089,-13.8658171378386,1.6907665914042117e+18,30.901211865234377,-0.181951904296875,-0.2137237548828125,-1.0151947021484375,1.6907665914054638e+18,30.90246376953125,-1.8554089637264608,8.990620617118477,3.4327539087185257,1.6907665914054638e+18,30.90246376953125,-1.8773411750793456,-0.1729196101427078,-1.4336928367614743,1.6907665914042117e+18,30.901211865234377,-1.8788907527923584,-0.2407427415251732,-1.4246483325958252,,,,,,,,,,,,,1.6907665914054638e+18,30.90246376953125,-12.287283325195313,51.959164428710935,2.0382965087890623,1.690766591403472e+18,30.90047204589844,26.877410888671875,75.06280136108398,132.74546432495117,1.6907665914054638e+18,30.90246376953125,-2.4224984460939174,-0.2352206270671282,0.7709622751890015,1.0761420743541987,0.0106246473736855,-0.5915026962077633,-1.1612821745360349
0.95,1.6907665914555738e+18,30.952573828124997,-0.2145855406493693,-12.936222984384298,-7.931389679212569,1.690766591454322e+18,30.951321923828125,-0.1548065185546875,-0.3570953369140625,-0.5388580322265625,1.6907665914555738e+18,30.952573828124997,-1.1029435598693786,9.372692531981468,2.6434358610214295,1.6907665914555738e+18,30.952573828124997,-2.2049251317977907,1.3050796747207642,-1.0534154891967773,1.690766591454322e+18,30.951321923828125,-2.1526869773864745,1.3067060232162475,-1.0808214008808137,,,,,,,,,,,,,1.6907665914555738e+18,30.952573828124997,-8.398269653320312,52.747947692871094,-2.639332580566406,1.6907665914502694e+18,30.94726943359375,30.4708740234375,75.62734375,128.64833068847656,1.6907665914555738e+18,30.952573828124997,-2.3551138455107687,-0.2229417206543879,0.7439674749323284,1.1783356589798306,0.0493306161157839,-0.62768143951929,-1.2740852972371186
1.0,1.6907665915056837e+18,31.00268349609375,-1.9225593644833563,-8.208108187009096,-6.793194743993878,1.6907665915044316e+18,31.001431445312495,-0.2879913330078125,0.234564208984375,-0.6280120849609375,1.6907665915056837e+18,31.00268349609375,-0.682810896711722,9.712026193645,0.8171776359479315,1.6907665915056837e+18,31.00268349609375,-5.912071371078492,-2.0363070487976076,-0.7853637576103211,1.6907665915044316e+18,31.001431445312495,-5.790987634658814,-1.9038205981254577,-0.7605796158313751,,,,,,,,,,,,,1.6907665915056837e+18,31.00268349609375,-6.0981597900390625,51.80023193359375,-11.690901184082032,1.690766591502263e+18,30.999263085937503,32.697000122070314,74.45429077148438,118.91914978027344,1.6907665915056837e+18,31.00268349609375,-1.713174248144218,-0.1657896161440733,0.7214375297469742,0.5770006800686034,0.1180392789189658,-0.6603505585370646,-1.4425438560230108
1.05,1.690766591555793e+18,31.05279291992188,-11.60555200515449,24.79135157410085,-4.276982965646088,1.6907665915545408e+18,31.051540869140627,-1.20596923828125,3.9296722412109375,-0.7169525146484375,1.690766591555793e+18,31.05279291992188,-0.1989991493831295,9.385906233819725,-2.68101588390097,1.690766591555793e+18,31.05279291992188,-6.388259363174439,3.913639068603515,-1.6070675730705262,1.6907665915545408e+18,31.051540869140627,-6.5289082527160645,3.4890793681144716,-1.6647006750106812,,,,,,,,,,,,,1.690766591555793e+18,31.05279291992188,-2.5305023193359375,44.779902648925784,-29.360267639160156,1.6907665915542597e+18,31.051259863281253,36.09721069335937,66.89042663574219,100.99356079101562,1.690766591555793e+18,31.05279291992188,1.2983993173116153,-0.0314773804466221,0.6753196776637663,-1.4722401834456438,0.2261116439712862,-0.6989578158265873,-1.2912582494792166
1.1,1.6907665916059028e+18,31.102902783203128,-1.368622056604922,37.78582999738573,-2.9985372636941072,1.6907665916046508e+18,31.101650830078125,-0.307220458984375,4.34498291015625,-0.6406463623046875,1.6907665916059028e+18,31.102902783203128,-2.758083838334083,8.510428753573894,-3.776215405514837,1.6907665916059028e+18,31.102902783203128,-0.8210730463266372,6.091975080966949,7.166941261291504,1.6907665916046508e+18,31.101650830078125,-0.880936612188816,6.607988905906677,7.014876461029052,,,,,,,,,,,,,1.6907665916059028e+18,31.102902783203128,-20.05696640014649,36.49230804443359,-33.43608703613281,1.6907665916062572e+18,31.103257031250003,16.561407470703124,58.62431945800781,98.38831787109376,1.6907665916059028e+18,31.102902783203128,1.379179961164502,-0.0908216655538399,0.6705754832789739,-0.9723677496031782,0.4340498395711753,-0.5894473961312974,-1.055712651308284
1.15,1.690766591656013e+18,31.153012890625,32.12360596567154,-2.1476669275081157,10.004544269667566,1.690766591654761e+18,31.151760839843753,2.865869140625,0.464569091796875,0.5952178955078125,1.690766591656013e+18,31.153012890625,-3.6597505295863746,7.835422524650693,-4.518650209162235,1.690766591656013e+18,31.153012890625,-0.0285842806100845,-6.8427098274230955,-3.4182138442993164,1.690766591654761e+18,31.151760839843753,-0.0249224457889795,-6.791291427612305,-3.065908646583557,,,,,,,,,,,,,1.690766591656013e+18,31.153012890625,-24.97233428955078,31.035215759277342,-36.48843994140625,1.6907665916530545e+18,31.150054382324218,15.013267517089844,54.03872299194336,94.38856506347656,1.690766591656013e+18,31.153012890625,1.6059084525303915,-0.0020081580484239,0.7146389384716955,-0.8973990945088437,0.4181647318721738,-0.5578643579763128,-0.92633279073464
1.2,1.6907665917061228e+18,31.203122802734377,-5.383515226883292,-6.233856512306928,7.770171878487467,1.690766591704871e+18,31.20187084960937,-0.6116943359375,0.1526885986328125,0.279833984375,1.6907665917061228e+18,31.203122802734377,0.5039526710538194,8.229334514911175,-5.196315545065999,1.6907665917061228e+18,31.203122802734377,0.1147608300670981,-3.536389780044556,-6.7301798343658445,1.690766591704871e+18,31.20187084960937,0.0754134736955166,-3.722868871688843,-6.861456251144409,,,,,,,,,,,,,1.6907665917061228e+18,31.203122802734377,-3.676567840576172,33.93202667236328,-41.38317108154297,1.6907665916998528e+18,31.196852832031247,36.7748779296875,56.93402099609375,90.07333984375,1.6907665917061228e+18,31.203122802734377,1.05372755706513,0.0450566183324986,0.6032529840305283,-1.6648011073378233,0.3297862653460274,-0.7225950059750017,-0.9958160415046142
1.25,1.690766591756232e+18,31.2532318359375,-12.45106934832692,-18.039825992770194,6.1473743359968065,1.6907665917549798e+18,31.251979833984375,-1.0520538330078124,-0.97513427734375,0.137481689453125,1.690766591756232e+18,31.2532318359375,1.7972909751482309,8.47846218666196,-4.5619338797369595,1.690766591756232e+18,31.2532318359375,3.4706186294555663,3.297537589073181,-0.1826469480991363,1.6907665917549798e+18,31.251979833984375,3.4304879665374757,3.2651192426681517,-0.2763843595981597,,,,,,,,,,,,,1.690766591756232e+18,31.2532318359375,5.2596885681152346,36.38830718994141,-39.33241271972656,1.6907665917518508e+18,31.248850830078123,43.6826171875,59.62837829589843,92.7194091796875,1.690766591756232e+18,31.2532318359375,0.7009479106019108,-0.0187045904930016,0.5549146243938913,-1.944372548474312,0.3167595676120386,-0.7680755478223775,-1.046386244138605
1.3,1.690766591806342e+18,31.303341845703123,-5.440109454573393,-6.168797823132276,7.028907989089488,1.6907665918050898e+18,31.302089843750004,-0.3865966796875,0.42579345703125,0.415240478515625,1.690766591806342e+18,31.303341845703123,1.2080286421623825,9.17106684992671,-3.230656634403169,1.690766591806342e+18,31.303341845703123,2.484761357307434,-3.0185251474380492,1.1237297713756562,1.6907665918050898e+18,31.302089843750004,2.518174648284912,-2.8555984780192376,1.1413968324661254,,,,,,,,,,,,,1.690766591806342e+18,31.303341845703123,1.3747146606445313,42.25639343261719,-33.39261322021484,1.690766591803847e+18,31.300846923828125,39.94621887207031,65.49668579101562,98.73284606933592,1.690766591806342e+18,31.303341845703123,0.6755984673807511,-0.0808020719956492,0.5965254423338135,-1.9323937401190112,0.285744075707929,-0.7450136492514653,-1.2108285821073683
1.35,1.690766591856452e+18,31.35345185546875,-3.2598226984894274,9.049020082212689,8.962522766785622,1.6907665918551995e+18,31.3521998046875,-0.211669921875,1.9923095703125,0.740618896484375,1.690766591856452e+18,31.35345185546875,1.3255173081806302,9.520826394727823,-1.8812823575559257,1.690766591856452e+18,31.35345185546875,2.171476650238037,-8.346291732788085,2.2041806817054748,1.6907665918551995e+18,31.3521998046875,2.1555935859680178,-8.135729217529297,2.0917880058288576,,,,,,,,,,,,,1.690766591856452e+18,31.35345185546875,6.388299560546875,45.80584869384766,-27.267616271972656,1.6907665918558413e+18,31.352841308593742,45.47274475097656,68.92708740234374,104.992138671875,1.690766591856452e+18,31.35345185546875,0.6751375074250701,-0.0318830476788079,0.6368894741618679,-2.200410202362616,0.1537962679406029,-0.7521750871352577,-1.3327278734421433
1.4,1.6907665919065618e+18,31.40356176757813,-3.2873204786503316,14.798316365084649,9.21383444612503,1.69076659190531e+18,31.40230986328125,-0.3355712890625,2.5287750244140623,0.9454193115234376,1.6907665919065618e+18,31.40356176757813,0.0351868112533353,9.77621850447476,-0.1858387449814286,1.6907665919065618e+18,31.40356176757813,3.698206663131714,-9.751429080963137,4.342563915252685,1.69076659190531e+18,31.40230986328125,3.598376989364624,-9.915370178222656,4.3409215927124025,1.6907665919090624e+18,31.4060625,52.96704250108451,0.7599999905808337,11.73028470134302,49.275284892504,72.00561290513724,196.5234248718379,8.58503030050063,3.000000000002078,-122.8723309859261,4.230000019072541,1.6907665919065618e+18,31.40356176757813,9.22155532836914,49.958073425292966,-16.984878540039062,1.6907665919026363e+18,31.399636596679688,47.91070938110352,72.91118240356445,114.8867073059082,1.6907665919065618e+18,31.40356176757813,-0.1855757298273657,0.0976877684888932,0.6969818644230938,-1.0758763430245513,-0.0864813438608749,-0.7005838950927894,-1.5003689382866394
1.45,1.6907665919566712e+18,31.45367119140625,1.3109844573417306,11.755000925248265,2.1005009209942815,1.6907665919554186e+18,31.45241865234375,-0.0934051513671875,2.0386688232421877,0.3428924560546875,1.6907665919566712e+18,31.45367119140625,-2.4812701703739166,9.211351981659533,2.0461667764167486,1.6907665919566712e+18,31.45367119140625,5.5293889999389645,-4.486911678314209,4.241109871864319,1.6907665919554186e+18,31.45241865234375,5.611299610137939,-4.628097748756408,4.327261877059937,,,,,,,,,,,,,1.6907665919566712e+18,31.45367119140625,1.97674560546875,52.96201019287109,-3.297203063964844,1.6907665919494323e+18,31.446432275390624,39.61000061035156,75.99023132324218,129.72716674804687,1.6907665919566712e+18,31.45367119140625,-1.8257341523149735,0.1126107947041212,0.725147244497939,0.6941103663212558,-0.3126730047108367,-0.5998681608114671,-1.2348616558026428
1.5,1.6907665920067796e+18,31.50377978515625,1.8930605320852991,5.541096132410765,-4.687670266523063,1.690766592005527e+18,31.50252685546875,-0.1547088623046875,1.4352386474609375,-0.130377197265625,1.6907665920067796e+18,31.50377978515625,-3.511660447529554,8.510473411046267,3.3724753811055423,1.6907665920067796e+18,31.50377978515625,0.4229470193386078,3.2621681571006773,1.314561700820923,1.690766592005527e+18,31.50252685546875,0.5382273495197296,2.9885179698467255,1.2767157316207889,,,,,,,,,,,,,1.6907665920067796e+18,31.50377978515625,-5.429961395263672,52.42036590576172,7.515451049804687,1.690766592001425e+18,31.4984248046875,32.88604736328125,75.19757080078125,139.6021301269531,1.6907665920067796e+18,31.50377978515625,-1.7062129300943698,0.0629454344006568,0.7274966675447446,0.7645854113676217,-0.3868282895186067,-0.5627049048593863,-1.0510192130687177
1.55,1.69076659205689e+18,31.553889892578127,6.169822022387385,3.326456323443651,-5.385067600117921,1.6907665920556367e+18,31.552636865234376,0.375830078125,1.0704071044921877,-0.120245361328125,1.69076659205689e+18,31.553889892578127,-2.8866235336509343,8.171637177510856,4.553920552246868,1.69076659205689e+18,31.553889892578127,0.8669068694114686,10.166632461547852,4.062730693817139,1.6907665920556367e+18,31.552636865234376,0.6462344110012055,10.362313747406006,3.9904623508453367,,,,,,,,,,,,,1.69076659205689e+18,31.553889892578127,-7.831208038330078,51.70082092285156,9.629083251953125,1.6907665920534164e+18,31.5504166015625,30.494976806640626,74.45227966308593,141.55100708007814,1.69076659205689e+18,31.553889892578127,-1.917565211485521,-0.1077369021813175,0.7605375333334493,1.0017782329402454,-0.2578914667487887,-0.580301749456118,-0.9859042687408416
1.6,1.6907665921069988e+18,31.603998828124997,21.271560543990137,-9.976368502566814,-20.88270642164111,1.690766592105747e+18,31.602746777343743,1.9549346923828128,-0.2102691650390625,-1.5555267333984375,1.6907665921069988e+18,31.603998828124997,-2.5615629320724307,7.162642505796552,6.181978791744709,1.6907665921069988e+18,31.603998828124997,1.1395404934883118,0.8530011892318725,-0.6887038707733154,1.690766592105747e+18,31.602746777343743,1.3673231940716506,1.0248218059539795,-0.421958303451538,,,,,,,,,,,,,1.6907665921069988e+18,31.603998828124997,-11.55081024169922,48.796142578125,17.53780517578125,1.6907665921054085e+18,31.602408447265624,26.99451599121094,71.45867004394532,149.75247802734376,1.6907665921069988e+18,31.603998828124997,-2.054501397527207,-0.2645967277568085,0.7670718528559825,1.177501525998173,-0.2052284623185802,-0.5468656746451682,-0.8190617443652812
1.65,1.6907665921571087e+18,31.654108544921876,9.140575499359963,2.837248560463786,-13.20597679696083,1.6907665921558556e+18,31.65285576171875,0.696112060546875,1.14300537109375,-0.76849365234375,1.6907665921571087e+18,31.654108544921876,-1.7088539676693828,8.110867359249593,5.165170757478774,1.6907665921571087e+18,31.654108544921876,-5.251588344573975,-1.704468125104904,-4.264630556106567,1.6907665921558556e+18,31.65285576171875,-5.109421968460083,-1.692963480949402,-4.236281013488769,,,,,,,,,,,,,1.6907665921571087e+18,31.654108544921876,-6.9130908966064455,50.53622741699219,14.782510375976562,1.6907665921522033e+18,31.649203125,33.16487503051758,74.22089767456055,144.70985794067383,1.6907665921571087e+18,31.654108544921876,-1.8678486209900131,-0.1892353259566375,0.7389304461306386,1.2553851691139024,-0.2018894648606504,-0.6124526456694527,-0.9797766045282004
1.7,1.690766592207218e+18,31.70421791992187,-0.4060615115463736,20.277373565307258,-2.6565873989567157,1.6907665922059648e+18,31.702964990234378,-0.0838043212890625,3.233807373046875,-0.0029693603515625,1.690766592207218e+18,31.70421791992187,0.5057498676286823,9.497097377902865,1.899990075620152,1.690766592207218e+18,31.70421791992187,-7.178695106506348,-0.2408705711364746,-7.605493545532227,1.6907665922059648e+18,31.702964990234378,-7.250539779663086,-0.4923461198806763,-7.553083229064941,,,,,,,,,,,,,1.690766592207218e+18,31.70421791992187,6.6417236328125,52.329280090332034,-2.002751159667969,1.690766592198994e+18,31.69599384765625,46.62403869628906,75.02151489257812,128.07225646972657,1.690766592207218e+18,31.70421791992187,-1.0032959103454495,-0.0085136322121072,0.6754530305962968,1.9711942112904817,-0.1256902234254356,-0.7224442562666391,-1.328443728771627
1.75,1.690766592257328e+18,31.754327978515622,-14.485511112480165,29.57800378373623,13.05130493997395,1.690766592256075e+18,31.753075000000003,-1.204791259765625,3.8744476318359378,1.2966949462890625,1.690766592257328e+18,31.754327978515622,2.963684678404033,9.20860098783791,-1.358353327657273,1.690766592257328e+18,31.754327978515622,-4.777880764007568,4.451339983940125,-0.7784874558448791,1.690766592256075e+18,31.753075000000003,-4.800154399871826,4.538036131858826,-1.0631528973579407,,,,,,,,,,,,,1.690766592257328e+18,31.754327978515622,19.588764190673828,44.90697174072265,-20.866007995605468,1.6907665922509878e+18,31.747987646484376,58.51516418457031,67.09794616699219,109.43580932617188,1.690766592257328e+18,31.754327978515622,0.4252733976660705,0.0582027864278693,0.5871457830606807,-2.737135692545711,0.0435927595903513,-0.8047281854835238,-1.221830072431525
1.8,1.6907665923074373e+18,31.80443745117187,3.8205660038948057,9.956581033748389,14.025888924946784,1.6907665923061847e+18,31.803184863281253,0.69798583984375,1.819158935546875,0.96041259765625,1.6907665923074373e+18,31.80443745117187,1.9496392991714184,8.957731207047104,-3.4619526475784186,1.6907665923074373e+18,31.80443745117187,-1.9669679284095765,0.9626613140106202,0.684993539750576,1.6907665923061847e+18,31.803184863281253,-2.0542038440704347,1.1755945682525637,0.8051621973514557,,,,,,,,,,,,,1.6907665923074373e+18,31.80443745117187,13.268548583984376,39.908494567871095,-32.9761962890625,1.690766592302983e+18,31.7999830078125,51.315185546875,62.48233642578125,98.08683776855467,1.6907665923074373e+18,31.80443745117187,0.9497683916204264,0.0873922887440958,0.6120596798866635,-2.0866122619731295,0.1601043911272485,-0.7691986542547771,-1.1520611715334046
1.85,1.6907665923575468e+18,31.854546923828128,-5.7963276739945995,2.67590625657618,2.627097392839193,1.690766592356295e+18,31.853294531250004,-0.3947784423828125,1.0815765380859377,-0.1500579833984375,1.6907665923575468e+18,31.854546923828128,2.6774011420829593,8.713999373764395,-3.603093699601888,1.6907665923575468e+18,31.854546923828128,-0.9271095156669616,-3.1987637996673586,-0.8791444063186645,1.690766592356295e+18,31.853294531250004,-0.8965544462203979,-3.2703162908554075,-0.8965510487556457,,,,,,,,,,,,,1.6907665923575468e+18,31.854546923828128,16.95546646118164,37.39065246582031,-33.887403869628905,1.6907665923549786e+18,31.851978710937495,56.137673950195314,60.06676635742187,97.89818115234377,1.6907665923575468e+18,31.854546923828128,0.9487156791289314,0.1398381328839966,0.5886044901166986,-2.208107174589624,0.1294423008871272,-0.7852359788071043,-1.094540408905906
1.9,1.690766592407657e+18,31.904656982421876,-11.042091958910229,-5.601764243863225,3.3644702953740953,1.6907665924064038e+18,31.90340390625,-0.813275146484375,0.2528076171875,-0.0348846435546875,1.690766592407657e+18,31.904656982421876,2.9695625136223436,8.418902094903588,-4.047955189663767,1.690766592407657e+18,31.904656982421876,-1.9593152046203612,0.4500434517860412,0.9102066129446028,1.6907665924064038e+18,31.90340390625,-1.9275855779647828,0.3865011423826218,0.853489950299263,,,,,,,,,,,,,1.690766592407657e+18,31.904656982421876,20.368999481201172,35.22336120605469,-34.65086212158203,1.6907665924069747e+18,31.90397470703125,58.64886474609375,57.56792297363281,96.34057922363284,1.690766592407657e+18,31.904656982421876,1.026682766620268,0.1869004074158064,0.5768119810803313,-2.2048711113842634,0.1256017419435013,-0.7850703131491628,-1.0324720869457291
1.95,1.690766592457767e+18,31.954766943359378,-3.3433553188920024,-8.653738089547156,10.220624885793328,1.690766592456514e+18,31.953513916015623,0.2570068359375,-0.1182281494140625,0.5557708740234375,1.690766592457767e+18,31.954766943359378,1.9704602611429989,7.925780840967893,-5.391220803598463,1.690766592457767e+18,31.954766943359378,-3.4169167041778565,2.8202192068099974,0.2982358813285827,1.690766592456514e+18,31.953513916015623,-3.423130416870117,2.8087212324142454,0.4784294486045837,,,,,,,,,,,,,1.690766592457767e+18,31.954766943359378,16.04405746459961,32.0554443359375,-39.55367431640625,1.6907665924537723e+18,31.95077215576172,53.2742919921875,54.02074432373047,90.7871551513672,1.690766592457767e+18,31.954766943359378,1.2534056831010616,0.2188698304257975,0.6010169516925628,-1.9259352108037715,0.193331405017941,-0.7431958600834256,-0.9423299542294212
2.0,1.6907665925078769e+18,32.004876953125,5.774700305624007,-5.213989382731318,13.821548021810054,1.690766592506624e+18,32.00362392578125,0.293280029296875,0.2939727783203125,0.702325439453125,1.6907665925078769e+18,32.004876953125,1.042280373013839,7.323610364961624,-6.412870666485429,1.6907665925078769e+18,32.004876953125,0.4862394601106644,5.583264780044556,-0.2223799586296081,1.690766592506624e+18,32.00362392578125,0.3470767438411712,5.533556509017944,-0.3519777201116085,,,,,,,,,,,,,1.6907665925078769e+18,32.004876953125,8.583843994140626,26.923897171020503,-45.395181274414064,1.69076659250057e+18,31.997570166015624,46.41902160644531,49.54878845214843,86.00245971679688,1.6907665925078769e+18,32.004876953125,1.239068104144924,0.1871616233419137,0.5964454716697629,-1.7310494781756898,0.3003172735067188,-0.7191112590192115,-0.8433088944443454
2.05,1.690766592552975e+18,32.04997521972656,-6.946155500826984,3.192692755998671,0.8211163307569922,1.690766592556734e+18,32.053733984375,-0.7510223388671875,1.3055450439453125,-0.6989959716796875,1.690766592552975e+18,32.04997521972656,-0.7822154217508155,7.868144673783331,-5.775018548566848,1.690766592552975e+18,32.04997521972656,3.282748758792877,3.162929892539978,2.3315887451171875,1.690766592556734e+18,32.053733984375,3.377202033996582,3.1293945789337156,2.3509952545166017,,,,,,,,,,,,,1.690766592552975e+18,32.04997521972656,-3.2266860008239746,29.50316619873047,-44.360374450683594,1.6907665925525668e+18,32.049566796875,33.371533203125,53.49442443847656,88.24740600585938,1.690766592552975e+18,32.04997521972656,1.337674516227577,0.0974253430064764,0.6484283008422885,-1.4328287786547598,0.3451561161745766,-0.670904248886929,-0.9318795801246694
2.1,1.690766592598074e+18,32.09507397460938,-5.549013247597813,8.696281346244216,-5.791910266717672,1.6907665926068434e+18,32.10384331054688,-0.8750885009765625,1.851348876953125,-1.090399169921875,1.690766592598074e+18,32.09507397460938,-2.271167722648829,8.540414609610437,-4.192808364852071,1.690766592598074e+18,32.09507397460938,4.009732103347778,1.7401859521865846,2.460870885848999,1.6907665926068434e+18,32.10384331054688,3.888215255737305,1.372816789150238,2.434878969192505,,,,,,,,,,,,,1.690766592598074e+18,32.09507397460938,-12.07151985168457,35.200994873046874,-38.04571685791016,1.6907665926045624e+18,32.10156245117187,24.268338012695313,59.57539978027344,96.00243835449218,1.690766592598074e+18,32.09507397460938,1.639489114866811,0.0232935611454833,0.7166210949310896,-1.0665663005928443,0.318832429429048,-0.6188326117033106,-1.0580137521476856
2.15,1.6907665926481838e+18,32.145183935546875,-0.385632471501827,7.230335868936777,-9.334948316903114,1.6907665926569528e+18,32.1539529296875,-0.2567657470703125,1.3198577880859377,-0.9902099609375,1.6907665926481838e+18,32.145183935546875,-3.278513545790612,8.805518082937002,-2.8003618974497915,1.6907665926481838e+18,32.145183935546875,1.64500150680542,-0.6248073667287827,1.3129201412200928,1.6907665926569528e+18,32.1539529296875,1.2898993134498595,-0.8438282608985901,1.1948443055152893,,,,,,,,,,,,,1.6907665926481838e+18,32.145183935546875,-17.720345306396485,39.0581787109375,-31.303298950195312,1.6907665926565596e+18,32.153559521484375,20.3133544921875,62.29798278808594,101.15227355957032,1.6907665926481838e+18,32.145183935546875,2.0140031329426775,-0.0172127926958137,0.7705821666715709,-0.7067576510707807,0.2705205146794018,-0.5766318783034767,-1.115008187147212
2.2,1.6907665926982938e+18,32.1952939453125,-2.008126471775174,-0.0734676210796832,-1.827437311669588,1.690766592707063e+18,32.20406303710938,-0.4735321044921875,0.9131622314453124,-0.5765350341796875,1.6907665926982938e+18,32.1952939453125,-4.020353539963066,8.61286621474147,-2.3666054757352173,1.6907665926982938e+18,32.1952939453125,0.5652851469814777,0.5985803961753845,3.1156378984451294,1.690766592707063e+18,32.20406303710938,0.0047671720385551,0.4626947283744812,3.4311328887939454,,,,,,,,,,,,,1.6907665926982938e+18,32.1952939453125,-19.789949035644533,39.4850341796875,-29.591706848144533,1.6907665927033536e+18,32.20035369873047,16.454872131347656,61.6566276550293,102.81757354736328,1.6907665926982938e+18,32.1952939453125,2.2281048971049975,-0.013894150191327,0.8035808324040395,-0.5363450425882029,0.2429959890723749,-0.5426075778342627,-1.0733065964463082
2.25,1.690766592748404e+18,32.24540390625,7.015392907764911,-0.6538127511513233,-0.5968138005048036,1.6907665927571727e+18,32.25417290039063,0.3055267333984375,0.5965576171875,-0.1621673583984375,1.690766592748404e+18,32.24540390625,-5.185983185430765,7.6345264428186415,-3.227055541171282,1.690766592748404e+18,32.24540390625,-3.3822941303253176,-3.381695580482483,2.6658305644989015,1.6907665927571727e+18,32.25417290039063,-3.763639068603516,-3.3391030073165893,2.467284393310547,,,,,,,,,,,,,1.690766592748404e+18,32.24540390625,-25.081103897094728,34.6696231842041,-31.291323852539065,1.6907665927501494e+18,32.24714936523437,13.484344482421877,55.08712158203125,97.91719360351564,1.690766592748404e+18,32.24540390625,2.268712504180116,0.0467207724157658,0.8344535838762732,-0.550715395576048,0.2608503264903872,-0.4814332107459883,-0.8943427411469962
2.3,1.6907665927985137e+18,32.295513818359375,10.577280386040211,-2.4552048195558784,0.9975191041672228,1.690766592807283e+18,32.30428295898437,0.4045989990234375,0.269659423828125,-0.43504638671875,1.6907665927985137e+18,32.295513818359375,-5.806174938913584,6.166815709404349,-4.906292617633938,1.6907665927985137e+18,32.295513818359375,-4.3211743354797365,2.769205355644226,1.652395534515381,1.690766592807283e+18,32.30428295898437,-4.1914221286773685,3.975348711013794,1.4099763989448548,,,,,,,,,,,,,1.6907665927985137e+18,32.295513818359375,-25.63060646057129,24.61912269592285,-39.25665435791016,1.6907665928021422e+18,32.299142089843755,11.123187255859374,44.39657897949219,91.90918884277345,1.6907665927985137e+18,32.295513818359375,2.1359265301324455,0.133256512991847,0.830047931887669,-0.7023507360005995,0.3254527736285318,-0.4309474370136849,-0.6814571680988191
2.35,1.690766592848623e+18,32.345623046875,5.373856002656221,-1.622402990215123,2.253798040948808,1.690766592857393e+18,32.35439296875,-0.3736572265625,0.4851654052734375,-0.2408050537109375,1.690766592848623e+18,32.345623046875,-7.242230889391898,4.92679051435709,-4.376048203127683,1.690766592848623e+18,32.345623046875,-2.798615074157715,4.792223024368286,0.8184052467346191,1.690766592857393e+18,32.35439296875,-2.5338354110717773,4.384634208679199,0.6757671147584915,,,,,,,,,,,,,1.690766592848623e+18,32.345623046875,-35.0701343536377,15.071486282348634,-36.42472381591797,1.690766592854134e+18,32.351133886718756,0.8862274169921875,36.05890808105469,97.1328369140625,1.690766592848623e+18,32.345623046875,2.0014795784889907,0.083557933218153,0.8201976004951017,-0.5445055745963783,0.4424403201952033,-0.3506128342880937,-0.5266417178896005
2.4,1.6907665928987328e+18,32.395732958984375,0.0055886137872933,0.928864553231597,-3.2938720337986944,1.690766592907502e+18,32.40450190429688,-1.148052978515625,0.4703704833984375,-0.9709259033203124,1.6907665928987328e+18,32.395732958984375,-7.970229522120952,4.483916574076712,-3.536276593226492,1.6907665928987328e+18,32.395732958984375,-2.4545523643493654,2.8627862453460695,-1.3741658970713615,1.690766592907502e+18,32.40450190429688,-2.798500156402588,2.888360023498535,-1.89256688952446,1.6907665929045033e+18,32.40150341796875,53.65539657883346,0.9599999786083016,17.324979735412445,49.27528684769789,72.6939669828862,207.07029547453217,6.083842148649522,3.000000000000503,-122.8723586650128,3.609999895095252,1.6907665928987328e+18,32.395732958984375,-41.70672073364258,10.75064811706543,-30.322357177734375,1.6907665929061284e+18,32.4031283203125,-4.17763671875,33.3337890625,102.78912353515624,1.6907665928987328e+18,32.395732958984375,1.887118459051037,0.0281035098621037,0.7981731664863825,-0.4175520333700184,0.518448240062735,-0.3042623048768663,-0.4748932451117239
2.45,1.690766592948843e+18,32.44584291992187,-20.242349715103508,0.4493219181498885,-5.304431987105011,1.690766592957612e+18,32.454611962890624,-3.484466552734375,0.5670745849609375,-0.4484405517578125,1.690766592948843e+18,32.44584291992187,-8.06327839269638,4.6188438661518685,-3.126390028886199,1.690766592948843e+18,32.44584291992187,-5.191307258605957,3.3384894847869875,-0.665621280670166,1.690766592957612e+18,32.454611962890624,-5.453789806365966,3.037156343460083,0.4523923218250275,,,,,,,,,,,,,1.690766592948843e+18,32.44584291992187,-45.325146484375,9.994500350952148,-25.056690979003907,1.6907665929529252e+18,32.44992523193359,-7.607273101806641,31.96045684814453,107.82354736328124,1.690766592948843e+18,32.44584291992187,1.650439626727901,-0.0304465689400552,0.7300174805920606,-0.3699550100155054,0.6134622770641202,-0.2961734816469746,-0.4905181951912755
2.5,1.690766592998953e+18,32.495952978515625,-20.912780423578617,1.201613806684017,8.4335419132483,1.690766593007722e+18,32.50472202148437,-2.317803955078125,0.2799163818359375,0.596905517578125,1.690766592998953e+18,32.495952978515625,-8.732613239532707,2.7568096390667556,-3.406197325704395,1.690766592998953e+18,32.495952978515625,-4.265855121612549,0.130361258983612,4.679325580596924,1.690766593007722e+18,32.50472202148437,-3.858893013000488,-0.1064528822898864,4.8814231872558596,,,,,,,,,,,,,1.690766592998953e+18,32.495952978515625,-47.81746826171875,1.602034378051758,-21.656396484375,1.6907665929997215e+18,32.49672153320312,-9.3890869140625,20.124151611328124,110.40958557128906,1.690766592998953e+18,32.495952978515625,1.4322202883659287,0.0147210844805109,0.6574314337436353,-0.3716488776898994,0.715869795215543,-0.2302750593299328,-0.2860272843453975
2.55,1.690766593049063e+18,32.546062890625,0.0787733262723684,1.6999701190355048,7.222896074324846,1.690766593057832e+18,32.554831884765626,-0.630908203125,0.2806854248046875,0.3209381103515625,1.690766593049063e+18,32.546062890625,-9.124575966195462,0.0678486094141798,-3.5234653931614752,1.690766593049063e+18,32.546062890625,-3.354042100906372,1.2007204711437225,3.918598365783691,1.690766593057832e+18,32.554831884765626,-3.4290932178497315,1.398832905292511,3.5646034240722657,,,,,,,,,,,,,1.690766593049063e+18,32.546062890625,-46.711299133300784,-13.48355712890625,-19.732394409179687,1.6907665930517156e+18,32.548715478515625,-7.515850830078125,5.782220458984375,113.38623657226564,1.690766593049063e+18,32.546062890625,1.3510579471766588,0.1122117365861451,0.6149618400212024,-0.368515003864075,0.7659727436898557,-0.1452137535149055,-0.0069408238871892
2.6,1.6907665930991724e+18,32.59617236328125,5.731857539910673,7.037733334388733,5.543950411250293,1.690766593107942e+18,32.604941992187506,-0.373358154296875,0.46966552734375,0.2290252685546875,1.6907665930991724e+18,32.59617236328125,-9.188994837709664,-1.919349199491292,-2.7873864467337723,1.6907665930991724e+18,32.59617236328125,-3.194062662124634,0.8697909474372864,2.867294502258301,1.690766593107942e+18,32.604941992187506,-3.031332731246948,0.8031113743782043,3.0630064010620117,,,,,,,,,,,,,1.6907665930991724e+18,32.59617236328125,-44.29794540405273,-24.37205848693848,-13.312629699707031,1.690766593103708e+18,32.6007080078125,-4.83858642578125,-3.987030029296875,120.21345520019533,1.6907665930991724e+18,32.59617236328125,1.2403139289777911,0.164386864851892,0.5602276203179918,-0.294336049719164,0.8088865911443677,-0.0623585751937069,0.1972515993847433
2.65,1.6907665931492823e+18,32.646282275390625,5.000473239492178,7.119031210702657,3.039066141054928,1.690766593153041e+18,32.65004095458984,-0.3605155944824219,0.3440666198730469,0.1023597717285156,1.6907665931492823e+18,32.646282275390625,-8.781067181578278,-3.832121241775453,-1.9865750620241465,1.6907665931492823e+18,32.646282275390625,-1.715074324607849,1.5103764533996582,4.0819367408752445,1.690766593153041e+18,32.65004095458984,-1.5458631962537766,1.6399077773094175,4.144700765609741,,,,,,,,,,,,,1.6907665931492823e+18,32.646282275390625,-39.90843124389649,-33.28661842346192,-6.869754028320313,1.6907665931556997e+18,32.652699414062496,0.5094146728515625,-12.901669311523438,126.51130676269533,1.6907665931492823e+18,32.646282275390625,1.1564157385076512,0.2256701862279802,0.5137421846929809,-0.2217894630975732,0.826863664162423,0.017544816993419,0.402297476508585
2.7,1.690766593199393e+18,32.696392968750004,6.797566266302466,7.217674774093032,0.9360059932579844,1.69076659319814e+18,32.6951400390625,-0.1010284423828125,0.1490875244140625,-0.018585205078125,1.690766593199393e+18,32.696392968750004,-8.026090993170142,-5.515995944136977,-1.0513766442089527,1.690766593199393e+18,32.696392968750004,0.0908318415284156,1.789916706085205,3.040380024909973,1.69076659319814e+18,32.6951400390625,0.0636213719844818,1.839447510242462,3.113828182220459,,,,,,,,,,,,,1.690766593199393e+18,32.696392968750004,-32.83011245727539,-40.897074127197264,-1.882037353515625,1.6907665932024924e+18,32.69949224853515,7.024955749511719,-19.074676513671875,130.42298889160156,1.690766593199393e+18,32.696392968750004,1.1570440482360869,0.2798357178985565,0.5054691641402951,-0.1295837552528897,0.8084865657717943,0.1088943148501677,0.5980364008020111
2.75,1.690766593249503e+18,32.746503125000004,-2.1209380274409058,4.870673256528973,-4.67101735479027,1.69076659324825e+18,32.745250097656246,-1.243878173828125,-0.1805023193359375,-0.850811767578125,1.690766593249503e+18,32.746503125000004,-7.598383350100517,-6.130921038489342,-0.9020256753708422,1.690766593249503e+18,32.746503125000004,0.2055601716041565,0.1472904101014138,1.2301511630415916,1.69076659324825e+18,32.745250097656246,0.2134404301643372,0.182487615942955,1.2401068456470967,,,,,,,,,,,,,1.690766593249503e+18,32.746503125000004,-29.355884552001953,-43.53857879638672,-1.326666259765625,1.6907665932492844e+18,32.746284326171875,9.842742919921877,-21.129306030273437,130.24072265625,1.690766593249503e+18,32.746503125000004,1.1970649157453468,0.3046605814186335,0.5144736530053408,-0.1181694638804828,0.7891176715776048,0.1403551161893812,0.6754706253249372
2.8,1.6907665932996132e+18,32.796613037109374,0.392018256242275,2.76274563421309,-3.665226915170848,1.6907665932983598e+18,32.795359912109376,-0.4292144775390625,-0.387371826171875,-0.1973297119140625,1.6907665932996132e+18,32.796613037109374,-7.0688182084822655,-6.643836307888627,-1.3612197444591672,1.6907665932996132e+18,32.796613037109374,0.1861132934689521,-3.8537503719329833,0.0065685272216796,1.6907665932983598e+18,32.795359912109376,0.1413410951383412,-3.733621799945831,0.1451250791549682,,,,,,,,,,,,,1.6907665932996132e+18,32.796613037109374,-26.010018157958985,-45.62503967285157,-1.9914306640625,1.6907665933012754e+18,32.79827543945312,12.966714477539062,-22.859622192382812,128.52794189453124,1.6907665932996132e+18,32.796613037109374,1.1944198701033226,0.3489702987232143,0.4926622301792099,-0.1902677639437164,0.7858616352705954,0.1303586299925749,0.7443969759066656
2.85,1.6907665933497231e+18,32.846723095703126,-5.596774881917238,2.404679448837638,1.568765040434301,1.6907665933484703e+18,32.84547016601563,-1.407879638671875,-0.312225341796875,-0.192523193359375,1.6907665933497231e+18,32.846723095703126,-7.372405901599526,-5.837545410402417,-2.7549122225606437,1.6907665933497231e+18,32.846723095703126,0.905756139755249,-0.8654967404901981,-2.4078290700912475,1.6907665933484703e+18,32.84547016601563,0.95434590280056,-0.9802819907665252,-2.4630613803863524,,,,,,,,,,,,,1.6907665933497231e+18,32.846723095703126,-28.08662338256836,-43.49253692626953,-8.066520690917969,1.690766593353266e+18,32.850265966796876,9.157452392578126,-19.649093627929688,122.44731750488282,1.6907665933497231e+18,32.846723095703126,1.2048172801685908,0.3499438645928692,0.4835059270781066,-0.3573241035001769,0.8012956808466004,0.0358381493910325,0.638138348948451
2.9,1.6907665933998323e+18,32.89683227539062,-4.058197649832367,4.271982673140764,-4.296975718552171,1.69076659339858e+18,32.895580078125,-1.1538238525390625,-0.13603515625,-0.680780029296875,1.6907665933998323e+18,32.89683227539062,-7.620658193368316,-5.5741888391953704,-2.640852098912448,1.6907665933998323e+18,32.89683227539062,-2.537573456764221,-0.7318213105201721,0.5495812550187111,1.69076659339858e+18,32.895580078125,-2.474328565597534,-0.694117346405983,0.4686647772789001,,,,,,,,,,,,,1.6907665933998323e+18,32.89683227539062,-31.064769744873047,-41.68775405883789,-8.284619140625,1.6907665934052593e+18,32.90225927734375,7.838381958007813,-19.254486083984375,124.5724090576172,1.6907665933998323e+18,32.89683227539062,1.136256614952211,0.3328869220158513,0.4648318368254395,-0.3334189377409659,0.8198275403040245,0.0243580034554666,0.6047167409862333
2.95,1.690766593449942e+18,32.9469419921875,0.4237635231667757,4.885861005693077,-1.6563850762809813,1.69076659344869e+18,32.94568994140625,-0.6203155517578125,-0.170654296875,-0.330010986328125,1.690766593449942e+18,32.9469419921875,-7.091585102276802,-6.492340158328413,-1.8766486187276243,1.690766593449942e+18,32.9469419921875,-2.8922738552093508,0.7638362586498261,1.5722216635942456,1.69076659344869e+18,32.94568994140625,-2.924651002883911,0.6868723103776574,1.6208031952381134,,,,,,,,,,,,,1.690766593449942e+18,32.9469419921875,-27.945604705810545,-44.57666549682617,-2.4823287963867187,1.6907665934520545e+18,32.94905426025391,11.380908966064451,-22.329437255859375,130.49249267578125,1.690766593449942e+18,32.9469419921875,0.9804995143363142,0.3668482877625131,0.3967135399549574,-0.2574932657235197,0.8389876009646038,0.0592046782630847,0.7240464588089941
3.0,1.690766593500052e+18,32.99705209960938,5.575042124249935,0.7703354362946749,2.7276669558560847,1.690766593498799e+18,32.995799072265626,-0.1548431396484375,-0.6477142333984375,0.2238006591796875,1.690766593500052e+18,32.99705209960938,-7.1616496369147296,-6.6487585667216775,-0.7823780923660844,1.690766593500052e+18,32.99705209960938,-0.2722922563552856,0.6671471238136292,-1.3763987123966217,1.690766593498799e+18,32.995799072265626,-0.3404201567173004,0.800583153963089,-1.310576856136322,,,,,,,,,,,,,1.690766593500052e+18,32.99705209960938,-26.781243515014648,-45.05706939697266,3.854928588867187,1.6907665934988529e+18,32.995852734375,11.409893798828126,-22.03972473144531,135.71077575683594,1.690766593500052e+18,32.99705209960938,0.8741541252284494,0.3507890555248479,0.3755896612546104,-0.1090418234585237,0.8509168167892414,0.1079330648545702,0.7452019122186574
3.05,1.6907665935501622e+18,33.047162109375,0.7822098815792798,0.7398032861000299,2.315654105463773,1.690766593548909e+18,33.045909033203124,-0.7643035888671875,-0.4713897705078125,0.087542724609375,1.6907665935501622e+18,33.047162109375,-7.73060173393011,-5.934352990537286,-1.0678860265917332,1.6907665935501622e+18,33.047162109375,0.764264976978302,0.5182875990867615,-1.4344333052635192,1.690766593548909e+18,33.045909033203124,0.7765558362007141,0.4009447932243347,-1.4901956558227538,,,,,,,,,,,,,1.6907665935501622e+18,33.047162109375,-30.26286392211914,-43.04708633422852,2.84111328125,1.6907665935508495e+18,33.04784965820313,7.31700439453125,-19.499795532226564,134.03555908203126,1.6907665935501622e+18,33.047162109375,0.8914405954483413,0.3154906627551847,0.387780683995152,-0.1372850332783373,0.8623959485963111,0.0786557297687371,0.6501143377285109
3.1,1.690766593600272e+18,33.09727202148438,0.2263216149896383,3.8957935034799576,-0.8035374852052704,1.690766593599019e+18,33.09601904296875,-0.784820556640625,-0.2037078857421875,-0.12894287109375,1.690766593600272e+18,33.09727202148438,-7.974466604394912,-5.671333220843076,-0.636724407143332,1.690766593600272e+18,33.09727202148438,0.3369649082422256,1.1568043112754822,-0.1637674078345298,1.690766593599019e+18,33.09601904296875,0.3362999826669693,1.193307214975357,-0.1698838427662849,,,,,,,,,,,,,1.690766593600272e+18,33.09727202148438,-32.11723098754883,-41.647314453125,3.2512939453125,1.690766593602842e+18,33.09984204101563,6.367391967773438,-18.754495239257817,135.33375854492186,1.690766593600272e+18,33.09727202148438,0.9170946443728092,0.288689468271666,0.4105813188542442,-0.0796956822789885,0.8590634172316228,0.1001774666392655,0.6166638451594593
3.15,1.6907665936503818e+18,33.14738188476563,-0.6093062023311854,0.6589031184798478,-0.2100342997792735,1.690766593649129e+18,33.14612915039062,-0.896923828125,-0.50823974609375,-0.07650146484375,1.6907665936503818e+18,33.14738188476563,-8.045852392312288,-5.592155639231801,-0.3979733360283076,1.6907665936503818e+18,33.14738188476563,0.2822835257276893,0.6612844079732895,-0.2124505341053009,1.690766593649129e+18,33.14612915039062,0.2976490429136901,0.6916546702384949,-0.2137503147125243,,,,,,,,,,,,,1.6907665936503818e+18,33.14738188476563,-32.28713455200195,-41.57120895385742,4.086111450195313,1.690766593654834e+18,33.151833935546875,6.264935302734375,-18.603366088867187,135.84424743652343,1.6907665936503818e+18,33.14738188476563,0.941184410016217,0.2768971538398632,0.4259815021998753,-0.0494390013402888,0.8536695365009157,0.1143934667041065,0.6068039508419616
3.2,1.690766593700491e+18,33.19749111328125,-2.3521861098212,1.3428166426712274,-1.0881514735724032,1.6907665936992392e+18,33.1962390625,-1.050433349609375,-0.44093017578125,-0.1267120361328125,1.690766593700491e+18,33.19749111328125,-8.0046811253947,-5.659831349810958,-0.1953202179284766,1.690766593700491e+18,33.19749111328125,-0.0193087292835116,0.7811987578868866,0.8466269940137863,1.6907665936992392e+18,33.1962390625,-0.0161414723843336,0.765919852256775,0.8102362930774689,,,,,,,,,,,,,1.690766593700491e+18,33.19749111328125,-31.825882720947263,-41.609561920166016,4.681643676757813,1.6907665937068252e+18,33.203825292968745,7.337811279296875,-19.05121154785156,136.7392120361328,1.690766593700491e+18,33.19749111328125,0.9460849606474158,0.2748071309319824,0.4309142124110989,-0.0242954267265841,0.8499596201375773,0.1276304838381576,0.6152824270118585
3.25,1.6907665937506012e+18,33.24760107421875,0.8194562009119988,0.1096520979475974,-0.4990027497223391,1.6907665937493484e+18,33.246348242187494,-0.68109130859375,-0.6257781982421875,-0.02816162109375,1.6907665937506012e+18,33.24760107421875,-7.672110265090465,-6.104942430719733,0.1355628829116932,1.6907665937506012e+18,33.24760107421875,-0.2132381886243819,0.3367765573784709,0.9051309287548064,1.6907665937493484e+18,33.246348242187494,-0.2167227774858474,0.3739137232303619,0.9369245529174804,,,,,,,,,,,,,1.6907665937506012e+18,33.24760107421875,-29.33814811706543,-43.210305786132814,6.161965942382812,1.690766593753619e+18,33.250618896484376,9.668270111083984,-20.700706481933594,138.05638885498047,1.6907665937506012e+18,33.24760107421875,0.938540707239295,0.2902962366867146,0.4295511928064416,0.0177498858173338,0.8406239880276679,0.1565618631220622,0.6720412295718973
3.3,1.690766593800711e+18,33.297711083984375,-0.2534437813842296,-0.6250253987973927,0.2493027798958867,1.690766593799458e+18,33.29645815429687,-0.8198150634765625,-0.6970001220703125,0.029388427734375,1.690766593800711e+18,33.297711083984375,-7.606660296962856,-6.187525553764701,0.1407126413174718,1.690766593800711e+18,33.297711083984375,0.1433725506067275,0.0118790820240974,-0.3884729377925396,1.690766593799458e+18,33.29645815429687,0.1497524783015251,0.0086257115006446,-0.3643122315406799,,,,,,,,,,,,,1.690766593800711e+18,33.297711083984375,-28.494573211669923,-43.85858306884766,6.4583251953125,1.690766593800414e+18,33.29741391601563,9.963357543945312,-20.939736938476564,138.09625244140625,1.690766593800711e+18,33.297711083984375,0.939135744137374,0.2946106888667132,0.4291309286749912,0.0185040440404354,0.8388535624437873,0.159261907687891,0.6827943344556668
3.35,1.690766593850821e+18,33.34782114257813,-1.6172848580968378,-0.4603626598632336,-1.0799306700375677,1.690766593849568e+18,33.34656806640625,-0.9708282470703123,-0.6347503662109375,-0.0850830078125,1.690766593850821e+18,33.34782114257813,-7.833077890446782,-5.894686633676886,0.2092791303771547,1.690766593850821e+18,33.34782114257813,-0.5421813011169434,-0.1715731881558894,-1.0141475439071654,1.690766593849568e+18,33.34656806640625,-0.5277838826179504,-0.146348151564598,-1.0049456357955933,,,,,,,,,,,,,1.690766593850821e+18,33.34782114257813,-29.794994354248047,-42.92238082885742,6.6204345703125,1.6907665938524086e+18,33.34940869140625,8.18704833984375,-19.60349426269531,138.50794677734376,1.690766593850821e+18,33.34782114257813,0.9282252801342684,0.2776829615436247,0.4282608408128139,0.0266728096202297,0.8461366256204161,0.1531883739285587,0.6449486605187229
3.4,1.690766593900931e+18,33.39793095703125,-2.6451980483883615,1.4133173475432397,-0.1102261788150295,1.6907665938996782e+18,33.396678076171874,-1.09996337890625,-0.406597900390625,0.00830078125,1.690766593900931e+18,33.39793095703125,-8.098602336438297,-5.526406162087917,0.187678529455848,1.690766593900931e+18,33.39793095703125,-0.5440376222133636,-0.5525294125080109,-0.533957228064537,1.6907665938996782e+18,33.396678076171874,-0.5475315272808075,-0.5590026676654816,-0.5568553656339645,1.6907665939038638e+18,33.40086376953125,53.618897563777864,0.4199999870392758,12.574187016696756,49.27520361194769,72.6574679678306,206.01560852567025,5.9986267356999905,3.000000000000479,-122.87240244570988,3.609999895095247,1.690766593900931e+18,33.39793095703125,-31.900250244140626,-41.326534271240234,7.2147216796875,1.6907665939044037e+18,33.4014037109375,6.2217559814453125,-18.102932739257813,138.92903747558594,1.690766593900931e+18,33.39793095703125,0.892635424245768,0.2611872327498546,0.415500646448797,0.0231876528537535,0.8603778794924448,0.1372799769918716,0.5986817699086961
3.45,1.6907665939510405e+18,33.4480404296875,-0.6992014604073762,1.3007309497094155,-1.1595423906693607,1.6907665939497882e+18,33.446788134765626,-0.8833740234375,-0.42532958984375,-0.09483642578125,1.6907665939510405e+18,33.4480404296875,-8.158865841838717,-5.436384997996687,0.2185311474297754,1.6907665939510405e+18,33.4480404296875,-0.9391923546791076,-0.3183638423681259,-0.0296931533026508,1.6907665939497882e+18,33.446788134765626,-0.920395290851593,-0.3081229925155639,-0.0326193017303012,,,,,,,,,,,,,1.6907665939510405e+18,33.4480404296875,-32.83346405029297,-40.535945129394534,7.779290771484375,1.6907665939564004e+18,33.453400390625,5.720370483398438,-17.548785400390624,139.82532348632813,1.6907665939510405e+18,33.4480404296875,0.8543024285643241,0.2582397141684507,0.4000083163164227,0.0267758130585838,0.8694422798139106,0.1316270197312364,0.5875904044204685
3.5,1.69076659400115e+18,33.49815009765625,-0.0152711019855737,2.2475630044037103,0.1225449557206034,1.690766593999898e+18,33.496897802734374,-0.8302520751953125,-0.319561767578125,0.058837890625,1.69076659400115e+18,33.49815009765625,-8.152368179608583,-5.437178077296614,0.3799680671450122,1.69076659400115e+18,33.49815009765625,-0.882142961025238,-0.2915261328220367,0.1827312532812356,1.690766593999898e+18,33.496897802734374,-0.8998545408248901,-0.2811815023422241,0.1730318054556846,,,,,,,,,,,,,1.69076659400115e+18,33.49815009765625,-32.926615142822264,-40.136437225341794,9.38388671875,1.690766594003196e+18,33.50019604492188,5.621433258056641,-17.234432220458984,141.3453712463379,1.69076659400115e+18,33.49815009765625,0.7914492149170065,0.2585959472721651,0.3750714935413841,0.0465791678548322,0.8803032047915827,0.1321802831704721,0.5876885936365503
3.55,1.69076659405126e+18,33.548260058593755,0.2254317388647794,1.076264957910776,-0.9068046532756836,1.690766594050007e+18,33.54700698242188,-0.7944549560546875,-0.4700469970703125,-0.0644500732421875,1.69076659405126e+18,33.548260058593755,-8.036813930332064,-5.605914816897512,0.3810379175597056,1.69076659405126e+18,33.548260058593755,-0.6155866622924805,-0.5871178269386291,0.644356119632721,1.690766594050007e+18,33.54700698242188,-0.613067364692688,-0.5788808822631836,0.6449678659439086,,,,,,,,,,,,,1.69076659405126e+18,33.548260058593755,-32.2340705871582,-40.30628280639648,10.033828735351562,1.6907665940499948e+18,33.54699482421875,6.4465484619140625,-17.572543334960937,141.71920471191407,1.69076659405126e+18,33.548260058593755,0.7502983331195867,0.2704002236660648,0.3560764834638336,0.0473631994168291,0.8848392330557644,0.1307377216500321,0.6085383739154088
3.6,1.69076659410137e+18,33.59837006835937,0.6169850663959979,1.0417551362568138,-0.7972409569573774,1.690766594100117e+18,33.59711713867188,-0.7519561767578125,-0.479803466796875,-0.0394683837890625,1.69076659410137e+18,33.59837006835937,-7.93953113390088,-5.746002268214822,0.3429411627166345,1.69076659410137e+18,33.59837006835937,-0.5483018338680268,-0.3600804835557937,0.06571861137636,1.690766594100117e+18,33.59711713867188,-0.5517227649688721,-0.3652476996183395,0.076005819812417,,,,,,,,,,,,,1.69076659410137e+18,33.59837006835937,-31.812392044067384,-40.705281829833986,10.408206176757812,1.690766594101992e+18,33.59899208984375,6.834921264648438,-17.848004150390626,142.29712524414063,1.69076659410137e+18,33.59837006835937,0.712742897491379,0.2813464980504883,0.3380711407506953,0.043167091383335,0.8890957183511429,0.1266448678978692,0.6260263543997467
3.65,1.6907665941514798e+18,33.64847998046875,-0.0781387693089246,1.2148782450222968,0.2487876919001713,1.690766594150227e+18,33.647226953125,-0.810723876953125,-0.468701171875,0.0710205078125,1.6907665941514798e+18,33.64847998046875,-7.913586545305252,-5.777957144688964,0.3984845588730275,1.6907665941514798e+18,33.64847998046875,-0.2882987409830093,-0.0549755536951124,0.2845607817173003,1.690766594150227e+18,33.647226953125,-0.2925683766603469,-0.0494723714888095,0.274904329329729,,,,,,,,,,,,,1.6907665941514798e+18,33.64847998046875,-31.593822860717772,-40.69979019165039,11.101364135742188,1.6907665941539876e+18,33.65098754882813,7.060549926757813,-17.921359252929687,142.94095153808593,1.6907665941514798e+18,33.64847998046875,0.6868419709779238,0.2836088988439925,0.3273800577004956,0.0503188320137434,0.8923558420931073,0.1268121304094838,0.6300590985702016
3.7,1.6907665942015892e+18,33.698589453124995,1.155662202848196,0.6445701741272211,0.0066681599588319,1.6907665942003366e+18,33.697336669921874,-0.6728118896484375,-0.5390045166015625,0.040423583984375,1.6907665942015892e+18,33.698589453124995,-7.833090516119599,-5.883592174401879,0.4427535068515315,1.6907665942015892e+18,33.698589453124995,-0.1705416694283485,-0.0040815323591232,0.0671861112117767,1.6907665942003366e+18,33.697336669921874,-0.173157399892807,-0.0045924075879156,0.0849186167120933,,,,,,,,,,,,,1.6907665942015892e+18,33.698589453124995,-31.096237182617188,-41.06688690185547,11.621075439453126,1.690766594205981e+18,33.702980810546876,7.610195922851562,-18.178872680664064,143.3981964111328,1.6907665942015892e+18,33.698589453124995,0.6721849907184644,0.2895624362364186,0.3211809056584856,0.0564640842271704,0.8923104860983939,0.1295238776910128,0.6434512608353836
3.75,1.6907665942516987e+18,33.74869853515625,1.3945479989522696,0.1242339317208528,-0.1714330148671194,1.6907665942504468e+18,33.74744677734375,-0.673272705078125,-0.5745697021484375,0.041510009765625,1.6907665942516987e+18,33.74869853515625,-7.923087013387084,-5.753720178341865,0.5296952854169905,1.6907665942516987e+18,33.74869853515625,-0.0493622280657291,0.2027819737792015,-0.6432106554508209,1.6907665942504468e+18,33.74744677734375,-0.0547810638323426,0.2119937479496002,-0.6316754877567291,,,,,,,,,,,,,1.6907665942516987e+18,33.74869853515625,-31.357942199707033,-40.58862838745117,12.028988647460938,1.690766594252779e+18,33.749778869628905,7.044376373291016,-17.578311920166016,143.77028274536133,1.6907665942516987e+18,33.74869853515625,0.6665007562560911,0.2808899583264772,0.3207093301597872,0.0667327877866324,0.8950466694915662,0.1308168269854015,0.627029593824967
3.8,1.6907665943018086e+18,33.798808789062505,-0.6637146688669919,0.5883972698152065,-0.1091689979122951,1.6907665943005558e+18,33.79755590820312,-0.907550048828125,-0.5012664794921875,0.04349365234375,1.6907665943018086e+18,33.798808789062505,-8.110495720232128,-5.482684158548116,0.5694840923067555,1.6907665943018086e+18,33.798808789062505,0.0083421124145388,0.0845462832599878,-0.5670713603496551,1.6907665943005558e+18,33.79755590820312,0.0105094194412231,0.0855974602513015,-0.5747904241085052,,,,,,,,,,,,,1.6907665943018086e+18,33.798808789062505,-32.544890594482425,-39.38301162719726,12.210910034179689,1.690766594299578e+18,33.796578076171876,5.947021484375,-16.44014892578125,143.89403686523437,1.6907665943018086e+18,33.798808789062505,0.670293594547726,0.2648585152699437,0.324018584512515,0.0700974103762479,0.8991833885245846,0.1277301449761764,0.5932947721577885
3.85,1.6907665943519186e+18,33.848918701171876,-0.5886246488302946,-0.2186554935020208,0.1359835815820097,1.6907665943506657e+18,33.84766557617188,-0.9078643798828124,-0.5511627197265625,0.078863525390625,1.6907665943519186e+18,33.848918701171876,-8.246847258343696,-5.271697709143162,0.6031364714942127,1.6907665943519186e+18,33.848918701171876,0.0119779802858829,0.004895719885826,-0.5043213069438934,1.6907665943506657e+18,33.84766557617188,0.0156041532754897,0.0182914435863494,-0.5056954145431518,,,,,,,,,,,,,1.6907665943519186e+18,33.848918701171876,-33.23451614379883,-38.62821884155274,12.30279541015625,1.6907665943515735e+18,33.848573291015626,5.084323120117188,-15.615847778320312,143.98218688964843,1.6907665943519186e+18,33.848918701171876,0.6735318910379189,0.2525059189931241,0.3266530621169893,0.0730092188331269,0.9020912808402008,0.1255219775552735,0.567562481735677
3.9,1.6907665944020288e+18,33.8990287109375,-1.7495616941154002,-0.0999761563944816,0.1360121939285099,1.6907665944007757e+18,33.89777573242188,-1.0326202392578123,-0.531207275390625,0.0782562255859375,1.6907665944020288e+18,33.8990287109375,-8.346457387130856,-5.110165786354541,0.6254637244559451,1.6907665944020288e+18,33.8990287109375,-0.0401467926334589,0.1752199947834014,-0.2820944130420684,1.6907665944007757e+18,33.89777573242188,-0.0363840538077056,0.1719924816861748,-0.2831150084733963,,,,,,,,,,,,,1.6907665944020288e+18,33.8990287109375,-34.123007202148436,-37.975103759765624,12.33741455078125,1.6907665944035697e+18,33.9005697265625,4.2910919189453125,-14.9319091796875,144.0626220703125,1.6907665944020288e+18,33.8990287109375,0.6737898837434306,0.2433579619359915,0.3275451403637813,0.0747913144977363,0.90457986120496,0.1233715697939564,0.5481344129195345
3.95,1.6907665944521388e+18,33.949138720703125,-2.692950564166307,1.2142931386107203,0.5527116239279508,1.6907665944508856e+18,33.947885693359375,-1.1401031494140623,-0.37509765625,0.1385833740234375,1.6907665944521388e+18,33.949138720703125,-8.40456295461893,-5.000364050803184,0.7269292937710136,1.6907665944521388e+18,33.949138720703125,0.0410346653312444,0.2754435807466507,-0.2342585623264312,1.6907665944508856e+18,33.947885693359375,0.0409385386854409,0.2764613628387451,-0.2341079413890838,,,,,,,,,,,,,1.6907665944521388e+18,33.949138720703125,-34.53064193725586,-37.52921981811524,12.60133056640625,1.6907665944555666e+18,33.952566503906255,3.9776763916015625,-14.5084228515625,144.34483642578124,1.6907665944521388e+18,33.949138720703125,0.6760390396342927,0.2353692756260078,0.3302763525033142,0.0862717521482775,0.905223715492412,0.1268171857201065,0.5350659590519082
4.0,1.6907665945022477e+18,33.99924765625,-1.8190887024235725,0.9142661774888634,1.0101061839266865,1.6907665945009956e+18,33.997995703125,-1.0306304931640624,-0.4108062744140625,0.19521484375,1.6907665945022477e+18,33.99924765625,-8.45939858975172,-4.880949502062798,0.8833781265286355,1.6907665945022477e+18,33.99924765625,0.2100413739681243,0.5160371780395507,-0.3792403757572174,1.6907665945009956e+18,33.997995703125,0.2046356439590453,0.5279875576496125,-0.3740510404109954,,,,,,,,,,,,,1.6907665945022477e+18,33.99924765625,-34.78125762939453,-37.10704574584961,13.223739624023438,1.6907665945023644e+18,33.99936437988281,3.767841339111328,-14.2181396484375,145.0601348876953,1.6907665945022477e+18,33.99924765625,0.6845100076275935,0.2254181175976065,0.3364563029666836,0.1040318090127482,0.9044882816303016,0.1336385500813778,0.5209736232586698
4.05,1.6907665945523576e+18,34.049357666015624,-0.9453404717361928,1.03182405089885,1.220148893514648,1.6907665945511053e+18,34.0481052734375,-0.9756500244140623,-0.365423583984375,0.2169189453125,1.6907665945523576e+18,34.049357666015624,-8.560029059949517,-4.692438620742559,0.9338246890830992,1.6907665945523576e+18,34.049357666015624,0.3608008563518524,0.1128886707127093,-0.5308174252510071,1.6907665945511053e+18,34.0481052734375,0.362050837278366,0.1207466058433055,-0.5299453973770142,,,,,,,,,,,,,1.6907665945523576e+18,34.049357666015624,-35.37842330932617,-36.47290267944336,13.258993530273438,1.6907665945491628e+18,34.046162890625,3.1407623291015625,-13.550540161132812,144.88955078125,1.6907665945523576e+18,34.049357666015624,0.7062538281199201,0.2131255956333246,0.347216082834812,0.1086696990603318,0.9032560148805192,0.1346260018667618,0.4989546649759502
4.1,1.6907665946024678e+18,34.099467773437496,-0.2095526172095537,1.5344706150966885,0.6379145448563992,1.6907665946012147e+18,34.098214697265625,-0.88360595703125,-0.29849853515625,0.163568115234375,1.6907665946024678e+18,34.099467773437496,-8.66350825602889,-4.488885477756559,0.9787101834443211,1.6907665946024678e+18,34.099467773437496,0.359115844964981,0.5627119302749634,-0.4909010291099548,1.6907665946012147e+18,34.098214697265625,0.3617860615253448,0.5590118348598481,-0.489828497171402,,,,,,,,,,,,,1.6907665946024678e+18,34.099467773437496,-35.889766693115234,-35.696842193603516,13.06356201171875,1.6907665946011602e+18,34.09816030273437,2.57418212890625,-12.8431396484375,144.76292419433594,1.6907665946024678e+18,34.099467773437496,0.7307458671000701,0.2000789518973915,0.3590512914255815,0.1124751317408076,0.9015450879814304,0.1350177179030783,0.4754607966220326
4.15,1.6907665946525778e+18,34.14957768554687,1.2276449045193194,1.34714935272634,1.1487717419081924,1.690766594651325e+18,34.14832465820312,-0.774066162109375,-0.3040283203125,0.239617919921875,1.6907665946525778e+18,34.14957768554687,-8.743552449793814,-4.288545685406923,1.1513079385484009,1.6907665946525778e+18,34.14957768554687,0.3197564542293548,0.3347965754568577,-0.4173070967197418,1.690766594651325e+18,34.14832465820312,0.3188690662384033,0.3606639180332422,-0.4252628803253174,,,,,,,,,,,,,1.6907665946525778e+18,34.14957768554687,-36.47082443237305,-35.289025115966794,13.42850341796875,1.690766594653161e+18,34.150161035156245,1.9935455322265625,-12.242575073242188,145.17369995117187,1.6907665946525778e+18,34.14957768554687,0.7532049078961756,0.1847635263648542,0.371261359757596,0.1309151130843079,0.8988615225280894,0.1416079511101129,0.4526126340374854
4.2,1.6907665947026875e+18,34.19968764648438,-0.1385730720055103,1.0107751253902912,1.1776405766135454,1.6907665947014346e+18,34.198434765625,-0.9170928955078124,-0.3250152587890625,0.2287628173828125,1.6907665947026875e+18,34.19968764648438,-8.779678123759627,-4.23112582054764,1.0876931499587,1.6907665947026875e+18,34.19968764648438,0.3675911784172058,-0.1680171027779578,0.0864259855821728,1.6907665947014346e+18,34.198434765625,0.3676267981529236,-0.1574856564402579,0.0766694219550117,,,,,,,,,,,,,1.6907665947026875e+18,34.19968764648438,-36.767198944091795,-34.99402923583985,13.1506103515625,1.6907665947051607e+18,34.202160693359374,1.78526611328125,-12.194625854492188,144.54193420410155,1.6907665947026875e+18,34.19968764648438,0.7744959861767352,0.1817604741902836,0.3801974305264481,0.1232550897621952,0.896149111531449,0.1389986166289512,0.4461057659309067
4.25,1.690766594752797e+18,34.24979692382813,-0.1488597220289707,1.301492873992622,1.0560275241416692,1.6907665947515448e+18,34.2485447265625,-0.9008544921875,-0.31448974609375,0.194775390625,1.690766594752797e+18,34.24979692382813,-8.746526730977298,-4.341410546536446,0.9035067515479772,1.690766594752797e+18,34.24979692382813,0.4662696719169616,-0.2169365376234054,0.206967569887638,1.6907665947515448e+18,34.2485447265625,0.4638413250446319,-0.2155191868543624,0.2145333401858806,,,,,,,,,,,,,1.690766594752797e+18,34.24979692382813,-36.75107955932617,-35.51746292114258,11.950582885742188,1.6907665947571564e+18,34.254156445312496,1.84619140625,-12.843521118164062,143.26504211425782,1.690766594752797e+18,34.24979692382813,0.796892490712219,0.1897886196925937,0.3880962026255098,0.1029219670347482,0.891807893350394,0.1342514945070012,0.458612004191213
4.3,1.6907665948029066e+18,34.299906640625,0.0033783027136325,0.5088452434813975,0.3639764907847344,1.6907665948016543e+18,34.2986544921875,-0.8991119384765625,-0.3959564208984375,0.1151031494140625,1.6907665948029066e+18,34.299906640625,-8.751611603800058,-4.353843385582268,0.7893403618202358,1.6907665948029066e+18,34.299906640625,0.4308502554893493,0.2334530256688594,-0.1833339810371398,1.6907665948016543e+18,34.2986544921875,0.4383424162864685,0.2269608177244663,-0.1802970170974731,,,,,,,,,,,,,1.6907665948029066e+18,34.299906640625,-36.69620819091797,-35.91969985961914,10.8396484375,1.690766594803949e+18,34.30094921875,1.8735923767089844,-13.107982635498049,142.34632873535156,1.6907665948029066e+18,34.299906640625,0.8246222972492111,0.1911294037352345,0.3991684154053596,0.0899498526122041,0.887050725570513,0.131371082985512,0.4600241563960461
4.35,1.6907665948530168e+18,34.35001669921875,-0.088887893051505,0.132014268785715,0.3589387742654233,1.6907665948517637e+18,34.348763671875,-0.894293212890625,-0.4292083740234375,0.130462646484375,1.6907665948530168e+18,34.35001669921875,-8.763133816193939,-4.311302876138091,0.8880212030941248,1.6907665948530168e+18,34.35001669921875,0.1001741796731948,0.4029616296291351,-0.036823690868914,1.6907665948517637e+18,34.348763671875,0.1088976126164197,0.4096396088600159,-0.0401188697665929,,,,,,,,,,,,,1.6907665948530168e+18,34.35001669921875,-36.81434097290039,-35.728948974609374,10.912191772460938,1.6907665948507415e+18,34.347741406249995,1.7831787109375,-12.875628662109374,142.62981567382812,1.6907665948530168e+18,34.35001669921875,0.8416474003529555,0.1855954074223056,0.4078633426679545,0.1009904428868765,0.8834256126029754,0.1369373136978486,0.4551873190488343
4.4,1.6907665949031268e+18,34.40012680664062,0.6833999632591009,0.0057569560915231,1.0064719483036548,1.6907665949018737e+18,34.39887373046875,-0.827239990234375,-0.434710693359375,0.2129669189453125,1.6907665949031268e+18,34.40012680664062,-8.762214480165838,-4.284404873888194,1.018543684339076,1.6907665949031268e+18,34.40012680664062,0.0193026283290237,0.0978882297873496,-0.0871821917593478,1.6907665949018737e+18,34.39887373046875,0.0146497293375432,0.1176120679825544,-0.0877172306179999,1.6907665949117617e+18,34.40876171875,54.62518354412168,0.4699999988584115,15.083397027178997,49.27509981131329,73.66375394817442,194.0624944416598,4.9156146938932235,3.1236681886013984,-122.87237412791266,2.1800000667570725,1.6907665949031268e+18,34.40012680664062,-36.62247924804687,-35.75019760131836,11.562939453125,1.6907665949027364e+18,34.3997365234375,1.9170684814453125,-12.870938110351563,143.2586456298828,1.6907665949031268e+18,34.40012680664062,0.8434735951023761,0.1810954896901865,0.4100881792541972,0.1157224932155368,0.8823696810487887,0.1430195131163405,0.4521363130146419
4.45,1.6907665949532367e+18,34.45023662109375,-0.0925704978609085,0.1324527771073579,0.9566646919529884,1.6907665949519836e+18,34.44898369140625,-0.9074005126953124,-0.424725341796875,0.1897369384765625,1.6907665949532367e+18,34.45023662109375,-8.76786107852459,-4.2877094683915375,0.9533096678236126,1.6907665949532367e+18,34.45023662109375,0.1857988893985747,-0.2183590441942215,0.1369912138208746,1.6907665949519836e+18,34.44898369140625,0.1851614952087402,-0.2067523807287216,0.1284004219342022,,,,,,,,,,,,,1.6907665949532367e+18,34.45023662109375,-36.67805938720703,-35.637000274658206,11.3418212890625,1.690766594954733e+18,34.451733154296875,1.963671875,-12.834097290039065,142.79345092773437,1.6907665949532367e+18,34.45023662109375,0.8507767022194365,0.1822736635756213,0.4126231972698385,0.108298037462233,0.8813498270068916,0.1404848918754552,0.4525116080253037
4.5,1.6907665950033462e+18,34.500346044921876,-0.3388035003095864,0.0451468925502895,0.846429971811846,1.6907665950020938e+18,34.49909375,-0.9212921142578124,-0.450518798828125,0.156890869140625,1.6907665950033462e+18,34.500346044921876,-8.709872181605697,-4.444881500857174,0.7336832177041097,1.6907665950033462e+18,34.500346044921876,0.2282176703214645,-0.5805531680583954,0.5363185822963714,1.6907665950020938e+18,34.49909375,0.2280860573053359,-0.5674579024314881,0.5291279673576355,,,,,,,,,,,,,1.6907665950033462e+18,34.500346044921876,-36.278202056884766,-36.26850128173828,10.285842895507812,1.6907665950067277e+18,34.503727490234375,2.5005096435546874,-13.691259765625,141.56780700683595,1.6907665950033462e+18,34.500346044921876,0.8612529988706316,0.1945416726345932,0.4144533852103871,0.0839982103863929,0.8788102482027232,0.1343121989449469,0.4704259487039014
4.55,1.690766595053456e+18,34.55045576171875,-0.1409184076356887,-0.0253479086506366,0.5676079158648103,1.6907665950522035e+18,34.549203710937505,-0.8853118896484375,-0.486566162109375,0.095159912109375,1.690766595053456e+18,34.55045576171875,-8.584988846065402,-4.720827679880857,0.4072211006841808,1.690766595053456e+18,34.55045576171875,0.2086300402879715,-0.6196848392486572,0.6455350041389465,1.6907665950522035e+18,34.549203710937505,0.2096924573183059,-0.6160368204116822,0.6490909218788147,,,,,,,,,,,,,1.690766595053456e+18,34.55045576171875,-35.574266815185545,-37.54246368408203,8.690951538085937,1.6907665950535232e+18,34.550523193359375,3.1232261657714844,-14.969295501708984,140.0539436340332,1.690766595053456e+18,34.55045576171875,0.872789586402779,0.215454026967356,0.414599946538272,0.047345543100454,0.8751104825380389,0.1257969751485644,0.5022647836255024
4.6,1.6907665951035656e+18,34.60056567382812,0.0246616799521446,-0.1362221249651908,0.436034354664348,1.6907665951023127e+18,34.5993126953125,-0.8660064697265625,-0.5207244873046875,0.0543975830078125,1.6907665951035656e+18,34.60056567382812,-8.467903617055416,-4.94379495755434,0.1242985784718789,1.6907665951035656e+18,34.60056567382812,0.2056854099035262,-0.488588809967041,0.4058729112148285,1.6907665951023127e+18,34.5993126953125,0.2066615134477614,-0.4871192693710327,0.4075784742832183,,,,,,,,,,,,,1.6907665951035656e+18,34.60056567382812,-34.67566070556641,-38.60343933105469,7.391046142578125,1.690766595100318e+18,34.59731787109375,3.9485076904296874,-15.831439208984374,138.96434326171874,1.6907665951035656e+18,34.60056567382812,0.8839390824075675,0.2330050544917304,0.4145814421390456,0.0146496004260506,0.8717020090700984,0.1180860614504725,0.5283793499619106
4.65,1.6907665951536758e+18,34.650675732421874,-0.0918611220955848,-0.0658600686854123,0.1667504045289475,1.690766595152423e+18,34.64942270507812,-0.8521820068359375,-0.5308746337890625,0.0119903564453125,1.6907665951536758e+18,34.650675732421874,-8.354882334935665,-5.134046895775199,-0.0488061157991189,1.6907665951536758e+18,34.650675732421874,0.0509987229481339,-0.131431034207344,0.5133756637573242,1.690766595152423e+18,34.64942270507812,0.056058795005083,-0.1302328910678624,0.5126626551151275,,,,,,,,,,,,,1.6907665951536758e+18,34.650675732421874,-34.010980224609376,-39.51115112304687,6.523373413085937,1.6907665951523128e+18,34.64931274414063,4.657415771484375,-16.7428466796875,138.15916137695314,1.6907665951536758e+18,34.650675732421874,0.892813136313562,0.2465830998837067,0.4147202657359179,-0.0058500775291099,0.8683239887680342,0.1149044877278827,0.5510021085113916
4.7,1.690766595203786e+18,34.70078583984375,0.5264834253114461,-0.4209605068969725,0.7188801789282262,1.6907665952025329e+18,34.69953286132812,-0.7882904052734375,-0.589654541015625,0.0665435791015625,1.690766595203786e+18,34.70078583984375,-8.237099420598149,-5.32051440547347,-0.0998892507759015,1.690766595203786e+18,34.70078583984375,0.0240881636738776,-0.1391040444374084,0.35281583070755,1.6907665952025329e+18,34.69953286132812,0.0245591387618332,-0.1343409240245819,0.3593908727169037,,,,,,,,,,,,,1.690766595203786e+18,34.70078583984375,-33.21385498046875,-40.157518768310545,6.29586181640625,1.6907665952043077e+18,34.701307275390626,5.5514892578125,-17.374237060546875,137.8689392089844,1.690766595203786e+18,34.70078583984375,0.8944509800360182,0.2575160618155304,0.4132501939436125,-0.0121338077220723,0.8655627938706546,0.1170622741559024,0.5734674199949423
4.75,1.6907665952538957e+18,34.75089580078125,0.2844013466101884,-0.7692326772975921,1.0327933635485171,1.6907665952526426e+18,34.74964272460937,-0.801287841796875,-0.632501220703125,0.0913909912109375,1.6907665952538957e+18,34.75089580078125,-8.180837435150146,-5.406610388171076,-0.111953525024075,1.6907665952538957e+18,34.75089580078125,-0.0117045704275369,0.0399728653021157,-0.0149227984249591,1.6907665952526426e+18,34.74964272460937,-0.0070995615795254,0.0545567706227302,0.0024504803121089,,,,,,,,,,,,,1.6907665952538957e+18,34.75089580078125,-32.62846145629883,-40.5243408203125,6.0846923828125,1.690766595256303e+18,34.75330322265625,5.997039794921875,-17.678045654296874,137.74837646484374,1.6907665952538957e+18,34.75089580078125,0.896206252158164,0.2622567206085923,0.4131355689438434,-0.0136835146297615,0.8639592136672707,0.1188015883190257,0.5839471342731025
4.8,1.6907665953040049e+18,34.80100478515625,-0.7462763984107971,-0.1956330467373132,0.471322752168849,1.6907665953027528e+18,34.79975288085937,-0.9381317138671876,-0.5484588623046875,0.033575439453125,1.6907665953040049e+18,34.80100478515625,-8.245147702497244,-5.3065715710300205,-0.1617825511618703,1.6907665953040049e+18,34.80100478515625,-0.3122697800397872,-0.3655868828296661,-0.2584007286466658,1.6907665953027528e+18,34.79975288085937,-0.3080249905586242,-0.3661971628665924,-0.2691416695713997,,,,,,,,,,,,,1.6907665953040049e+18,34.80100478515625,-33.04429550170899,-40.23689346313476,6.080572509765625,1.690766595303098e+18,34.800097778320314,5.3829803466796875,-17.301570892333984,137.76155471801758,1.6907665953040049e+18,34.80100478515625,0.8867930644118098,0.2587550258674886,0.4090774507884033,-0.0196120288543982,0.8677740715897663,0.1124821197002678,0.5717732258933247
4.85,1.6907665953541148e+18,34.851114892578124,-1.4054728299748898,0.538208934418559,1.1843797486754506,1.6907665953528622e+18,34.84986220703125,-0.9689666748046876,-0.4926483154296875,0.1077880859375,1.6907665953541148e+18,34.851114892578124,-8.243279453633427,-5.310421466004252,-0.1289558073169644,1.6907665953541148e+18,34.851114892578124,-0.0281578347086906,0.2140318065881728,0.1599819920957088,1.6907665953528622e+18,34.84986220703125,-0.0354427326470613,0.2150859951972961,0.1637934625148772,,,,,,,,,,,,,1.6907665953541148e+18,34.851114892578124,-33.18514175415039,-39.97305603027344,6.3034912109375,1.690766595349893e+18,34.8468931640625,5.413790893554688,-17.140643310546874,137.9903533935547,1.6907665953541148e+18,34.851114892578124,0.8744564561845636,0.2588486372045587,0.404205812457196,-0.015636478864507,0.8700042889416719,0.112705674474437,0.5722371576152797
4.9,1.6907665954042248e+18,34.901224755859374,-0.1938010382306575,-0.0172274967503547,0.3520016374258976,1.6907665954029716e+18,34.89997182617187,-0.8702117919921875,-0.5367431640625,0.0200897216796875,1.6907665954042248e+18,34.901224755859374,-8.259167343116998,-5.286497803390025,-0.0856467127799847,1.6907665954042248e+18,34.901224755859374,-0.0556413952261209,-0.1079174455255269,-0.2989653706550598,1.6907665954029716e+18,34.89997182617187,-0.0508215827867388,-0.0892979733645915,-0.2894905090332031,,,,,,,,,,,,,1.6907665954042248e+18,34.901224755859374,-33.22301254272461,-39.95305633544922,6.486325073242187,1.6907665954018862e+18,34.89888603515625,5.3361968994140625,-17.072506713867188,138.16100463867187,1.6907665954042248e+18,34.901224755859374,0.8752064421938369,0.2564815702781366,0.4053903875178628,-0.010366264652258,0.8699184934460014,0.1145051427136408,0.5693426127498602
4.95,1.6907665954543347e+18,34.95133481445312,-1.670211795451045,0.7603235115593671,-0.3119234757610596,1.690766595453082e+18,34.950081835937496,-1.022564697265625,-0.4437591552734375,-0.0469024658203125,1.6907665954543347e+18,34.95133481445312,-8.336982404203415,-5.162242828881144,-0.1253475335989892,1.6907665954543347e+18,34.95133481445312,-0.1855678766965865,-0.0689887799322604,-0.1614255033433436,1.690766595453082e+18,34.950081835937496,-0.1822721779346466,-0.0751227684319019,-0.1696777697652578,,,,,,,,,,,,,1.6907665954543347e+18,34.95133481445312,-33.72695693969727,-39.45981903076172,6.39866943359375,1.690766595453882e+18,34.950881787109374,4.773663330078125,-16.55280456542969,138.1428009033203,1.6907665954543347e+18,34.95133481445312,0.8677585943706736,0.2513230268185308,0.4024682792928036,-0.0150344083687188,0.8735474552679625,0.1084774315085007,0.5543652624743922
5.0,1.690766595504445e+18,35.00144487304688,-0.5149510422366858,0.6412212144124507,-0.2929691807909309,1.6907665955031918e+18,35.000191796875,-0.8948760986328125,-0.4609161376953125,-0.0290496826171875,1.690766595504445e+18,35.00144487304688,-8.357900572165251,-5.129690921748876,-0.0182171448252326,1.690766595504445e+18,35.00144487304688,-0.2945232331752777,0.1552105776965617,-0.0630076449364423,1.6907665955031918e+18,35.000191796875,-0.2890687644481658,0.1666753217577934,-0.0591387934982775,,,,,,,,,,,,,1.690766595504445e+18,35.00144487304688,-33.902208709716795,-39.42258834838867,6.929559326171875,1.6907665955058775e+18,35.00287758789062,4.610037231445313,-16.54462890625,138.81079711914063,1.690766595504445e+18,35.00144487304688,0.8546949884357675,0.2477677240410797,0.398585645636074,-0.0021828051196927,0.8759345721707147,0.1116845948994784,0.5504645326328703
5.05,1.6907665955545544e+18,35.05155424804688,-0.2640147428548335,0.7782215718215704,-0.2174542516996804,1.6907665955533018e+18,35.0503017578125,-0.887689208984375,-0.4337310791015625,-0.010528564453125,1.6907665955545544e+18,35.05155424804688,-8.385906535657048,-5.08284640227437,0.1022631567400693,1.6907665955545544e+18,35.05155424804688,-0.4398892998695373,0.0022857382893562,-0.0609294239431619,1.6907665955533018e+18,35.0503017578125,-0.43889741897583,0.0062221031635999,-0.0669096831232309,,,,,,,,,,,,,1.6907665955545544e+18,35.05155424804688,-34.29955139160156,-39.1428581237793,7.776641845703125,1.6907665955526715e+18,35.04967181396484,4.235599517822266,-16.199817657470703,139.58507537841797,1.6907665955545544e+18,35.05155424804688,0.8328820681029165,0.2437038905130533,0.3910779759865509,0.0121911830042262,0.8801201300712262,0.1142149222315115,0.5448696007652909
5.1,1.6907665956046638e+18,35.10166376953125,-0.1435565887326002,1.1268971792304516,-0.1462959578751399,1.6907665955984005e+18,35.095400634765625,-0.8724746704101562,-0.402923583984375,0.0117683410644531,1.6907665956046638e+18,35.10166376953125,-8.362832183348536,-5.1166246363312,0.2273695312204212,1.6907665956046638e+18,35.10166376953125,-0.2975565075874328,0.0675885595381259,0.2121259391307831,1.6907665955984005e+18,35.095400634765625,-0.3141410239040851,0.1102725146338343,0.2189567759633063,,,,,,,,,,,,,1.6907665956046638e+18,35.10166376953125,-34.16812744140625,-39.06825561523438,8.629818725585938,1.6907665955994665e+18,35.09646640625,4.439324951171875,-16.254598999023436,140.3774841308594,1.6907665956046638e+18,35.10166376953125,0.8110252156381964,0.2438592752704087,0.3830776077633952,0.0271882728281985,0.8829689644060619,0.118925635085328,0.548904296159655
5.15,1.69076659563473e+18,35.13172998046875,0.4709147997289896,0.6466109738528728,-0.503288142730482,,,,,,1.69076659563473e+18,35.13172998046875,-8.333772326889633,-5.1619256673038,0.2704520678129047,1.69076659563473e+18,35.13172998046875,-0.2813700437545776,-0.1263877004384994,0.1252028048038482,,,,,,,,,,,,,,,,,,1.69076659563473e+18,35.13172998046875,-33.813568115234375,-39.015995025634766,9.065460205078123,1.6907665956514616e+18,35.14846176757813,4.817263793945313,-16.309817504882812,140.86146240234376,1.69076659563473e+18,35.13172998046875,0.8017080448995252,0.2458161382351374,0.3793499053792072,0.0324411522133953,0.8837407851124102,0.1211209757922874,0.5543255386632028
5.2,,,,,,,,,,,,,,,,,,,,,,,,,,,,,,,,,,,,,,,,,,,1.6907665957034596e+18,35.20045966796875,4.690573120117188,-16.026156616210937,141.08599243164062,,,,,,,,,
5.25,,,,,,,,,,,,,,,,,,,,,,,,,,,,,,,,,,,,,,,,,,,1.690766595755457e+18,35.25245717773437,4.512265014648437,-15.808261108398437,141.53245849609374,,,,,,,,,
5.3,,,,,,,,,,,,,,,,,,,,,,,,,,,,,,,,,,,,,,,,,,,1.6907665958022533e+18,35.29925329589844,4.707065582275391,-15.800716400146484,141.95037460327148,,,,,,,,,
5.35,,,,,,,,,,,,,,,,,,,,,,,,,,,,,,,,,,,,,,,,,,,1.690766595828251e+18,35.3252509765625,5.2102203369140625,-15.9674072265625,142.09738159179688,,,,,,,,,
