time,z,y,x
0.135490234375,8.671504974365234,4.0089545249938965,-2.2292144298553467
0.15279150390625,8.628847122192383,3.9986820220947266,-2.406167984008789
0.170093505859375,8.549830436706543,4.119617462158203,-2.482995986938477
0.187387451171875,8.497465133666992,4.271924018859863,-2.404134750366211
0.204698974609375,8.45834732055664,4.4210333824157715,-2.2686877250671387
0.22200244140625,8.462733268737793,4.488883018493652,-2.1138060092926025
0.239294921875,8.519486427307129,4.439052581787109,-1.9872788190841677
0.256608154296875,8.59968376159668,4.307437896728516,-1.9306806325912476
0.273904052734375,8.649591445922852,4.2509446144104,-1.83034086227417
0.291217041015625,8.638566017150879,4.316634178161621,-1.7256771326065063
0.30851806640625,8.58503532409668,4.460803031921387,-1.6231167316436768
0.32582080078125,8.490591049194336,4.655147552490234,-1.573393702507019
0.34312158203125,8.35938835144043,4.8982930183410645,-1.5373601913452148
0.3604169921875,8.207723617553711,5.17629861831665,-1.4405958652496338
0.3777216796875,8.048355102539062,5.4340620040893555,-1.3896268606185913
0.39503271484375,7.988590717315674,5.531390190124512,-1.3499099016189575
0.412335693359375,8.086715698242188,5.398093223571777,-1.304502010345459
0.429639892578125,8.338216781616211,5.036673069000244,-1.1585257053375244
0.4469423828125,8.658968925476074,4.512206554412842,-0.9478177428245544
0.4642451171875,8.889873504638672,4.048388481140137,-0.90378075838089
0.48153759765625,8.970939636230469,3.804919958114624,-1.131784200668335
0.4988408203125,8.891705513000488,3.792437076568603,-1.6706584692001345
0.516146484375,8.653878211975098,3.9153974056243896,-2.4527859687805176
0.53345556640625,8.280338287353516,4.095125198364258,-3.301825523376465
0.55076318359375,7.81095552444458,4.255044460296631,-4.137594223022461
0.56806396484375,7.286198616027832,4.291707992553711,-4.972792148590088
0.5853671875,6.726805210113525,4.101785182952881,-5.844789981842041
0.602669921875,6.117452621459961,3.648789644241333,-6.745311260223389
0.61997314453125,5.424007892608643,3.008784532546997,-7.600228309631348
0.6372763671875,4.641055583953857,2.320793867111206,-8.325302124023438
0.654577392578125,3.835591316223145,1.6346070766448977,-8.879887580871582
0.671884521484375,3.125231981277466,0.9620243310928344,-9.248973846435549
0.689185546875,2.6645822525024414,0.3786648213863373,-9.43359661102295
0.706488525390625,2.505702257156372,-0.0905239656567573,-9.48416519165039
0.723792236328125,2.592137575149536,-0.5259491801261902,-9.44670867919922
0.7410947265625,2.6543893814086914,-1.0036029815673828,-9.390586853027344
0.758386962890625,2.5450305938720703,-1.508146047592163,-9.353311538696287
0.775701171875,2.3478081226348877,-1.9906238317489624,-9.314577102661133
0.793004150390625,2.1729042530059814,-2.5325520038604736,-9.225008964538574
0.810305419921875,1.7149983644485474,-3.2528252601623535,-9.094724655151367
0.82761572265625,1.260344624519348,-3.768734216690063,-8.969073295593262
0.84491357421875,1.2419767379760742,-3.86992859840393,-8.92845344543457
0.862216796875,1.7321453094482422,-3.678959369659424,-8.927545547485352
0.879519287109375,2.222869396209717,-3.559465169906616,-8.867082595825195
0.896822998046875,2.4257006645202637,-3.670452117919922,-8.76811695098877
0.914124267578125,2.5375068187713623,-3.8937981128692623,-8.63918399810791
0.93142919921875,2.6288645267486572,-4.138992786407471,-8.496700286865234
0.948730224609375,2.7032363414764404,-4.382083892822266,-8.35020637512207
0.96603662109375,2.802375316619873,-4.635871410369873,-8.178723335266113
0.983336669921875,2.939523458480835,-4.975512981414795,-7.927143096923828
1.000642822265625,3.1895294189453125,-5.319952487945557,-7.60007381439209
1.01793310546875,3.3899807929992676,-5.708817005157471,-7.221742630004883
1.035247314453125,3.309495449066162,-6.215267181396484,-6.830359935760498
1.052550537109375,2.999481439590454,-6.72207498550415,-6.484822750091553
1.069853759765625,2.886003255844116,-7.004937171936035,-6.232010841369629
1.08715380859375,3.048222064971924,-7.126250743865967,-6.013402462005615
1.10446435546875,3.1912121772766113,-7.26323127746582,-5.770420551300049
1.12175830078125,3.028127431869507,-7.528914451599121,-5.511987209320068
1.13906884765625,2.581049919128418,-7.840418338775635,-5.301143646240234
1.156368408203125,2.0611939430236816,-8.034445762634277,-5.2378716468811035
1.173669189453125,1.9336941242218015,-8.055150985717773,-5.254663944244385
1.19096728515625,1.7851158380508425,-8.026273727416992,-5.350553512573242
1.20826904296875,1.5881166458129885,-7.981082439422607,-5.478714466094971
1.225580810546875,1.4490448236465454,-7.879920482635498,-5.6606764793396
1.242884521484375,1.324832320213318,-7.803219318389893,-5.795750617980957
1.260187744140625,1.1796547174453735,-7.775328159332275,-5.864195823669434
1.27749072265625,1.034014105796814,-7.750970363616943,-5.923629283905029
1.294793701171875,0.921389102935791,-7.698252201080322,-6.01032829284668
1.312086181640625,0.8673514723777771,-7.632566452026367,-6.10145378112793
1.329397216796875,0.8229377269744873,-7.5851545333862305,-6.166387557983398
1.346705810546875,0.7569215297698975,-7.552221775054932,-6.215073585510254
1.364002685546875,0.681580126285553,-7.530340671539307,-6.250242710113525
1.38130126953125,0.5784252882003784,-7.50598669052124,-6.289809226989746
1.3986123046875,0.4216936230659485,-7.460829257965088,-6.355654239654541
1.415916015625,0.2486627995967865,-7.39499044418335,-6.441150188446045
1.43320751953125,0.1127641424536705,-7.312238216400147,-6.538697242736816
1.450521728515625,0.026370944455266,-7.206011772155762,-6.656486988067627
1.467813232421875,-0.0240823440253734,-7.091770172119141,-6.778078079223633
1.485131591796875,-0.0595211498439312,-6.982845306396484,-6.890026569366455
1.50242822265625,-0.0631627961993217,-6.868622779846191,-7.003866195678711
1.519734130859375,-0.0442505590617656,-6.738689422607422,-7.1291117668151855
1.537036865234375,-0.0172182973474264,-6.586191654205322,-7.270344257354736
1.55434033203125,-0.0340688042342662,-6.403221607208252,-7.431939601898193
1.571643310546875,-0.0263376142829656,-6.192842960357666,-7.608161926269531
1.58893310546875,0.0441874116659164,-5.991715431213379,-7.767466068267822
1.6062529296875,0.1667748838663101,-5.825271129608154,-7.891421318054199
1.623549560546875,0.3243082165718078,-5.679538726806641,-7.992106914520264
1.640858154296875,0.5026746392250061,-5.5340046882629395,-8.084443092346191
1.658148193359375,0.6957497000694275,-5.417327404022217,-8.148903846740723
1.6754619140625,0.8837669491767883,-5.34232759475708,-8.180136680603027
1.692765380859375,1.080988883972168,-5.355576038360596,-8.147722244262695
1.710050537109375,1.3116848468780518,-5.5134687423706055,-8.007326126098633
1.72737109375,1.5098206996917725,-5.816910266876221,-7.753716945648193
1.744674072265625,1.6358182430267334,-6.189177513122559,-7.433323860168457
1.76197509765625,1.6407995223999023,-6.591663360595703,-7.07770299911499
1.779282958984375,1.4950611591339111,-6.936676979064941,-6.773730754852295
1.79658349609375,1.4268107414245603,-7.14582633972168,-6.5679144859313965
1.81388427734375,1.3943511247634888,-7.218208312988281,-6.495333671569824
1.83119287109375,1.374229073524475,-7.258886814117432,-6.454158306121826
1.84849267578125,1.418615221977234,-7.329358100891113,-6.36428689956665
1.86578515625,1.574946403503418,-7.443294048309326,-6.192983627319336
1.883097412109375,1.7126389741897583,-7.557093143463135,-6.016088008880615
1.90040380859375,1.761058688163757,-7.636315822601318,-5.900970935821533
1.917694091796875,1.784694790840149,-7.694811344146728,-5.81728982925415
1.935008544921875,1.8153774738311768,-7.76429557800293,-5.714562892913818
1.95231689453125,1.8349546194076536,-7.835039138793945,-5.610813140869141
1.969614990234375,1.836915135383606,-7.882644653320312,-5.543083667755127
1.98690673828125,1.8357503414154053,-7.89530611038208,-5.525420188903809
2.00421875,1.844865560531616,-7.899934768676758,-5.5157599449157715
2.0215263671875,1.8517951965332031,-7.903398036956787,-5.508471488952637
2.038827392578125,1.8399258852005005,-7.917352676391602,-5.492386341094971
2.056129638671875,1.7856695652008057,-7.94382381439209,-5.472034454345703
2.073430419921875,1.729822278022766,-7.979001998901367,-5.438690662384033
2.09073876953125,1.6287882328033447,-8.057312965393066,-5.353772163391113
2.108037109375,1.2555569410324097,-8.287055969238281,-5.097489833831787
2.12534521484375,0.8759585618972778,-8.581586837768555,-4.671740531921387
2.142645751953125,0.8582724928855896,-8.802812576293945,-4.2438178062438965
2.1599501953125,0.9671306610107422,-8.959066390991211,-3.877614736557007
2.1772509765625,0.9765265583992004,-9.087241172790527,-3.5643470287323
2.194544189453125,0.92928284406662,-9.197627067565918,-3.282712459564209
2.21184765625,0.8609060645103455,-9.290945053100586,-3.0287461280822754
2.229161376953125,0.846408486366272,-9.368596076965332,-2.7837235927581787
2.24646435546875,0.9180713891983032,-9.422429084777832,-2.5712056159973145
2.263776611328125,1.055294394493103,-9.491191864013672,-2.2449443340301514
2.281068603515625,1.1911200284957886,-9.555866241455078,-1.871566891670227
2.29837548828125,1.3940792083740234,-9.580048561096191,-1.585984230041504
2.31567724609375,1.6652368307113647,-9.571240425109863,-1.3617888689041138
2.33296923828125,1.9247491359710691,-9.546415328979492,-1.1821260452270508
2.350283203125,2.1428396701812744,-9.519247055053713,-1.0140502452850342
2.367571533203125,2.3347764015197754,-9.492274284362791,-0.8256353735923767
2.38488916015625,2.4503588676452637,-9.47494411468506,-0.6762173771858215
2.40219189453125,2.4890217781066895,-9.473316192626951,-0.5451423525810242
2.419485107421875,2.553399085998535,-9.462650299072266,-0.4177461564540863
2.43679541015625,2.658194065093994,-9.435758590698242,-0.3695946335792541
2.45409375,2.780753374099731,-9.397029876708984,-0.4464776217937469
2.471393798828125,2.8935601711273193,-9.356738090515137,-0.5611526370048523
2.4887080078125,3.0202701091766357,-9.310785293579102,-0.6506658792495728
2.506010986328125,3.1094985008239746,-9.27751922607422,-0.7034121751785278
2.523311767578125,3.1476871967315674,-9.264102935791016,-0.7103320956230164
2.540608154296875,3.1608457565307617,-9.26071834564209,-0.6958926320075989
2.557910400390625,3.1664493083953857,-9.260703086853027,-0.670150876045227
2.575223388671875,3.173426389694214,-9.260717391967772,-0.6360639333724976
2.5925263671875,3.18316388130188,-9.259553909301758,-0.6035271286964417
2.609829345703125,3.1937615871429443,-9.257412910461426,-0.5799344778060913
2.627132568359375,3.209829807281494,-9.253150939941406,-0.5588476657867432
2.64443603515625,3.2218124866485596,-9.249859809875488,-0.5441761016845703
2.66173876953125,3.2188830375671387,-9.251184463500977,-0.5389600992202759
2.6790419921875,3.1858999729156494,-9.26236057281494,-0.5429689884185791
2.69634521484375,3.1321804523468018,-9.280023574829102,-0.5538149476051331
2.713645751953125,3.074012279510498,-9.298755645751951,-0.5654172897338867
2.730954345703125,3.030669689178467,-9.31259059906006,-0.5716814398765564
2.748254150390625,3.01062273979187,-9.319003105163574,-0.573093831539154
2.7655576171875,2.9945662021636963,-9.323596954345703,-0.5824195146560669
2.782849853515625,2.9671614170074463,-9.33142375946045,-0.5971644520759583
2.8001640625,2.9336917400360107,-9.341028213500977,-0.6121900677680969
2.8174560546875,2.896178960800171,-9.35124969482422,-0.6343340277671814
2.834767578125,2.8601670265197754,-9.360182762145996,-0.6652295589447021
2.852075927734375,2.844111919403076,-9.362700462341309,-0.6978561282157898
2.869376708984375,2.87589693069458,-9.350493431091309,-0.7304686903953552
2.886679443359375,2.991395950317383,-9.3114013671875,-0.7651564478874207
2.903982666015625,3.144871473312378,-9.253372192382812,-0.84911048412323
2.92128564453125,3.147172689437866,-9.24149227142334,-0.9624149203300476
2.938580810546875,3.0245182514190674,-9.28016185760498,-0.983360767364502
2.95588916015625,2.91618013381958,-9.327795028686523,-0.8510342240333557
2.973197021484375,2.7638561725616455,-9.38514232635498,-0.7185380458831787
2.990498291015625,2.5337026119232178,-9.448590278625488,-0.7352488040924072
3.007791015625,2.285679578781128,-9.506227493286133,-0.8021544218063354
3.025104248046875,2.1618759632110596,-9.537237167358398,-0.7768584489822388
3.04240771484375,2.1497814655303955,-9.544791221618652,-0.715214192867279
3.059710693359375,2.1193883419036865,-9.556073188781738,-0.6525197625160217
3.077016845703125,1.9654948711395264,-9.59105396270752,-0.6201574802398682
3.09431396484375,1.7342917919158936,-9.63502597808838,-0.6281772255897522
3.111619873046875,1.5448099374771118,-9.667842864990234,-0.6184462904930115
3.128923095703125,1.425981044769287,-9.68812370300293,-0.58564692735672
3.1462236328125,1.3274654150009155,-9.702980041503906,-0.5710613131523132
3.163529296875,1.208633542060852,-9.717632293701172,-0.5856185555458069
3.18082421875,1.087390422821045,-9.731432914733888,-0.5940707325935364
3.198125244140625,0.9896336793899536,-9.74215316772461,-0.5892321467399597
3.215439208984375,0.9231210350990297,-9.748916625976562,-0.5853068828582764
3.23274072265625,0.889060378074646,-9.751594543457031,-0.5933602452278137
3.2500458984375,0.8988486528396606,-9.749699592590332,-0.6095465421676636
3.267346923828125,0.9477752447128296,-9.742709159851074,-0.6461114883422852
3.284653076171875,1.027147650718689,-9.730908393859863,-0.7003795504570007
3.301951904296875,1.1273666620254517,-9.715492248535156,-0.7578842639923096
3.319260498046875,1.2238924503326416,-9.699398040771484,-0.8123361468315125
3.336557861328125,1.3108609914779663,-9.684803009033203,-0.8499153256416321
3.353874267578125,1.356554627418518,-9.67921257019043,-0.8418728113174438
3.37116943359375,1.3595718145370483,-9.680578231811523,-0.8210210204124451
3.38847021484375,1.3189769983291626,-9.685108184814451,-0.8337206244468689
3.4057734375,1.260822296142578,-9.68703269958496,-0.8988012671470642
3.42307275390625,1.1920087337493896,-9.68387222290039,-1.0187557935714722
3.440384033203125,1.1999164819717407,-9.668755531311035,-1.1451951265335083
3.4576923828125,1.3481820821762085,-9.642831802368164,-1.1976250410079956
3.47498583984375,1.6350102424621582,-9.609638214111328,-1.1035058498382568
3.4922890625,1.8866760730743408,-9.584066390991213,-0.9067686796188354
3.509590087890625,2.0477230548858643,-9.570303916931152,-0.6724868416786194
3.526897705078125,2.3559837341308594,-9.514229774475098,-0.406044989824295
3.544198486328125,2.8006157875061035,-9.399924278259276,-0.1846237927675247
3.561501708984375,3.2649171352386475,-9.250530242919922,-0.0641433745622634
3.5788046875,3.704134464263916,-9.083768844604492,0.0251953601837158
3.59610791015625,4.032901763916016,-8.940940856933594,0.1771741509437561
3.6133974609375,4.288330078125,-8.814350128173828,0.391866385936737
3.630716796875,4.573716163635254,-8.659399032592773,0.5762495398521423
3.64801708984375,4.867664813995361,-8.483861923217773,0.7523492574691772
3.6653203125,5.06995153427124,-8.355854988098145,0.8434436321258545
3.682623291015625,5.136363983154297,-8.309266090393066,0.8999792337417603
3.699916259765625,5.124367713928223,-8.311026573181152,0.9506815671920776
3.717229736328125,5.078031063079834,-8.334382057189941,0.9938820004463196
3.73453271484375,5.025818347930908,-8.362398147583008,1.0235028266906738
3.751836181640625,4.9620819091796875,-8.39859390258789,1.0380202531814575
3.769138916015625,4.8877339363098145,-8.440291404724121,1.0524470806121826
3.786439453125,4.752695560455322,-8.514959335327148,1.0693306922912598
3.803748046875,4.493210315704346,-8.650480270385742,1.1028904914855957
3.821048583984375,4.100067138671875,-8.832866668701172,1.1857516765594482
3.83835205078125,3.5992023944854736,-9.03212547302246,1.3048295974731443
3.855643798828125,3.0931248664855957,-9.20329475402832,1.4028838872909546
3.872957763671875,2.588252544403076,-9.341570854187012,1.5073517560958862
3.8902587890625,2.1085495948791504,-9.43358325958252,1.672608733177185
3.9075556640625,1.8521311283111572,-9.430291175842283,1.968589186668396
3.9248671875,2.043984651565552,-9.297940254211426,2.3678138256073
3.942170654296875,2.171734094619751,-9.144781112670898,2.8093883991241455
3.95947412109375,2.077982187271118,-9.036864280700684,3.2020576000213623
3.97677734375,1.9167615175247192,-8.973010063171387,3.470911741256714
3.9940771484375,1.7458114624023438,-8.968561172485352,3.571157217025757
4.01136181640625,1.6641541719436646,-9.023086547851562,3.4714009761810303
4.028686279296875,1.552384614944458,-9.039454460144045,3.480586528778076
4.045992431640625,1.688198804855347,-8.996064186096191,3.5294384956359863
4.063291015625,1.9099878072738647,-8.964531898498535,3.4964609146118164
4.08059716796875,1.8570736646652224,-8.964675903320312,3.5244810581207275
4.097888427734375,1.478814721107483,-9.014654159545898,3.575643301010132
4.115202392578125,1.2365355491638184,-9.074941635131836,3.5146167278289795
4.13249755859375,1.085099458694458,-9.10254955291748,3.493180513381958
4.149808349609375,0.7758086323738098,-9.110552787780762,3.554162979125977
4.16710107421875,0.2978086471557617,-9.127349853515623,3.583148241043091
4.1844140625,-0.0108828386291861,-9.141961097717283,3.558166027069092
4.20171875,-0.1987924724817276,-9.14271640777588,3.5506832599639893
4.21902099609375,-0.3627256155014038,-9.126994132995604,3.578061580657959
4.236323974609375,-0.4760832488536834,-9.098413467407228,3.6370770931243896
4.253614013671875,-0.5300068259239197,-9.068765640258787,3.703069925308227
4.2709326171875,-0.4691525399684906,-9.05565071105957,3.743153333663941
4.2882431640625,-0.246710404753685,-9.07486343383789,3.717807292938232
4.305535888671875,0.0192583911120891,-9.0999116897583,3.664339065551758
4.32284130859375,0.2167352437973022,-9.130895614624023,3.5799310207366943
4.34014306640625,0.2921982407569885,-9.170148849487305,3.472620964050293
4.357435302734375,0.4467729032039642,-9.175046920776367,3.4431114196777344
4.374749267578125,0.5778061151504517,-9.142205238342283,3.510315179824829
4.392052490234375,0.629977285861969,-9.099407196044922,3.6110973358154297
4.409364013671875,0.7391377687454224,-9.072033882141112,3.6589648723602295
4.42665869140625,1.1449562311172483,-9.07741928100586,3.539163589477539
4.443962158203125,1.7680606842041016,-9.069995880126951,3.293210983276367
4.461265625,2.3562443256378174,-8.965819358825684,3.2090976238250732
4.478568115234375,2.9708774089813232,-8.729780197143555,3.346780300140381
4.49587158203125,3.4719595909118652,-8.442750930786133,3.5918750762939453
4.5131728515625,3.870677709579468,-8.209808349609375,3.721964120864868
4.5304794921875,4.2925214767456055,-8.03070068359375,3.649413108825683
4.547780517578125,4.658621311187744,-7.901251792907715,3.479020595550537
4.565084228515625,4.92164945602417,-7.8022780418396,3.3373563289642334
4.582384521484375,5.127214431762695,-7.692078590393066,3.2832486629486084
4.599693359375,5.299441337585449,-7.575693130493164,3.280381202697754
4.616993408203125,5.40915060043335,-7.47222900390625,3.3381130695343018
4.634296875,5.421814441680908,-7.41573429107666,3.4419350624084473
4.65160009765625,5.3533525466918945,-7.4248738288879395,3.5283138751983643
4.668900390625,5.238611221313477,-7.492731094360352,3.556971311569214
4.686197998046875,5.071685791015625,-7.61049747467041,3.548866033554077
4.7035068359375,4.8227858543396,-7.769086837768555,3.552201509475708
4.720815185546875,4.4889445304870605,-7.955435276031494,3.5772266387939453
4.73810546875,4.057162761688232,-8.161765098571777,3.627829074859619
4.755418701171875,3.537476062774658,-8.379730224609375,3.674576997756958
4.7727216796875,2.9781575202941895,-8.584272384643555,3.69823956489563
4.790029296875,2.4128174781799316,-8.747905731201172,3.726739406585694
4.80731787109375,1.89035165309906,-8.846217155456543,3.79567551612854
4.82462890625,1.5156185626983645,-8.860548973083496,3.928064584732056
4.841937255859375,1.6589393615722656,-8.777775764465332,4.053970813751221
4.859238037109375,1.926679015159607,-8.639200210571289,4.229449272155762
4.876541259765625,2.038125514984131,-8.599599838256836,4.2578206062316895
4.893841552734375,1.956599473953247,-8.66245174407959,4.167708873748779
4.911149658203125,1.715002179145813,-8.784125328063965,4.016717910766602
4.928450439453125,1.449339747428894,-8.936551094055176,3.778039932250977
4.945753662109375,1.306256890296936,-9.030747413635254,3.602140188217163
4.963052490234375,1.5368573665618896,-9.019474029541016,3.538823366165161
4.980358154296875,1.9674314260482788,-8.923318862915039,3.5692715644836426
4.997661376953125,2.2245378494262695,-8.876676559448242,3.534428119659424
5.014966796875,2.152007579803467,-8.902372360229492,3.514648675918579
5.032269287109375,1.8024636507034304,-8.979938507080078,3.5139667987823486
5.04957275390625,1.585016846656799,-9.06335163116455,3.402863025665283
5.0668759765625,1.512388825416565,-9.117179870605469,3.2902653217315674
5.08418603515625,1.3348468542099,-9.145987510681152,3.2871294021606445
5.101479248046875,1.0979399681091309,-9.16135597229004,3.331698417663574
5.1187880859375,0.9433570504188538,-9.156575202941896,3.391657590866089
5.13608837890625,0.8650131225585938,-9.141593933105469,3.4524083137512207
5.15337841796875,0.8284078240394592,-9.127681732177734,3.497894525527954
5.170697509765625,0.8256362676620483,-9.111496925354004,3.540493965148926
5.187987548828125,0.7686907649040222,-9.099615097045898,3.5836050510406494
5.20530078125,0.7143076062202454,-9.094252586364746,3.608384847640991
5.22260498046875,0.7654982209205627,-9.099788665771484,3.583847999572754
5.239896728515625,0.893702507019043,-9.119462013244627,3.503259658813477
5.257208251953125,0.9688795804977416,-9.142319679260254,3.422772169113159
5.27451318359375,0.9877023696899414,-9.14953899383545,3.398012638092041
5.291821044921875,1.0999151468276978,-9.134869575500488,3.403007984161377
5.309111083984375,1.335326910018921,-9.10321044921875,3.4036149978637695
5.32642333984375,1.6304692029953003,-9.057514190673828,3.3969268798828125
5.343723876953125,1.875846266746521,-9.012606620788574,3.38972806930542
5.3610361328125,2.2182466983795166,-8.949302673339844,3.35044264793396
5.378319580078125,2.692848443984986,-8.839893341064453,3.2925634384155273
5.3956279296875,3.2295267581939697,-8.671893119812012,3.2564592361450195
5.4129365234375,3.696202516555786,-8.475728988647461,3.276615858078003
5.430245361328125,4.151417255401611,-8.268621444702148,3.2606372833251953
5.447545166015625,4.568574905395508,-8.070332527160645,3.1990580558776855
5.464848876953125,4.846654415130615,-7.926905632019043,3.1480488777160645
5.48213623046875,5.079627513885498,-7.797051429748535,3.1047518253326416
5.499455322265625,5.288094520568848,-7.659926414489746,3.098017454147339
5.516758056640625,5.410587787628174,-7.549549579620361,3.156888961791992
5.53405712890625,5.411757946014404,-7.523409366607666,3.216721773147583
5.55136962890625,5.329817295074463,-7.56830644607544,3.2480616569519043
5.568668212890625,5.21054220199585,-7.651966094970703,3.2455785274505615
5.58597119140625,5.065786361694336,-7.755348205566406,3.2293176651000977
5.60326708984375,4.906642913818359,-7.847527980804443,3.2522711753845215
5.620573974609375,4.7032647132873535,-7.932721138000488,3.3447463512420654
5.63786181640625,4.450152397155762,-8.012428283691406,3.4976043701171875
5.65517919921875,4.154183387756348,-8.105222702026367,3.644753932952881
5.672491455078125,3.8041279315948486,-8.216714859008789,3.774958610534668
5.689790283203125,3.391373634338379,-8.339871406555176,3.896311044692993
5.707095947265625,2.9434025287628174,-8.458344459533691,4.003608703613281
5.724396484375,2.502089262008667,-8.561016082763672,4.084690093994141
5.741699951171875,2.086238145828247,-8.645346641540527,4.140256404876709
5.7589951171875,1.732967734336853,-8.706717491149902,4.174449920654297
5.776306640625,1.5507185459136963,-8.74706745147705,4.161755084991455
5.793606201171875,1.7045841217041016,-8.747883796691895,4.099396705627441
5.81091357421875,2.0450167655944824,-8.712512969970703,4.01822566986084
5.82821337890625,2.1533308029174805,-8.713632583618164,3.958774089813232
5.845508544921875,1.820824146270752,-8.833313941955566,3.859183788299561
5.862815673828125,1.4854503870010376,-8.973605155944824,3.674774408340454
5.8801171875,1.4506056308746338,-9.05684757232666,3.479276657104492
5.897420654296875,2.0038962364196777,-9.023670196533203,3.2854092121124268
5.91473193359375,2.6402623653411865,-8.887059211730957,3.207073926925659
5.9320322265625,2.703007936477661,-8.807991027832031,3.3688507080078125
5.949354248046875,2.3832850456237793,-8.860445022583008,3.471102714538574
5.96664111328125,2.0493946075439453,-8.98550796508789,3.3610663414001465
5.98394482421875,1.7782491445541382,-9.093076705932615,3.223338842391968
6.001247314453125,1.540937900543213,-9.149653434753418,3.185195207595825
6.018551025390625,1.283769130706787,-9.166154861450195,3.2511017322540283
6.0358408203125,0.9376870393753052,-9.170276641845703,3.356020927429199
6.053156494140625,0.7003999948501587,-9.176819801330566,3.395808458328247
6.070460693359375,0.5945262312889099,-9.173157691955566,3.4257590770721436
6.0877529296875,0.5301302075386047,-9.167054176330566,3.452561378479004
6.10506689453125,0.4971396625041961,-9.161288261413574,3.4727180004119873
6.122370361328125,0.4959859848022461,-9.157848358154297,3.4819424152374268
6.1396728515625,0.5084177851676941,-9.16234016418457,3.4683051109313965
6.1569765625,0.5842947363853455,-9.173819541931152,3.4257476329803467
6.174279541015625,0.757227897644043,-9.190232276916504,3.346996068954468
6.191579833984375,0.904996395111084,-9.215344429016112,3.239529609680176
6.208888427734375,0.8899924755096436,-9.24445629119873,3.159757137298584
6.226189697265625,0.7941437363624573,-9.284116744995115,3.067676305770874
6.24348974609375,0.6043471693992615,-9.335780143737791,2.951965570449829
6.26079833984375,0.6496391296386719,-9.380889892578123,2.795174360275269
6.278087646484375,0.8856772184371948,-9.400407791137695,2.661588430404663
6.295400146484375,1.0991315841674805,-9.39986515045166,2.582747220993042
6.3127109375,1.4613385200500488,-9.359172821044922,2.550781488418579
6.330008544921875,2.0194149017333984,-9.258557319641112,2.5371625423431396
6.347311279296875,2.6638333797454834,-9.08856201171875,2.5569825172424316
6.364614501953125,3.28239107131958,-8.845766067504883,2.6859700679779053
6.38191748046875,3.794649600982666,-8.569770812988281,2.8975446224212646
6.39922119140625,4.263594627380371,-8.342435836791992,2.908891439437866
6.4165244140625,4.5947957038879395,-8.211736679077148,2.7733283042907715
6.4338251953125,4.792417049407959,-8.13933277130127,2.6495492458343506
6.45113330078125,4.946917533874512,-8.057892799377441,2.614288091659546
6.46843408203125,5.072836399078369,-7.962439060211182,2.664957046508789
6.485734375,5.120210647583008,-7.910955905914307,2.726966857910156
6.50303955078125,5.07614278793335,-7.924033164978027,2.7710275650024414
6.52034619140625,4.957261562347412,-7.993754386901856,2.785956859588623
6.5376591796875,4.7770609855651855,-8.101530075073242,2.7894439697265625
6.554949462890625,4.547807693481445,-8.220810890197754,2.82344126701355
6.572252685546875,4.3048014640808105,-8.323512077331543,2.902405261993408
6.58955615234375,4.070497989654541,-8.40583610534668,3.0015130043029785
6.606860595703125,3.797672986984253,-8.491018295288086,3.117116689682007
6.624158935546875,3.444732666015625,-8.591155052185059,3.24992299079895
6.64146875,2.9798879623413086,-8.70384693145752,3.40579605102539
6.65876904296875,2.453413486480713,-8.803779602050781,3.565157175064087
6.67607275390625,1.92340624332428,-8.887273788452148,3.681440114974976
6.693372314453125,1.4525922536849976,-8.94795036315918,3.749700546264648
6.7106748046875,1.0918786525726318,-8.981501579284668,3.7916414737701416
6.72797119140625,0.8251468539237976,-8.994157791137695,3.8288893699646
6.745284912109375,0.7076101899147034,-8.987601280212402,3.86761212348938
6.762577392578125,0.9094566702842712,-8.959892272949219,3.88964581489563
6.7798916015625,1.3348734378814695,-8.925721168518066,3.845221281051636
6.797192626953125,1.4733083248138428,-8.910575866699219,3.829768657684326
6.814500732421875,1.2334192991256714,-8.958269119262695,3.803183317184448
6.831801025390625,1.029639720916748,-9.044488906860352,3.656936883926392
6.8491044921875,1.1612319946289062,-9.126632690429688,3.4047398567199707
6.8664072265625,1.4668928384780884,-9.149311065673828,3.2209413051605225
6.883711181640625,1.671830177307129,-9.07463836669922,3.330472707748413
6.9010107421875,1.7095104455947876,-9.03148078918457,3.4272491931915283
6.91831982421875,1.5284423828125,-9.063017845153809,3.4295337200164795
6.935619873046875,1.174654841423035,-9.131521224975586,3.386979341506958
6.952923828125,0.8527012467384338,-9.183172225952148,3.3434085845947266
6.9702265625,0.6082022786140442,-9.211477279663086,3.3188681602478027
6.987529541015625,0.3593868315219879,-9.220190048217772,3.330923080444336
7.004831787109375,-0.0050046322867274,-9.222816467285156,3.34301495552063
7.022135498046875,-0.3565357327461242,-9.225909233093262,3.315356731414795
7.03944189453125,-0.4662920832633972,-9.220020294189451,3.31811785697937
7.05674267578125,-0.4180870354175567,-9.207727432250977,3.358428478240967
7.0740458984375,-0.39039346575737,-9.190340995788574,3.409013032913208
7.09134912109375,-0.4269128441810608,-9.174325942993164,3.4475536346435547
7.108650146484375,-0.4237448275089264,-9.16700267791748,3.467360734939575
7.125945068359375,-0.305557370185852,-9.173887252807615,3.4615793228149414
7.143255126953125,-0.0763745829463005,-9.196722030639648,3.4132964611053467
7.16056591796875,0.1653914302587509,-9.235349655151367,3.3041014671325684
7.177854248046875,0.4380400776863098,-9.27504539489746,3.1650876998901367
7.19516845703125,0.8493858575820923,-9.316205024719238,2.953472375869751
7.2124716796875,1.2960810661315918,-9.349706649780272,2.671941041946411
7.22976416015625,1.9517697095870972,-9.319186210632324,2.3620920181274414
7.247077880859375,2.8022375106811523,-9.155189514160156,2.136841058731079
7.264381103515625,3.645582437515259,-8.836830139160156,2.2036969661712646
7.28168408203125,4.331732273101807,-8.418395042419434,2.569596767425537
7.298976806640625,4.995558738708496,-7.919826984405518,2.9252116680145264
7.316290771484375,5.738275051116943,-7.349714279174805,3.0479540824890137
7.33359130859375,6.409851551055908,-6.788309097290039,3.011442184448242
7.350900146484375,6.783647537231445,-6.394514083862305,3.0542471408843994
7.36820068359375,6.900238513946533,-6.278285503387451,3.034130573272705
7.38549951171875,6.913022518157959,-6.370722770690918,2.8035898208618164
7.402806884765625,6.8131866455078125,-6.552436828613281,2.623386859893799
7.420106689453125,6.658260345458984,-6.739973068237305,2.5448877811431885
7.43742236328125,6.445170879364014,-6.927839279174805,2.5886166095733643
7.454716064453125,6.120973110198975,-7.139689922332764,2.7918858528137207
7.472019287109375,5.748055934906006,-7.357400417327881,3.010753631591797
7.489322998046875,5.349050521850586,-7.632590293884277,3.060612678527832
7.506626220703125,4.913851261138916,-7.9480180740356445,2.986499071121216
7.5239189453125,4.437479496002197,-8.234533309936523,2.9559035301208496
7.541232421875,3.95186448097229,-8.471379280090332,2.9756696224212646
7.55853564453125,3.482111692428589,-8.659120559692383,3.0216965675354004
7.575839111328125,3.021655797958374,-8.802685737609863,3.101362943649292
7.59314501953125,2.557656526565552,-8.895999908447266,3.248955726623535
7.610442138671875,2.023794174194336,-8.934735298156738,3.5086829662323
7.62773486328125,1.4033186435699463,-8.92927360534668,3.812468290328979
7.645054443359375,0.8546717762947083,-8.946279525756836,3.933160781860352
7.6623544921875,0.7329909205436707,-8.965846061706543,3.913108348846435
7.679657958984375,0.8992085456848145,-8.979040145874023,3.8476450443267822
7.69696142578125,1.0534017086029053,-9.02379035949707,3.701040506362915
7.7142646484375,1.014485239982605,-9.097740173339844,3.526761531829834
7.7315673828125,1.0161449909210205,-9.17023468017578,3.333224058151245
7.748867431640625,1.520798921585083,-9.157998085021973,3.1708576679229736
7.766174072265625,2.008953094482422,-9.09559726715088,3.07738995552063
7.78347509765625,2.207155704498291,-9.067237854003906,3.024857997894287
7.800782958984375,2.067493438720703,-9.10251235961914,3.0175907611846924
7.818072998046875,1.7362816333770752,-9.184643745422363,2.9772067070007324
7.8353994140625,1.2635828256607056,-9.250731468200684,3.010556697845459
7.852691162109375,0.8162649273872375,-9.249359130859377,3.1653096675872803
7.869993408203125,0.3525210320949554,-9.197566986083984,3.3936145305633545
7.887296630859375,-0.3360172808170318,-9.143677711486816,3.5378451347351074
7.90458935546875,-0.7297354936599731,-9.125941276550291,3.5243115425109863
7.921900634765625,-0.9072417616844176,-9.128646850585938,3.475750207901001
7.93920166015625,-1.097931742668152,-9.114724159240724,3.457235336303711
7.956509521484375,-1.3088594675064087,-9.084160804748535,3.464252233505249
7.973809814453125,-1.4833725690841677,-9.06041145324707,3.456104516983032
7.991118408203125,-1.597809672355652,-9.044121742248535,3.447747230529785
8.008418701171875,-1.6261593103408811,-9.037445068359377,3.4519972801208496
8.025704833984374,-1.5747634172439575,-9.040582656860352,3.467576265335083
8.04302734375,-1.4324947595596311,-9.050454139709473,3.5033318996429443
8.060325439453125,-1.1957422494888306,-9.06978702545166,3.5419321060180664
8.0776181640625,-0.9053858518600464,-9.108423233032228,3.5288803577423096
8.094934814453126,-0.5759186148643494,-9.174113273620604,3.4263784885406494
8.11223828125,-0.1457477062940597,-9.256831169128418,3.244373321533203
8.1295419921875,0.4454923570156097,-9.309025764465332,3.062626600265503
8.14684423828125,0.9703291058540344,-9.313149452209473,2.9257256984710693
8.164147705078125,1.5088690519332886,-9.238739013671877,2.9334540367126465
8.181450927734375,2.024512529373169,-9.085631370544434,3.09657621383667
8.19875341796875,2.519296407699585,-8.89737319946289,3.2750580310821533
8.2160546875,3.1431884765625,-8.682698249816895,3.311682939529419
8.233363525390626,3.788039207458496,-8.445168495178223,3.2505390644073486
8.2506640625,4.2238006591796875,-8.268205642700195,3.167399644851685
8.26796728515625,4.48758602142334,-8.196846961975098,2.9848573207855225
8.285270263671874,4.6436052322387695,-8.186101913452148,2.7678093910217285
8.302573486328125,4.697282791137695,-8.20828628540039,2.60685133934021
8.319876953125,4.628248691558838,-8.257989883422852,2.5731358528137207
8.337165283203126,4.471038341522217,-8.315220832824707,2.665156126022339
8.35448291015625,4.295365810394287,-8.368124961853027,2.7857565879821777
8.3717861328125,4.125999927520752,-8.42483139038086,2.869577407836914
8.38908935546875,3.967047452926636,-8.461730003356934,2.9829158782958984
8.406393310546875,3.796300649642944,-8.479331016540527,3.150424003601074
8.4236962890625,3.575094699859619,-8.495566368103027,3.358595848083496
8.4409990234375,3.2950727939605713,-8.519256591796875,3.577833652496338
8.45830224609375,2.96787428855896,-8.556346893310547,3.7705156803131104
8.475605712890625,2.6271204948425293,-8.602299690246582,3.915966510772705
8.492908447265625,2.3258090019226074,-8.658005714416504,3.983173131942749
8.510200927734376,2.145838737487793,-8.69912338256836,3.994591236114502
8.527514892578125,2.149829149246216,-8.695476531982422,4.000381946563721
8.544818359375,2.307222604751587,-8.644210815429688,4.02373743057251
8.562121337890625,2.481241464614868,-8.55297565460205,4.114144325256348
8.579422119140625,2.6201186180114746,-8.46679973602295,4.2052836418151855
8.596730712890626,2.7130351066589355,-8.425332069396973,4.229578495025635
8.614031494140624,2.765272378921509,-8.411803245544434,4.222668647766113
8.63133154296875,2.7916629314422607,-8.434253692626953,4.160060405731201
8.648640380859375,2.739896059036255,-8.50014591217041,4.059137344360352
8.665940673828125,2.6857059001922607,-8.556251525878906,3.976638078689575
8.683239990234375,2.6706743240356445,-8.516329765319824,4.0713324546813965
8.700551025390626,3.279513120651245,-8.325324058532715,4.021177291870117
8.71783984375,3.0977044105529785,-8.361984252929688,4.088711738586426
8.735165771484375,2.917139768600464,-8.400517463684082,4.14218807220459
8.75245458984375,2.9288101196289062,-8.48497486114502,3.957702875137329
8.76976220703125,2.8048651218414307,-8.665352821350098,3.64424467086792
8.787063232421875,2.301393985748291,-8.913503646850586,3.389563798904419
8.804364013671876,1.46062433719635,-9.141280174255373,3.246492385864258
8.821671142578126,0.8654034733772278,-9.249369621276855,3.15219783782959
8.8389736328125,0.662229061126709,-9.280242919921877,3.110416889190674
8.85627587890625,0.3972972631454468,-9.305665969848633,3.0794248580932617
8.873576416015625,-0.0861791893839836,-9.337340354919434,3.007122278213501
8.890885009765626,-0.6077502369880676,-9.363092422485352,2.8634371757507324
8.908174560546875,-1.010698914527893,-9.371262550354004,2.7192089557647705
8.92548876953125,-1.2580057382583618,-9.366006851196287,2.632765293121338
8.9427841796875,-1.422596096992493,-9.343609809875488,2.628548383712769
8.960095458984375,-1.591356635093689,-9.300220489501951,2.6850717067718506
8.9773876953125,-1.7313705682754517,-9.245423316955566,2.785792827606201
8.99470166015625,-1.7822355031967163,-9.18734645843506,2.9415063858032227
9.012004638671876,-1.8084713220596311,-9.131978034973145,3.0939536094665527
9.02930810546875,-1.847309112548828,-9.090567588806152,3.191419839859009
9.04661083984375,-1.9318903684616089,-9.069750785827637,3.200561046600342
9.0639140625,-2.0245633125305176,-9.05821418762207,3.17584228515625
9.081217041015623,-2.124314069747925,-9.06523323059082,3.089493751525879
9.098519775390624,-2.235971212387085,-9.08586883544922,2.9467878341674805
9.11582470703125,-2.3055665493011475,-9.10216236114502,2.8409738540649414
9.13312451171875,-2.1585512161254883,-9.1362886428833,2.84692907333374
9.150432861328126,-1.8285460472106936,-9.18393898010254,2.923661470413208
9.167722900390626,-1.4151058197021484,-9.25100040435791,2.9415297508239746
9.185034912109376,-0.881568968296051,-9.333553314208984,2.8885583877563477
9.202337158203123,-0.2002911120653152,-9.401981353759766,2.7926254272460938
9.2196455078125,0.4971355497837066,-9.41073989868164,2.725242853164673
9.2369462890625,1.121896505355835,-9.352253913879396,2.740953207015991
9.254248779296876,1.7012790441513062,-9.264769554138184,2.7396774291992188
9.27155224609375,2.3246963024139404,-9.157333374023438,2.6410531997680664
9.28885546875,3.00039005279541,-8.996658325195312,2.5087661743164062
9.30614990234375,3.618199586868286,-8.80811882019043,2.3583450317382812
9.3234580078125,3.9581005573272705,-8.639707565307617,2.4341330528259277
9.340767578125,4.216054916381836,-8.485405921936035,2.5414297580718994
9.358054931640623,4.691545009613037,-8.341814041137695,2.153984546661377
9.375374755859376,5.167459487915039,-8.17969036102295,1.6205365657806396
9.39267431640625,5.58450984954834,-7.951844215393066,1.3481659889221191
9.409977783203123,5.9265947341918945,-7.713085651397705,1.272754430770874
9.427281005859374,6.144750118255615,-7.547255992889404,1.2317003011703491
9.44458447265625,6.2595977783203125,-7.458682060241699,1.1923084259033203
9.461887451171876,6.273171424865723,-7.44235897064209,1.2225873470306396
9.479183837890623,6.160671234130859,-7.519690990447998,1.3177586793899536
9.496493896484376,5.9503679275512695,-7.676394462585449,1.3791965246200562
9.513797607421877,5.674971103668213,-7.883653163909912,1.3707070350646973
9.53110009765625,5.360080718994141,-8.108783721923828,1.324115514755249
9.548403564453125,5.015228271484375,-8.33081340789795,1.2965973615646362
9.5657041015625,4.620573043823242,-8.540199279785156,1.396928787231445
9.583013916015624,4.167364120483398,-8.713292121887207,1.7169010639190674
9.600309814453125,3.6979434490203857,-8.828418731689453,2.1494953632354736
9.617614990234374,3.239828824996948,-8.889037132263184,2.5931897163391113
9.634919921875,2.9472076892852783,-8.91494369506836,2.841454267501831
9.65222265625,2.954157590866089,-8.887642860412598,2.9187111854553223
9.669523193359376,3.0195765495300293,-8.781908988952637,3.161701917648315
9.68682861328125,2.931053400039673,-8.709644317626953,3.433241367340088
9.704126953125,2.749855279922486,-8.703047752380371,3.5960235595703125
9.721435791015624,2.6955323219299316,-8.781392097473145,3.4434523582458496
9.73873828125,2.6865057945251465,-8.910933494567871,3.1006555557250977
9.75604150390625,3.1106367111206055,-8.861102104187012,2.835649251937866
9.773341552734376,3.5514156818389893,-8.76261043548584,2.6153805255889893
9.7906513671875,3.8193819522857666,-8.676406860351562,2.523571729660034
9.807940185546874,3.717895269393921,-8.729878425598145,2.4904990196228027
9.825254150390624,3.187274932861328,-8.934036254882812,2.502075433731079
9.8425576171875,2.558957815170288,-9.115142822265623,2.5694384574890137
9.859861083984375,2.04848051071167,-9.212306022644045,2.678293466567993
9.87716357421875,1.6927886009216309,-9.24581527709961,2.8081085681915283
9.894464599609377,1.530406475067139,-9.24427890777588,2.9047036170959473
9.911772705078125,1.444973111152649,-9.23019313812256,2.99193811416626
9.92907373046875,1.1945569515228271,-9.25829792022705,3.01546859741211
9.9463759765625,0.9604081511497498,-9.29069709777832,2.9994449615478516
9.9636796875,0.8909785747528076,-9.31500244140625,2.9449996948242188
9.980982666015626,0.9390213489532472,-9.330913543701172,2.8789567947387695
9.99828369140625,0.9782211184501648,-9.343185424804688,2.825613260269165
10.015591796875,1.064932346343994,-9.349153518676758,2.7740566730499268
10.032892333984377,1.2194322347640991,-9.352234840393066,2.699042320251465
10.050195556640626,1.3604278564453125,-9.355846405029297,2.6179182529449463
10.06748828125,1.4133071899414062,-9.36151885986328,2.569171667098999
10.084802001953124,1.4057157039642334,-9.369288444519045,2.54490065574646
10.102094482421874,1.4060226678848269,-9.37243366241455,2.533123016357422
10.119408447265624,1.4899355173110962,-9.366127014160156,2.508362054824829
10.136711669921874,1.980496406555176,-9.285565376281738,2.468205690383911
10.154014404296875,2.694004535675049,-9.0986967086792,2.488411664962769
10.171313232421875,3.1213815212249756,-8.913481712341309,2.653850555419922
10.18862109375,3.546375274658203,-8.684370040893555,2.8707263469696045
10.205924560546874,4.065433502197266,-8.382025718688965,3.0740885734558105
10.22322705078125,4.572515964508057,-8.110817909240723,3.0891499519348145
10.24053076171875,4.995973587036133,-7.940047740936279,2.869147300720215
10.257820556640626,5.230355739593506,-7.863334655761719,2.6547060012817383
10.275139892578125,5.400548458099365,-7.787288665771484,2.5354132652282715
10.29243994140625,5.602772235870361,-7.641086578369141,2.541425943374634
10.3097431640625,5.77929162979126,-7.461464881896973,2.6762731075286865
10.32704638671875,5.895628929138184,-7.318058490753174,2.814905881881714
10.344349609375,5.920125484466553,-7.262114524841309,2.9068715572357178
10.36165283203125,5.860404968261719,-7.296834945678711,2.9407455921173096
10.378955810546875,5.7445526123046875,-7.400969505310059,2.908930778503418
10.39625927734375,5.565957069396973,-7.565903663635254,2.830779552459717
10.4135595703125,5.311068534851074,-7.7660908699035645,2.777858257293701
10.430878173828123,4.9945220947265625,-7.977514743804932,2.7658839225769043
10.44815673828125,4.614627361297607,-8.189188003540039,2.8068675994873047
10.465461181640626,4.189211845397949,-8.391802787780762,2.874763011932373
10.48277490234375,3.7538187503814697,-8.573468208312988,2.939493179321289
10.50008447265625,3.3294565677642822,-8.72513484954834,3.0038082599639893
10.51738134765625,2.924652338027954,-8.840486526489258,3.0867977142333984
10.5346845703125,2.5306668281555176,-8.930102348327637,3.175705671310425
10.55198779296875,2.1416220664978027,-9.010172843933104,3.235175371170044
10.56929052734375,1.528946042060852,-9.077054023742676,3.391979932785034
10.58659375,1.3386268615722656,-9.029186248779297,3.5941622257232666
10.60389697265625,1.6044903993606567,-8.92212200164795,3.749326229095459
10.6212001953125,1.9364824295043943,-8.832825660705566,3.8035943508148193
10.63850341796875,2.075413942337036,-8.837515830993652,3.718475341796875
10.655806396484374,1.916972279548645,-8.954980850219727,3.5170488357543945
10.67310693359375,1.7050598859786987,-9.069375991821287,3.3279595375061035
10.690415771484377,1.9764858484268188,-9.096114158630373,3.096829414367676
10.707705078125,2.5513641834259033,-9.050156593322754,2.7966628074645996
10.725019287109374,2.868279457092285,-9.002751350402832,2.6381032466888428
10.742320068359374,2.882241725921631,-8.995255470275879,2.6484286785125732
10.759624755859376,2.600095748901367,-9.067625045776367,2.693283796310425
10.77693408203125,2.1687140464782715,-9.17868995666504,2.6989681720733643
10.79422705078125,1.7270597219467163,-9.256484985351562,2.7515220642089844
10.81153759765625,1.3595128059387207,-9.28016757965088,2.8751187324523926
10.82883837890625,1.0231844186782837,-9.281405448913574,3.0074422359466553
10.846128662109376,0.4296294450759887,-9.294513702392578,3.1086249351501465
10.863422607421874,-0.1495022028684616,-9.313712120056152,3.0770974159240723
10.880751708984375,-0.3378059566020965,-9.335429191589355,2.995296001434326
10.898048583984377,-0.3602346777915954,-9.355782508850098,2.9284229278564453
10.9153564453125,-0.3745054006576538,-9.370057106018066,2.8806121349334717
10.932656982421875,-0.418232649564743,-9.372100830078123,2.867912530899048
10.949960205078124,-0.5534664392471313,-9.358221054077148,2.8902382850646973
10.967263671875,-0.699542760848999,-9.335719108581545,2.931065082550049
10.984566162109376,-0.4849201440811157,-9.339004516601562,2.963772773742676
11.001869384765625,0.005824411753565,-9.357783317565918,2.944136381149292
11.019173095703126,0.4568371176719665,-9.39179801940918,2.7967023849487305
11.036476318359377,0.799410879611969,-9.441285133361816,2.5414958000183105
11.05377880859375,0.9700554609298706,-9.471061706542969,2.365187644958496
11.071082275390625,1.1294236183166504,-9.46249771118164,2.3284478187561035
11.088385498046875,1.389432430267334,-9.435906410217283,2.295485734939575
11.105688720703125,1.7809643745422363,-9.39806842803955,2.1772921085357666
11.1229912109375,2.464038133621216,-9.265054702758787,2.079274892807007
11.140284912109376,3.063448429107666,-9.04799461364746,2.232757091522217
11.157584716796874,3.636221647262573,-8.741360664367676,2.5695559978485107
11.174904541015623,4.291080474853516,-8.353620529174805,2.835449457168579
11.192203857421877,4.852560997009277,-8.043031692504883,2.828143358230591
11.209507568359374,5.193060874938965,-7.884472370147705,2.665205955505371
11.226800048828125,5.383882999420166,-7.814124584197998,2.487841844558716
11.244103271484375,5.582171440124512,-7.7015252113342285,2.400411605834961
11.261406005859374,5.814676284790039,-7.508028507232666,2.4607245922088623
11.27872021484375,6.012449264526367,-7.302531719207764,2.599920749664306
11.2960234375,6.068216323852539,-7.212666034698486,2.7185115814208984
11.31332763671875,6.012813568115234,-7.238111972808838,2.773430109024048
11.330628173828124,5.896756649017334,-7.333802700042725,2.771231889724731
11.347922119140623,5.739315032958984,-7.474211692810059,2.726266860961914
11.36523583984375,5.532188415527344,-7.640387535095215,2.693601608276367
11.3825390625,5.257421493530273,-7.820587635040283,2.726541757583618
11.399841552734374,4.928953170776367,-7.999619960784912,2.819150686264038
11.417145263671877,4.605731964111328,-8.163100242614746,2.896055221557617
11.434448486328124,4.293760776519775,-8.317900657653809,2.9346635341644287
11.451751708984377,3.946702241897583,-8.475540161132812,2.970669746398926
11.469054443359376,3.527958631515503,-8.637614250183105,3.030055284500122
11.486358154296877,3.046596050262451,-8.786877632141113,3.1217246055603027
11.503661865234376,2.5054898262023926,-8.909238815307617,3.2533199787139893
11.52096337890625,1.9461759328842163,-8.999821662902832,3.3840436935424805
11.53826708984375,1.4410817623138428,-9.068345069885254,3.4531917572021484
11.5555703125,1.1009992361068726,-9.120627403259276,3.44064998626709
11.572873291015624,1.173814296722412,-9.151784896850586,3.3321313858032227
11.590177001953125,1.3728207349777222,-9.14991569519043,3.260446786880493
11.60748046875,1.5331310033798218,-9.130760192871094,3.242662191390991
11.62477978515625,1.622406840324402,-9.136509895324709,3.1824703216552734
11.6420859375,1.5896685123443604,-9.2229642868042,2.940406322479248
11.6593984375,1.537954568862915,-9.310625076293944,2.6801226139068604
11.6766923828125,1.7134149074554443,-9.29881477355957,2.6138827800750732
11.693995849609376,1.9121068716049192,-9.20913791656494,2.7877888679504395
11.711298583984377,2.2840449810028076,-9.086256980895996,2.9084713459014893
11.72860205078125,2.4059693813323975,-9.04029655456543,2.953041076660156
11.745904541015625,2.0179800987243652,-9.148365020751951,2.9105446338653564
11.763207763671875,1.6067886352539062,-9.29424285888672,2.696552038192749
11.780510986328125,1.3332260847091677,-9.378362655639648,2.550478458404541
11.797803955078123,1.152331829071045,-9.396188735961914,2.5729126930236816
11.8151171875,0.930409014225006,-9.396879196166992,2.658778429031372
11.832420654296875,0.3635272681713104,-9.420221328735352,2.713561534881592
11.849723876953124,-0.3623303472995758,-9.43062973022461,2.6773242950439453
11.867029052734376,-0.6622381210327148,-9.40951156616211,2.694185733795166
11.884327880859376,-0.6867794990539551,-9.393902778625488,2.7420825958251953
11.901630126953124,-0.6951544284820557,-9.38105297088623,2.7836554050445557
11.918939697265625,-0.766575276851654,-9.361672401428224,2.8297693729400635
11.93623876953125,-0.8680881857872009,-9.343358993530272,2.8608033657073975
11.95353955078125,-0.8715561628341675,-9.34134578704834,2.8663229942321777
11.970848388671875,-0.6085606813430786,-9.35964298248291,2.874520778656006
11.98815576171875,-0.1287802457809448,-9.3856782913208,2.8510656356811523
12.00544140625,0.4150008857250213,-9.41392707824707,2.7279810905456543
12.022765380859376,0.855132520198822,-9.42886734008789,2.569305896759033
12.040058349609374,1.1683456897735596,-9.41761302947998,2.485893487930298
12.057361572265624,1.3371875286102295,-9.400139808654783,2.4668591022491455
12.07466455078125,1.5418155193328855,-9.377779006958008,2.4323251247406006
12.091967041015623,1.9708868265151975,-9.311671257019045,2.3758127689361572
12.109267822265624,2.4665770530700684,-9.19124984741211,2.381812810897827
12.126576416015626,2.975468397140503,-9.01029109954834,2.489448308944702
12.1438662109375,3.5024492740631104,-8.73615837097168,2.76559066772461
12.161179443359377,3.9584672451019287,-8.495793342590332,2.8962321281433105
12.178483154296876,4.365024566650391,-8.361071586608887,2.697252035140991
12.195779541015623,4.594324588775635,-8.313721656799316,2.4515953063964844
12.21309033203125,4.732816696166992,-8.279294967651367,2.2999625205993652
12.230390869140624,4.866109848022461,-8.205492973327637,2.286259651184082
12.247685791015623,4.999313831329346,-8.102165222167969,2.3659873008728027
12.26499853515625,5.108185291290283,-8.008723258972168,2.450082778930664
12.282302001953123,5.138284206390381,-7.956175327301025,2.5560593605041504
12.299600830078123,5.113595962524414,-7.946754455566406,2.6336886882781982
12.31690771484375,5.0356059074401855,-7.981802463531494,2.677614688873291
12.334209228515626,4.908313274383545,-8.046977996826172,2.7185873985290527
12.351517333984376,4.7198052406311035,-8.137253761291504,2.782921314239502
12.3688173828125,4.465003490447998,-8.244575500488281,2.8856258392333984
12.38612060546875,4.163504123687744,-8.356903076171875,3.010566234588623
12.40342138671875,3.815124273300171,-8.476731300354004,3.134639024734497
12.42072216796875,3.416269302368164,-8.608469009399414,3.2341153621673584
12.438039794921876,2.975598096847534,-8.751070976257324,3.2864420413970947
12.45533203125,2.5164601802825928,-8.878018379211426,3.3293159008026123
12.472636962890626,2.0626332759857178,-8.964346885681152,3.409129858016968
12.48993896484375,1.6303431987762451,-9.00830364227295,3.5254170894622803
12.50724267578125,1.2651933431625366,-9.03184986114502,3.61401629447937
12.52454541015625,0.9944231510162354,-9.046526908874512,3.6616404056549072
12.541837890625,1.1791682243347168,-9.034574508666992,3.636229515075683
12.559139892578123,1.4806419610977173,-9.013875007629396,3.5768539905548096
12.576446044921877,1.4809021949768066,-9.07174587249756,3.427314281463623
12.593760498046874,1.278715968132019,-9.201562881469728,3.151545763015747
12.61106103515625,1.3923113346099854,-9.293546676635742,2.815596103668213
12.62836474609375,1.9590693712234497,-9.278207778930664,2.5125672817230225
12.6456669921875,2.408341407775879,-9.181528091430664,2.4770045280456543
12.66297021484375,2.614997148513794,-9.08457374572754,2.620767116546631
12.6802734375,2.5777440071105957,-9.059706687927246,2.740999460220337
12.697571533203124,2.2610902786254883,-9.163541793823242,2.6745235919952393
12.714879638671874,1.7888165712356567,-9.286816596984863,2.606006383895874
12.732182861328123,1.376081466674805,-9.346259117126465,2.6438496112823486
12.749486328125,1.0691897869110107,-9.359074592590332,2.7387404441833496
12.766790771484375,0.5968639254570007,-9.370274543762209,2.8421545028686523
12.7840908203125,-0.2458143234252929,-9.3978853225708,2.8027634620666504
12.8013955078125,-0.7955657839775085,-9.3927001953125,2.716693878173828
12.818698486328126,-0.9050876498222352,-9.39313793182373,2.6806552410125732
12.836001708984377,-0.8859707117080688,-9.397764205932615,2.670802354812622
12.8533046875,-0.9483529329299928,-9.39298152923584,2.666210174560547
12.870593505859375,-1.104695200920105,-9.374850273132324,2.6698248386383057
12.887901123046875,-1.2828218936920166,-9.355083465576172,2.6594974994659424
12.905205322265624,-1.4688305854797363,-9.332479476928713,2.642629384994507
12.922508056640623,-1.643169403076172,-9.31354808807373,2.6065168380737305
12.9398095703125,-1.6771299839019775,-9.313694953918455,2.584268569946289
12.957113525390625,-1.5357203483581543,-9.326536178588867,2.6255338191986084
12.974415771484376,-1.3759363889694214,-9.34230613708496,2.657864809036255
12.991718994140625,-1.2204992771148682,-9.3734130859375,2.624042272567749
13.009023681640626,-0.9451188445091248,-9.421930313110352,2.5632247924804688
13.0263251953125,-0.4580182731151581,-9.455235481262209,2.573875188827514
13.043629638671876,0.1402846425771713,-9.455873489379885,2.608240127563477
13.060933837890625,0.7814327478408813,-9.413463592529297,2.648054361343384
13.078234130859377,1.4707107543945312,-9.317598342895508,2.6935975551605225
13.095537841796874,2.1250221729278564,-9.163955688476562,2.7825021743774414
13.112843017578124,2.612243413925171,-8.976533889770508,2.9722306728363037
13.130144775390624,3.094938039779663,-8.802119255065918,3.0298826694488525
13.147450439453126,3.5568058490753174,-8.690719604492188,2.8384222984313965
13.164760498046874,3.7561538219451904,-8.67718505859375,2.614168643951416
13.182063720703123,3.796860218048096,-8.674221992492676,2.5647313594818115
13.1993662109375,3.90649676322937,-8.60053539276123,2.646918773651123
13.216658935546874,4.0975542068481445,-8.449923515319824,2.836362838745117
13.233973388671876,4.315905570983887,-8.27517318725586,3.021686553955078
13.251276123046877,4.4554762840271,-8.151749610900879,3.1517956256866455
13.2685751953125,4.4911017417907715,-8.091174125671387,3.255615234375
13.285887451171876,4.463353157043457,-8.087847709655762,3.3017117977142334
13.303184326171875,4.3801679611206055,-8.122939109802246,3.3268730640411377
13.320488525390624,4.188374996185303,-8.187732696533203,3.4138898849487305
13.337780517578125,3.8842053413391113,-8.269721031188965,3.5722217559814453
13.355083984375,3.537348985671997,-8.34582805633545,3.751060724258423
13.372386962890625,3.14790415763855,-8.439437866210938,3.886218547821045
13.38971142578125,2.7006096839904785,-8.565850257873535,3.9457602500915527
13.407003662109377,2.2403039932250977,-8.713082313537598,3.911439895629883
13.424306884765626,1.7613862752914429,-8.84673023223877,3.8560361862182617
13.441610107421877,1.3027912378311155,-8.934494018554688,3.835839033126831
13.4589130859375,1.368124008178711,-8.94833755493164,3.7804250717163086
13.4762158203125,2.457456588745117,-8.778635025024414,3.6238954067230225
13.4935166015625,2.908926248550415,-8.529069900512695,3.8767552375793457
13.5108251953125,2.9673259258270264,-8.423702239990234,4.0586113929748535
13.528125732421875,2.812126398086548,-8.524238586425781,3.957956790924072
13.545428466796874,2.6517274379730225,-8.569433212280273,3.9710538387298584
13.5627314453125,3.8013992309570312,-8.296592712402344,3.598890542984009
13.58003466796875,4.677336692810059,-7.730273246765137,3.821195363998413
13.597338134765623,4.562601089477539,-7.830244064331055,3.7558023929595943
13.6146396484375,4.686570167541504,-8.056713104248047,3.059666872024536
13.631945068359377,4.415496349334717,-8.315807342529297,2.7544243335723877
13.649244873046875,4.1956682205200195,-8.447832107543945,2.6956655979156494
13.66655322265625,3.990459442138672,-8.494651794433594,2.8553881645202637
13.683853271484375,3.846998453140259,-8.498625755310059,3.0348103046417236
13.70115625,3.7690913677215576,-8.499582290649414,3.128444194793701
13.71845458984375,3.742313861846924,-8.526202201843262,3.087895154953003
13.7357626953125,3.694321870803833,-8.524886131286621,3.148716449737549
13.753053466796874,3.510141611099243,-8.517143249511719,3.372431993484497
13.7703701171875,3.1432387828826904,-8.566607475280762,3.601304769515991
13.787682861328124,2.756272792816162,-8.677996635437012,3.6512255668640137
13.804975341796874,2.561263084411621,-8.809165000915527,3.4748594760894775
13.822277587890625,2.3012149333953857,-8.969351768493652,3.239018678665161
13.839581298828126,1.9497419595718384,-9.107538223266602,3.0801613330841064
13.856873291015624,1.6352543830871582,-9.196020126342772,2.999213933944702
13.8741875,1.4839882850646973,-9.247499465942385,2.9185028076171875
13.891489990234374,1.4505267143249512,-9.28669548034668,2.808799982070923
13.90879345703125,1.4914034605026243,-9.317656517028809,2.681997537612915
13.92609619140625,1.5740935802459717,-9.33110809326172,2.586268424987793
13.943397216796876,1.6540850400924685,-9.334181785583496,2.5245110988616943
13.960705078125,1.685688614845276,-9.350339889526367,2.442481756210327
13.9779951171875,1.623473048210144,-9.383058547973633,2.357682228088379
13.99530908203125,1.476822853088379,-9.409761428833008,2.3476619720458984
14.012609619140624,1.301356315612793,-9.414753913879396,2.430018186569214
14.02991748046875,1.1085809469223022,-9.411125183105469,2.537306308746338
14.047215576171874,0.888496458530426,-9.412880897521973,2.6161720752716064
14.064523681640624,0.6129148006439209,-9.423069953918455,2.658233165740967
14.081824462890625,0.2354890257120132,-9.440558433532717,2.656409502029419
14.099126953125,-0.1784216463565826,-9.459766387939451,2.591738700866699
14.116441650390623,-0.591884434223175,-9.460220336914062,2.5278480052948
14.133733154296875,-0.9679048657417296,-9.431634902954102,2.518632173538208
14.151030029296876,-1.2663955688476562,-9.388883590698242,2.5458240509033203
14.16833935546875,-1.4510260820388794,-9.358528137207031,2.559014797210694
14.185642578125,-1.5085608959197998,-9.346049308776855,2.5713326930999756
14.20294677734375,-1.453892707824707,-9.34766674041748,2.596812009811402
14.220248291015626,-1.3217947483062744,-9.359502792358398,2.62463903427124
14.237551513671876,-1.1492453813552856,-9.385537147521973,2.612860918045044
14.254854736328124,-0.992713987827301,-9.431422233581545,2.509754180908203
14.27215771484375,-0.9071776866912842,-9.47199821472168,2.3863003253936768
14.28946142578125,-0.8670321702957153,-9.48934841156006,2.331660747528076
14.306763916015624,-0.8431334495544434,-9.488240242004396,2.3448967933654785
14.324067138671875,-0.8291676640510559,-9.489065170288086,2.3465335369110107
14.34137060546875,-0.8253620266914368,-9.489072799682615,2.347846031188965
14.358673828125,-0.8370468020439148,-9.478317260742188,2.3868331909179688
14.37597607421875,-0.8807681798934937,-9.454607009887695,2.4638936519622803
14.39328173828125,-0.9788391590118408,-9.413843154907228,2.5802199840545654
14.410578125,-1.0639410018920898,-9.372529029846191,2.694408893585205
14.427876953125,-1.107822060585022,-9.340128898620604,2.787620782852173
14.44518896484375,-1.0456842184066772,-9.25220775604248,3.08857798576355
14.462491455078125,-0.7318337559700012,-9.22634506225586,3.2519402503967285
14.479795166015624,-0.3779061436653137,-9.26462459564209,3.2031242847442627
14.49708740234375,-0.2493510097265243,-9.301065444946287,3.108717918395996
14.514407958984377,-0.262971818447113,-9.304097175598145,3.098508596420288
14.531704345703124,-0.3679433763027191,-9.28693389892578,3.1390461921691895
14.5490068359375,-0.5139094591140747,-9.256095886230469,3.2088465690612793
14.566310546875,-0.6275971531867981,-9.227776527404783,3.269613981246948
14.58361376953125,-0.6765234470367432,-9.194903373718262,3.3514437675476074
14.600915283203124,-0.7468494176864624,-9.151854515075684,3.4528157711029053
14.618219482421877,-0.889623761177063,-9.097525596618652,3.560863494873047
14.635522705078126,-0.9972806572914124,-9.0467529296875,3.660300493240357
14.652815673828124,-1.112360954284668,-9.009536743164062,3.718466281890869
14.670128173828124,-1.2494134902954102,-8.980426788330078,3.745264768600464
14.6874208984375,-1.330937743186951,-8.963483810424805,3.757749795913696
14.704735107421875,-1.2985538244247437,-8.961385726928711,3.774048089981079
14.722037353515624,-1.1876709461212158,-8.971696853637695,3.78605318069458
14.7393408203125,-1.0596774816513062,-8.992217063903809,3.7753467559814458
14.75664404296875,-0.9541481137275696,-9.031920433044434,3.708115816116333
14.773947265625,-0.904657542705536,-9.080626487731934,3.599987268447876
14.79124951171875,-0.8970851302146912,-9.135053634643556,3.461521625518799
14.80855029296875,-0.9098607301712036,-9.188697814941406,3.313019275665283
14.825858642578124,-0.9198547601699828,-9.23122501373291,3.1897449493408203
14.84315966796875,-0.909934103488922,-9.236867904663086,3.176225185394287
14.860461669921875,-0.8487797975540161,-9.244296073913574,3.171545028686523
14.87775439453125,-0.7103961110115051,-9.27303695678711,3.121253490447998
14.895068359375,-0.5324892997741699,-9.304271697998049,3.0631844997406006
14.91236572265625,-0.382160872220993,-9.330676078796388,3.0047574043273926
14.929674072265623,-0.274668276309967,-9.355244636535645,2.939398288726806
14.946977294921876,-0.1860867738723755,-9.376075744628906,2.8793528079986572
14.96428076171875,-0.1090590581297874,-9.392500877380373,2.829343557357788
14.98158349609375,-0.051077477633953,-9.404499053955078,2.790858030319214
14.99888623046875,-0.0183447636663913,-9.410147666931152,2.7721645832061768
15.016189453125,0.023058496415615,-9.412243843078612,2.765003204345703
15.03348974609375,0.0757828429341316,-9.414807319641112,2.7553186416625977
15.0507861328125,0.1064012050628662,-9.41477108001709,2.7544283866882324
15.068095947265626,0.1384395658969879,-9.415663719177246,2.749945878982544
15.08540625,0.1929072588682174,-9.413163185119627,2.7552242279052734
15.102705078125,0.2567532956600189,-9.40951919555664,2.7624528408050537
15.11999755859375,0.3233887553215027,-9.409034729003906,2.7571003437042236
15.137310546875,0.3730939030647278,-9.41767120361328,2.721099376678467
15.15461376953125,0.4265970885753631,-9.45556354522705,2.5780694484710693
15.17190625,0.4892663657665252,-9.507710456848145,2.3664722442626953
15.1892236328125,0.5284044146537781,-9.543211936950684,2.20998477935791
15.206521484375,0.5592353343963623,-9.563960075378418,2.110459327697754
15.22382421875,0.5715484023094177,-9.583212852478027,2.0177907943725586
15.24113134765625,0.604661762714386,-9.601170539855955,1.920426845550537
15.2584326171875,0.6711007356643677,-9.612013816833496,1.8425352573394775
15.275734130859377,0.7169803380966187,-9.621442794799805,1.7747981548309326
15.29303955078125,0.723291277885437,-9.632590293884276,1.7106053829193115
15.310341796875,0.7154501080513,-9.639355659484863,1.6754323244094849
15.327634033203124,0.7268148064613342,-9.635611534118652,1.6919963359832764
15.344937744140625,0.6908707618713379,-9.633681297302246,1.7178480625152588
15.362250732421876,0.6573761701583862,-9.633273124694824,1.733209490776062
15.379553955078125,0.6227828860282898,-9.632964134216309,1.7476366758346558
15.39685693359375,0.5979322195053101,-9.636313438415527,1.7378395795822144
15.414149658203126,0.5881503820419312,-9.646190643310549,1.6855909824371338
15.431463134765623,0.5952833890914917,-9.670668601989746,1.5362039804458618
15.448755126953126,0.5882229208946228,-9.702821731567385,1.321117877960205
15.4660693359375,0.5733581185340881,-9.74815845489502,0.9385144114494324
15.483368896484375,0.5426269173622131,-9.78294277191162,0.4855192005634308
15.500677490234375,0.533501148223877,-9.794954299926758,0.1017661169171333
15.51796728515625,0.545122504234314,-9.791553497314451,-0.2538232505321502
15.535287353515624,0.5412557125091553,-9.767510414123535,-0.734099805355072
15.552568115234376,0.4760960936546325,-9.736348152160645,-1.10135817527771
15.569883056640624,0.4226619005203247,-9.719216346740724,-1.262654185295105
15.587190185546875,0.3952595293521881,-9.705066680908203,-1.3753522634506226
15.604484130859374,0.3927457928657532,-9.691285133361816,-1.469984531402588
15.621794677734377,0.4140998423099518,-9.669527053833008,-1.6015299558639526
15.639090087890626,0.4320636391639709,-9.63302230834961,-1.8039746284484863
15.656402099609377,0.4320151209831238,-9.59408187866211,-2.00077223777771
15.673703125,0.4252118766307831,-9.572988510131836,-2.1007649898529053
15.691010498046875,0.4310532510280609,-9.559545516967772,-2.159959316253662
15.7083115234375,0.458468496799469,-9.546845436096191,-2.209904670715332
15.7256142578125,0.4646577835083008,-9.529791831970217,-2.2810709476470947
15.742902099609376,0.4689624905586242,-9.507587432861328,-2.3710718154907227
15.76021435546875,0.4736098647117615,-9.488443374633787,-2.4456589221954346
15.7775234375,0.4621955156326294,-9.469426155090332,-2.5204107761383057
15.79482666015625,0.4421576857566833,-9.439998626708984,-2.6319315433502197
15.8121298828125,0.437336653470993,-9.402507781982422,-2.7636427879333496
15.829432373046876,0.4460671544075012,-9.35242748260498,-2.927330255508423
15.84672314453125,0.4260608851909637,-9.30057430267334,-3.090942144393921
15.86403857421875,0.4282372295856476,-9.2385892868042,-3.271268129348755
15.881331298828124,0.6033835411071777,-9.168930053710938,-3.4355194568634033
15.898646240234376,0.6418822407722473,-9.106555938720703,-3.59092378616333
15.915946044921874,0.3543570637702942,-9.061490058898926,-3.74165415763855
15.93324951171875,0.2560186088085174,-8.94310188293457,-4.023867607116699
15.950555419921876,0.3847146332263946,-8.81358528137207,-4.290548324584961
15.967845947265625,0.503195583820343,-8.756360054016113,-4.39420747756958
15.98516015625,0.5465287566184998,-8.776349067687988,-4.348921775817871
16.002462890625,0.569940984249115,-8.809518814086914,-4.278280258178711
16.019765625,0.6173443794250488,-8.830513000488281,-4.228126525878906
16.03706884765625,0.7066097259521484,-8.845427513122559,-4.182727336883545
16.0543720703125,0.7689965963363647,-8.874405860900879,-4.109703540802002
16.0716748046875,0.8602797985076904,-8.918975830078125,-3.993486166000366
16.088971923828126,1.041898488998413,-8.98240852355957,-3.803539991378784
16.10628369140625,1.289150357246399,-9.049443244934082,-3.5611512660980225
16.123581787109377,1.6472361087799072,-9.09521484375,-3.286303758621216
16.1408896484375,2.1376941204071045,-9.09331226348877,-2.9963412284851074
16.158175537109376,2.710148811340332,-9.043916702270508,-2.6643590927124023
16.175488525390627,3.271704912185669,-8.96705436706543,-2.263630628585815
16.19280029296875,3.850494861602783,-8.838388442993164,-1.8145753145217896
