time,bearingAccuracy,speedAccuracy,verticalAccuracy,horizontalAccuracy,speed,bearing,altitude,longitude,latitude
1.038,0.0,0.0,1.1545577257626478,10.184529683094397,2.2477404564710417,113.87516855772017,38.9147832599162,-122.75155108343435,49.19088551681498
2.453,0.0,0.0,1.1157528384166622,11.795941794273183,2.7869810034299616,97.8593473273746,39.75307210741896,-122.75198792953749,49.190722989019754
7.0537177734375,0.0,0.0,1.1047427684451172,13.106833615941936,3.07631627717306,115.77269695618233,40.08935108379903,-122.75216440724174,49.19068251557994
7.5726796875,0.0,0.0,1.1119048279325023,13.966974347369629,2.924735655794102,138.649059418452,39.99352747148702,-122.75211369860095,49.190727541294464
8.09168017578125,0.0,0.0,1.1185835874873,14.45983980172268,2.3660206202091474,135.52627408915953,39.767502313052134,-122.75199267277426,49.19077830310727
8.61066455078125,0.0,0.0,1.1148625848442162,14.77092823267605,1.6382084165371347,101.08960297903563,39.67772822178327,-122.75194208246907,49.190780398803916
9.129667724609376,0.0,0.0,1.1060545424714354,15.047104656482437,1.0305561749813898,58.47048578216333,39.76786385484342,-122.75198685172242,49.19074006578224
9.648649169921876,0.0,0.0,1.1034853029152274,15.340172699561096,0.7133334711339702,36.121112656552796,39.895728183766934,-122.75205331676919,49.19070125513689
10.16763623046875,0.0,0.0,1.1108992999337473,15.625878238021524,0.6690417150191169,42.31939019758963,39.91968849489705,-122.75206596617167,49.19069514105746
10.6866240234375,0.0,0.0,1.1207283852204568,15.838373395600827,0.7555300317031247,61.06134159764547,39.83719974460548,-122.75202110695795,49.19071307438794
11.205611328125,0.0,0.0,1.122786109332663,15.892102409222504,0.8310896601373426,70.40364602203933,39.75686210583833,-122.75197431799552,49.190723742368874
12.2290869140625,0.0,0.0,1.1149490230357058,15.712200109890512,0.8402437946876865,62.99442720833761,39.76467034364719,-122.7519715236358,49.19070958873526
12.762574462890624,0.0,0.0,1.1045317233960938,15.28877624756846,0.8110151094825448,49.369762173527825,39.837919001566064,-122.75200299760712,49.190682812110005
13.281562255859376,0.0,0.0,1.1000065385216031,14.719400352031753,0.7935120172540481,44.15188623189949,39.88689270480178,-122.75202315838958,49.19066798497328
13.800539306640625,0.0,0.0,1.1028155740300882,14.182345188496853,0.8064339913762993,51.71340643272503,39.86108418301606,-122.75200504624827,49.19067430939247
14.31953515625,0.0,0.0,1.107709927376586,13.834846643129021,0.8316580853302311,65.18416248644952,39.79852702044002,-122.75196701877769,49.19068800046597
14.838517822265626,0.0,0.0,1.1099008025224808,13.70973919397929,0.8444607524112058,76.52151674779137,39.773089550881835,-122.7519470679933,49.19069014555976
15.357504638671877,0.0,0.0,1.1101541095314287,13.701501017133063,0.8398168924131992,84.5310072643884,39.80909356581365,-122.75195900081138,49.190677760888654
15.87648876953125,0.0,0.0,1.1123320580571583,13.658877448079497,0.8311095101916681,92.74213346221516,39.85980647948435,-122.75197999614056,49.19066501690992
16.395490234375,0.0,0.0,1.1171246360668727,13.504161568741297,0.8310106422617054,101.99377920502094,39.866607682222586,-122.75197950460232,49.19066554731642
16.9144794921875,0.0,0.0,1.1199933465655254,13.27645935667893,0.8393277715010429,107.95801731276582,39.82570875187759,-122.75195347542846,49.19067716048002
17.433456787109375,0.0,0.0,1.1160897656655018,13.071098347194093,0.8489901778077357,106.51394316171127,39.78773226525551,-122.75192580561763,49.19068551503036
17.952451904296876,0.0,0.0,1.1065289061943964,12.943702683014918,0.8591811871984294,99.76351431998592,39.79612095211215,-122.75191865594738,49.190680981980094
18.47143115234375,0.0,0.0,1.0985715852267106,12.870325644540875,0.8785847669242679,94.7799611839365,39.83798969924997,-122.7519275101385,49.190668936574454
18.990430908203123,0.0,0.0,1.0989676061740308,12.78851208188767,0.9153488596401085,96.19325852882928,39.862109549416566,-122.75192845922878,49.1906626488859
20.02839990234375,0.0,0.0,1.1072992079115282,12.663075209005529,0.9660449989256472,101.27683975082735,39.840196347991565,-122.75190702148181,49.19066803475426
21.06043310546875,0.0,0.0,1.1162490551000523,12.506989726548683,1.0164212549796177,103.3273687657613,39.800338268107275,-122.75187450309399,49.19067776382202
21.58536962890625,0.0,0.0,1.1184149859553874,12.346665113128617,1.0532438072005554,99.42891121463602,39.79579483797194,-122.75185423455738,49.19068046501084
22.10436865234375,0.0,0.0,1.1127000761056685,12.181468271465206,1.074846855677081,93.66860345921594,39.84586290312663,-122.75185496527683,49.190673587407915
22.623353271484376,0.0,0.0,1.1042930726723437,11.98552994811215,1.0902585100720554,92.27283398312616,39.914823049667,-122.75186202217452,49.19066533366918
23.142327880859376,0.0,0.0,1.0991746046706499,11.745211507245244,1.1091226543514585,96.46642678910385,39.95031260628733,-122.75185508774703,49.19066442248662
23.6613271484375,0.0,0.0,1.0992060832113464,11.484051030586777,1.1332811181408655,101.27083266939512,39.936910005228626,-122.75183115892855,49.19067016725227
24.180322998046876,0.0,0.0,1.1021537516431794,11.243930530709456,1.1575452543200742,101.3913448039021,39.90707088424944,-122.75180677951471,49.1906740768706
24.69930419921875,0.0,0.0,1.105223743505807,11.043306242622299,1.1769317838455529,97.20831112847347,39.901416943494,-122.75179837839691,49.19067035115942
25.218292724609373,0.0,0.0,1.1075277193066058,10.859637674955021,1.1918416463988535,94.03735291372344,39.925287099127885,-122.7518040409399,49.190662673363605
25.737281494140625,0.0,0.0,1.1092754718044668,10.655332853191123,1.206440646499753,95.7878927613494,39.948379177054406,-122.75180693136896,49.19065964867271
26.29228173828125,0.0,0.0,1.109820204491122,10.418337086449364,1.2233834697362724,100.51508298725837,39.94340561662576,-122.75179507521935,49.190664644074914
26.87904638671875,0.0,0.0,1.107698411762398,10.174329180794384,1.2412073305554734,102.88906527723223,39.91741366381088,-122.75177427129871,49.19067195969416
27.398050537109373,0.0,0.0,1.102748501246704,9.96075130910977,1.2567231530613638,100.46350326353283,39.9014984374696,-122.75176017177093,49.19067352813684
27.920348876953124,0.0,0.0,1.0974116913093528,9.79382212467938,1.2689756096317735,96.37614708457824,39.91370190971981,-122.75175992133988,49.19066814292415
28.43601708984375,0.0,0.0,1.0951436643399486,9.663029099266494,1.2802106605573884,95.50172165413743,39.938921315696675,-122.75176481439573,49.19066263392868
28.95500146484375,0.0,0.0,1.097378105917001,9.553229124832363,1.293221289368882,98.73942692422796,39.94768266243778,-122.75176152975693,49.19066395673918
29.47400146484375,0.0,0.0,1.1023278089628725,9.464163586520662,1.3084097845378613,102.10763010158205,39.93045292238893,-122.75174788022709,49.190671481325914
29.992987548828125,0.0,0.0,1.106867164729793,9.40461615418375,1.3236553361705539,101.5346941428983,39.90777983387624,-122.75173469133121,49.19067812273331
30.511976318359373,0.0,0.0,1.1093074419996318,9.37171972120037,1.3365881643608073,97.61431885473363,39.90578626740914,-122.75173237367203,49.190678573780055
31.03096533203125,0.0,0.0,1.110114588251668,9.344182601300522,1.3464670140323647,94.81352996538168,39.92621149380568,-122.75173848073355,49.19067498392773
31.54995751953125,0.0,0.0,1.1102682884795771,9.30041714240693,1.3539484628985483,96.211712752411,39.94517096881758,-122.75174068499267,49.19067383239695
32.0689443359375,0.0,0.0,1.1096977617034687,9.241067514840326,1.3597672127538822,99.99083718534483,39.94104470015508,-122.75173119060486,49.19067806820758
32.58792553710938,0.0,0.0,1.107800396591852,9.188340701795783,1.3643243594268177,101.68546180032082,39.91898979668395,-122.75171551966122,49.19068377326849
33.106923828125,0.0,0.0,1.1051660253309386,9.160653509867238,1.368554128408486,99.41647107165929,39.904459961870074,-122.75170570222097,49.19068497879624
33.62591528320313,0.0,0.0,1.1039670691070027,9.150065104950976,1.3745370138991473,95.96536647244113,39.913906245429025,-122.75170622777651,49.19068073292781
34.1449033203125,0.0,0.0,1.1061096676940836,9.127979596017779,1.3845522364499212,95.39453092193006,39.93629565576269,-122.7517091658256,49.19067614871374
34.66389819335937,0.0,0.0,1.11113033913664,9.073569520172317,1.3992405325941781,98.31014737436878,39.94603274527097,-122.75170374276529,49.190676385423664
35.182889892578125,0.0,0.0,1.116351327259119,8.994392983310263,1.4168010455076339,101.31048143712505,39.93210239635656,-122.7516888461457,49.190680689022585
35.70188256835937,0.0,0.0,1.1192493173550717,8.917705823463894,1.434172993420703,101.12477998444736,39.910382643346075,-122.7516739620885,49.19068333672893
36.220861328125,0.0,0.0,1.1194264085431427,8.863327800742377,1.4491243758607908,98.4640279658762,39.905549224741776,-122.75166787007547,49.190680217171256
36.739868896484374,0.0,0.0,1.1181283814490564,8.828166314571423,1.461385307775435,97.0726732252612,39.92321242006816,-122.75166854282656,49.19067339359272
37.25885205078125,0.0,0.0,1.1162571773050871,8.797897897758505,1.4721356533846452,99.19797719443449,39.943558554874066,-122.7516658540501,49.19066857634553
37.77785864257813,0.0,0.0,1.113571869376493,8.770397712969253,1.4827678625408938,102.87368599522195,39.943506118281874,-122.75165353793489,49.19066868931188
38.2968505859375,0.0,0.0,1.1100752252172914,8.763140145428101,1.494127594228221,104.19551124923778,39.9226450419281,-122.75163628140486,49.19067099999778
38.81584423828125,0.0,0.0,1.1075372929702814,8.795752278935112,1.5064154317095795,101.86536663505463,39.904086379436485,-122.7516239080378,49.190670858716636
39.33483935546875,0.0,0.0,1.108623284470168,8.866813977565743,1.5191422950791225,98.66245798390956,39.909043910050094,-122.75161980394839,49.19066737969643
39.8538369140625,0.0,0.0,1.1140399505437772,8.949850235417845,1.5309311503819996,98.16532796522263,39.93294747691057,-122.7516172104828,49.19066437943522
40.3728291015625,0.0,0.0,1.121005500752573,9.01220379538686,1.539770081097024,100.61382945452527,39.94956353274123,-122.7516075136461,49.190665664291004
40.891814453125,0.0,0.0,1.1253956824328846,9.036872290595982,1.5441650995785572,102.73824949405865,39.93939103958275,-122.75159060591811,49.190670376708695
41.41080810546875,0.0,0.0,1.1257808612854923,9.0267759221022,1.5444604891008384,101.67768447543068,39.91196122216131,-122.75157517665289,49.19067388270146
41.9298134765625,0.0,0.0,1.1249738376319007,8.991516939999292,1.5428857737665993,98.34319277363359,39.89723640953852,-122.75156870697975,49.1906730847997
42.4488056640625,0.0,0.0,1.127036818613409,8.934091564198045,1.5418485806576612,96.31196100026074,39.91370404128796,-122.75156889917918,49.19066990588082
42.96779296875,0.0,0.0,1.1327332770381835,8.851208796135062,1.5418512051045825,97.62110313659011,39.9463484539122,-122.7515664284552,49.19066893281355
43.48679809570312,0.0,0.0,1.1384799092819147,8.743312081519754,1.541088436354474,100.42547014063518,39.95936742569752,-122.75155567552353,49.19067205474483
44.0057958984375,0.0,0.0,1.1402550288819566,8.620589911206766,1.5372796530405735,101.2250017864364,39.933533624239175,-122.75154097856156,49.19067634426467
44.524787109375,0.0,0.0,1.1383408375013533,8.498708692296939,1.5300063887990234,98.9847061079342,39.89106052625545,-122.75153134958013,49.19067754514712
45.04378466796875,0.0,0.0,1.1374768749080464,8.390892228202011,1.521203378774373,96.29866503901829,39.8795234301837,-122.75152998724262,49.19067501086764
45.5627763671875,0.0,0.0,1.141770407824291,8.304900281631138,1.5132731951102218,96.27773523296791,39.924445603308186,-122.75153071650034,49.19067237229984
46.08177099609375,0.0,0.0,1.1495608818023904,8.244035428340917,1.506728609632325,98.86405493802914,39.99249979819023,-122.75152523297233,49.1906732804401
46.5947607421875,0.0,0.0,1.153902185617808,8.205198830486534,1.4997623619776341,100.90146725912082,40.002683642212176,-122.75151256745659,49.19067725553292
47.119759765625,0.0,0.0,1.1486429675309988,8.173623736872328,1.4901715749013615,99.84448705506492,39.883114855150296,-122.75149991735705,49.19068040787807
48.15774829101562,0.0,0.0,1.1342188848454373,8.124113028112543,1.4776899935950913,96.73063416802489,39.63024489817918,-122.7514942114748,49.1906800469874
48.676742431640626,0.0,0.0,1.1174934606637301,8.0360623597303,1.4644528102593792,94.94691862020564,39.32161466006351,-122.75149437567823,49.19067774431183
49.19573461914062,0.0,0.0,1.1060307288968314,7.913112010269608,1.4532824525405506,96.27245851187719,39.069170928684684,-122.75149307748849,49.190677359403466
49.71473095703125,0.0,0.0,1.1025750448748328,7.786751405530919,1.4456118762687333,98.84456840107997,38.94791386196945,-122.75148551115363,49.19068045868904
50.2290869140625,0.0,0.0,1.1046762863041562,7.694149310836027,1.440991046675714,99.39795922095088,38.95386009303148,-122.75147478773997,49.19068450583262
50.752719482421874,0.0,0.0,1.1086486197187408,7.646858215283561,1.4383065360202392,97.11103467807523,39.0200005524392,-122.75146782889689,49.19068585665984
51.27170385742187,0.0,0.0,1.112877500495012,7.620981281744304,1.4371392414107051,94.54699835363586,39.071523203736234,-122.75146691101818,49.19068398578211
51.79069921875,0.0,0.0,1.1172182669643207,7.582153470479706,1.4378396914528817,94.62081186968145,39.073034752984015,-122.75146691337255,49.190682042169634
52.30970458984375,0.0,0.0,1.120366897467256,7.5241198403357075,1.4405406911648089,97.17733362260137,39.03395905382506,-122.75146137214719,49.190683191819275
52.82869995117188,0.0,0.0,1.1194546577125415,7.482914659644154,1.4445307688602576,99.18478379221817,38.97872364979916,-122.75145004554393,49.19068705861738
53.34769555664062,0.0,0.0,1.1130461935142668,7.509451732517223,1.4488880683710141,98.28825820487653,38.917432996561324,-122.75143906635142,49.19069030616482
53.86668090820312,0.0,0.0,1.104014982256262,7.623329433936584,1.4537086876166752,95.55091370445076,38.84501963808541,-122.75143361054097,49.190690492709344
54.37868505859375,0.0,0.0,1.0982036654591418,7.7902516647514854,1.4604517048618184,94.19998239254747,38.76325307302094,-122.75143179287699,49.190688615502744
54.90467578125,0.0,0.0,1.099318877057154,7.944339810854014,1.4707716589778372,95.88062066373466,38.69573799263006,-122.75142694718457,49.19068750402312
55.942681640625,0.0,0.0,1.1050953844263154,8.035093027519371,1.4848060803786425,98.79777717482563,38.675179250937255,-122.75141554131648,49.190688202143875
56.4616767578125,0.0,0.0,1.109016008851414,8.05734505926579,1.5005466274073571,99.86654019904076,38.71375417874867,-122.75140141335359,49.1906887624483
56.98066479492188,0.0,0.0,1.1062761307500941,8.040955219871458,1.5149743766021302,98.29725588916834,38.787489049552924,-122.75139140824265,49.19068685149399
57.49967041015625,0.0,0.0,1.0981911466113499,8.015225548712243,1.5260438934544875,96.4178976820403,38.852704937884305,-122.75138756663311,49.19068293382219
58.018672119140625,0.0,0.0,1.090749517450085,7.983440189325924,1.5338865537272879,96.83191381535278,38.88024338054607,-122.75138496026953,49.19068009756608
58.53766821289062,0.0,0.0,1.0889488135449965,7.928242562730378,1.540351231497676,99.30758338415609,38.87516528541743,-122.75137758906091,49.19068061428201
59.05667016601563,0.0,0.0,1.0926362445036586,7.836981278060857,1.5474077888455235,101.05877320258773,38.864582798563504,-122.75136538313568,49.19068327347824
59.57566943359375,0.0,0.0,1.0976527471146755,7.719713349060065,1.555737768148373,100.0507701112923,38.86822228768414,-122.75135420953443,49.19068469496295
60.09467138671875,0.0,0.0,1.100478519826448,7.604266583886343,1.564481237405438,97.41446776814932,38.88191023979834,-122.75134903784212,49.19068316729732
60.61367236328125,0.0,0.0,1.1013313895003485,7.516646093088518,1.5720962464280708,96.13258275934562,38.88820155865294,-122.75134831276024,49.190680569343264
61.1326728515625,0.0,0.0,1.102909256619421,7.4663029195019615,1.5775167997303472,97.56021701628251,38.87920221110005,-122.7513459729939,49.19068013466451
61.65166064453125,0.0,0.0,1.1068157399989311,7.446562974900165,1.5807617010020065,99.87179609867897,38.86559347305359,-122.75133853154362,49.1906826488854
62.1706611328125,0.0,0.0,1.1118128197177988,7.44452262030747,1.5826924116720789,100.23819896138299,38.86335009742187,-122.75132885124731,49.19068548579741
62.68967309570313,0.0,0.0,1.115501653507725,7.449042804100116,1.5842483174257402,98.1544510980389,38.874927914695796,-122.7513223576384,49.19068558097838
63.20867504882813,0.0,0.0,1.1171056208857357,7.452511248639046,1.5857899005028415,96.01369732196484,38.88674940755778,-122.75132039756934,49.19068288299398
63.72766625976563,0.0,0.0,1.1181239529995366,7.45038470267337,1.5870215037655113,96.28337997284798,38.88522527322528,-122.75131867498219,49.19068031253695
64.2290869140625,0.0,0.0,1.1203811178955583,7.442488204073707,1.58748983385467,98.62568365488384,38.872368265412774,-122.75131251140594,49.1906803468326
64.76567822265625,0.0,0.0,1.1239622610383293,7.434213777090503,1.5871961024084889,100.33889193471639,38.863144166222305,-122.75130253893923,49.190682233179864
65.2846748046875,0.0,0.0,1.1273723071040391,7.433490587220115,1.5867681809637608,99.57138995906956,38.86804720595882,-122.75129398084503,49.19068301788946
65.80368603515625,0.0,0.0,1.1294836535653372,7.444145658312781,1.5870196164197852,97.50941651405984,38.88117083988489,-122.75129036709998,49.19068108121193
66.3226806640625,0.0,0.0,1.130846544616021,7.461685603030621,1.5882819654739502,96.97100482974395,38.887304780000676,-122.75128919532811,49.190677986352455
66.84169799804687,0.0,0.0,1.1329179518498802,7.476143849852748,1.590132678557205,99.07531871804852,38.879549865134706,-122.7512847744048,49.19067651561068
67.36068212890625,0.0,0.0,1.1363108762561462,7.4795147437074725,1.5917984828238798,101.90770453423578,38.86707336254115,-122.75127496814785,49.190677289056495
67.87970166015624,0.0,0.0,1.140193328598949,7.47068248638181,1.5928834043320859,102.7385024963519,38.864295645987184,-122.75126387016999,49.19067800563179
68.40735278320312,0.0,0.0,1.1434155047018644,7.453921272141249,1.593751933354839,101.17912215181154,38.87423628080806,-122.75125715513391,49.19067620933781
68.926359375,0.0,0.0,1.1458524716435137,7.434025640730594,1.595214431676862,99.57977164893273,38.88523667868815,-122.75125545607273,49.190672294447936
69.4453642578125,0.0,0.0,1.1483358043035898,7.413776091922982,1.5978139694703188,100.2329994924459,38.88461114293341,-122.75125350255146,49.190669169149
69.96436938476562,0.0,0.0,1.1514020217724392,7.395260780248186,1.6013677274712717,102.69117866003283,38.87326784695235,-122.75124608953037,49.1906689394925
70.4772158203125,0.0,0.0,1.1545380544112818,7.381339062853702,1.6051457246096787,104.3388127417472,38.864456880552396,-122.75123400458116,49.19067050598493
71.00236962890625,0.0,0.0,1.1568945178071484,7.373858007336434,1.60847413572582,103.5086464522485,38.868311504545794,-122.75122308948576,49.19067091694562
71.52139038085937,0.0,0.0,1.1585215870666978,7.370435870221948,1.6112182378296596,101.44632849353003,38.88019728201614,-122.75121757485759,49.190668911176466
72.04039965820313,0.0,0.0,1.1604791048633252,7.36477878168689,1.6137983472801773,100.81429894577029,38.886262640656255,-122.75121540402337,49.19066648410683
72.55939501953125,0.0,0.0,1.1635703306615295,7.3521273989810245,1.616841670878055,102.52285977306657,38.87956726430413,-122.75121083033103,49.19066659479214
73.07840258789062,0.0,0.0,1.1672250217822746,7.335161744114772,1.6208100292845422,104.64360148118602,38.86802421715504,-122.75120106359608,49.19066965016074
73.59740600585937,0.0,0.0,1.1699936875140455,7.324016222106146,1.6258194863398252,104.68726181589362,38.86506507762852,-122.75118914217403,49.19067287767324
74.11641455078124,0.0,0.0,1.1712151440992715,7.329410200000439,1.6316317809006036,102.5471377125442,38.874020396219755,-122.75117982902603,49.19067338077436
74.63540869140625,0.0,0.0,1.1719419867319276,7.354702629333007,1.637730236670751,100.62360433268572,38.88436939203006,-122.75117363225014,49.19067139945166
75.15442065429687,0.0,0.0,1.1739661274224995,7.3937016313919415,1.6434788678251149,100.97959264229272,38.884085222274955,-122.75116621531397,49.19067003228696
76.19243432617188,0.0,0.0,1.177953623218253,7.435481252684691,1.6483810004065504,102.89119779390175,38.87360626872343,-122.75115395981436,49.190671733915664
76.71143994140625,0.0,0.0,1.182753006610654,7.471363458992678,1.652321602708415,103.6988026608917,38.865208615263164,-122.75113899429316,49.19067559116299
77.2290869140625,0.0,0.0,1.1866347529627614,7.4984935670405415,1.6555841974609864,101.9670427837046,38.86863657207634,-122.75112747113369,49.19067845161141
77.74945166015625,0.0,0.0,1.1890525647829557,7.518647149970458,1.6585771593827547,99.22320570413035,38.87979770474237,-122.75112280179987,49.190678536213106
78.26845776367188,0.0,0.0,1.1909853312748069,7.534898021522842,1.6614886575807541,98.20363030837504,38.885636602545816,-122.75112164877353,49.19067735975497
78.78746337890625,0.0,0.0,1.1935991061809188,7.549062277154383,1.6641910495495336,99.65337012084525,38.87939686239761,-122.75111747737502,49.19067781514318
79.3064697265625,0.0,0.0,1.196875067695774,7.560802401911157,1.6664747904278638,101.44723205812747,38.868439938944526,-122.75110775816104,49.19068073262907
79.8254765625,0.0,0.0,1.1997842642802323,7.568088288936677,1.668345964042655,101.08570639994832,38.865570838720764,-122.75109660692398,49.190683925989596
80.3444814453125,0.0,0.0,1.2016998720781402,7.568874766085845,1.6700599049860634,98.64708272240398,38.874079808244254,-122.75108983561887,49.19068477027654
80.86348657226563,0.0,0.0,1.2032858135322064,7.563437565222588,1.6718693675484564,96.72261505280274,38.88396673002442,-122.75108811847292,49.19068323874022
81.38215649414063,0.0,0.0,1.2057732987050178,7.555366699452417,1.6737945594036794,97.39354838622984,38.8836842318597,-122.75108614423743,49.19068185487247
81.90149755859375,0.0,0.0,1.2094865254063822,7.549224503179778,1.6756893705715254,99.78739677370109,38.87362047023113,-122.75107870297228,49.19068267637127
82.42048657226563,0.0,0.0,1.2133781159703472,7.546045778758927,1.6775154820858416,101.08414272675168,38.86558305068455,-122.75106665540802,49.19068489306591
82.93950732421875,0.0,0.0,1.216141983354381,7.541360035305866,1.6794705303368256,99.80132787697309,38.8689536262791,-122.75105590929648,49.19068584858615
83.45851440429688,0.0,0.0,1.217624443118253,7.529213933263521,1.6817738673546174,97.51091800480017,38.8797387129468,-122.75105064213325,49.19068424042377
83.97751391601562,0.0,0.0,1.218928503467011,7.5092996702162615,1.6843249456725775,96.9773621295908,38.88529400012872,-122.7510486337527,49.19068169894509
84.49651928710938,0.0,0.0,1.2211455055989122,7.489348639186568,1.6866343484669637,98.90541151913301,38.87914166339868,-122.75104405195133,49.19068087782558
85.01552490234376,0.0,0.0,1.2242099371590267,7.478409194285616,1.6881529871328105,101.11750891929333,38.868524511476295,-122.75103435734209,49.19068231195942
85.534529296875,0.0,0.0,1.2271473457413393,7.476643919130749,1.6886886613996146,101.12402184670819,38.865886642629135,-122.75102326443091,49.190683759712186
86.05352075195313,0.0,0.0,1.229312341289936,7.4731098695355085,1.6884949747930151,99.05881530047601,38.87429308570753,-122.751016365965,49.19068283056477
86.57253930664062,0.0,0.0,1.2311095627292674,7.4563494588375425,1.6879662200982002,97.52036377261354,38.88386612338896,-122.75101459429159,49.19067983217627
87.09153955078125,0.0,0.0,1.2334133598645647,7.428573559756965,1.6872803094561908,98.49919281945746,38.88338472045198,-122.75101316425841,49.19067749186265
87.6105478515625,0.0,0.0,1.236497150365228,7.40783920631406,1.6863476072037704,101.0079939328917,38.87343398595682,-122.75100718503352,49.19067785049821
88.11489599609375,0.0,0.0,1.239805033344675,7.412928526527901,1.6850523911904434,102.2146222065378,38.865698969328214,-122.75099732814006,49.19067993351289
88.6485380859375,0.0,0.0,1.2427741189256307,7.443886122436112,1.6834580433850383,100.75924496115216,38.869249582362954,-122.75098890804975,49.190680907708476
89.16755297851563,0.0,0.0,1.2455908974352032,7.478130190118344,1.6817396258082264,98.3567103250558,38.87990687004642,-122.75098547705356,49.19067937812161
89.68654833984375,0.0,0.0,1.2488859413655993,7.488393821457398,1.6799664490613733,97.78891482042519,38.88515627657433,-122.7509844817627,49.19067699548102
90.20555981445312,0.0,0.0,1.2527616744212202,7.466793363205652,1.6780357637785766,99.63614684616658,38.87883742005628,-122.75098013173402,49.19067652212439
90.72456640625,0.0,0.0,1.2564444334744238,7.431730723335052,1.6758491939315296,101.59012687250626,38.868373872461476,-122.75097018718853,49.190678627522615
91.2290869140625,0.0,0.0,1.2591007838431505,7.410281351814246,1.6734995883067767,101.16517013579139,38.866057633797645,-122.7509587463024,49.19068114631129
91.76257202148436,0.0,0.0,1.2608668624168085,7.412932314851845,1.6712075474051191,98.62586280055557,38.87461374686765,-122.7509517208681,49.190681641665165
92.28157299804688,0.0,0.0,1.262782851130047,7.4252683842750775,1.6690544621600698,96.68625989390083,38.88399230367847,-122.75095018172351,49.190680259759425
92.80059448242189,0.0,0.0,1.265617585304902,7.424155410663486,1.6668237817095863,97.33034127914996,38.883166743035645,-122.75094924686223,49.190679534397
93.31958715820312,0.0,0.0,1.2689683970947137,7.401493729929528,1.664152434498212,99.4975092819582,38.873094803205966,-122.75094377044051,49.1906813716907
93.83858740234376,0.0,0.0,1.2717716331973554,7.3717843281205715,1.6608355541548814,100.36536072834743,38.86561112744006,-122.75093422519814,49.190684738793095
94.35759741210936,0.0,0.0,1.2736718880462452,7.357075468156433,1.6569534562214563,98.71974273912149,38.869527539571706,-122.75092598857144,49.19068676192753
94.87940942382812,0.0,0.0,1.2755880121115175,7.365740890211688,1.6527103290302128,96.42438495946152,38.88025902145926,-122.7509229338963,49.19068597317787
95.39560424804688,0.0,0.0,1.278695294439752,7.386367154483065,1.6482150858051494,96.22936679264198,38.88518662771336,-122.75092283395048,49.19068395431907
95.914609375,0.0,0.0,1.2829521564990227,7.401027428973137,1.6434742590376852,98.48844995785448,38.87849023080663,-122.7509199320811,49.19068349392138
96.4336103515625,0.0,0.0,1.2869537636556942,7.402461546611084,1.6385612985643834,100.68090917576657,38.868022752233585,-122.75091165745272,49.190685406944375
96.95261889648438,0.0,0.0,1.2894155920440185,7.397743476272164,1.6336733094685478,100.35477959750841,38.866106781247275,-122.75090162468851,49.190687675490956
97.4716201171875,0.0,0.0,1.2906435700445864,7.397178959771739,1.6289278633937239,98.05706317080605,38.87503288027256,-122.75089539457265,49.190687836203345
97.99061669921876,0.0,0.0,1.2922528914119706,7.402608072826615,1.6241298016810062,96.77762612277927,38.88432010731451,-122.75089392782051,49.19068578256625
98.50963256835938,0.0,0.0,1.2953645979090531,7.407694927060394,1.6188616951166377,98.5015557324241,38.88301623736273,-122.75089238747002,49.1906837370373
99.0286357421875,0.0,0.0,1.2992980834107577,7.407804246327139,1.6129130770127023,101.88362732473834,38.872609876320084,-122.7508857469792,49.19068350733692
99.54763989257812,0.0,0.0,1.3022758866226418,7.406619373596896,1.606635187629784,103.78632496693484,38.86533604390614,-122.75087472189685,49.19068430896637
100.06663720703123,0.0,0.0,1.3033855458383619,7.411952848147187,1.600826096496336,102.90808545924844,38.86979774542369,-122.75086508395313,49.190683720976054
100.58564721679689,0.0,0.0,1.3036085258270074,7.426682406906743,1.596249024371409,101.25719710317786,38.88079312945353,-122.75086100789945,49.19068062789077
101.10464013671876,0.0,0.0,1.3047948338166326,7.446051587955335,1.5932994354477643,101.72908013111758,38.88537462868629,-122.75086000415565,49.19067666752859
101.62364038085936,0.0,0.0,1.3077944232678989,7.463987309199811,1.5921491290481458,104.61903697291763,38.87808896706133,-122.7508552588267,49.190674475032
102.14265747070311,0.0,0.0,1.3118446664998777,7.479684654735295,1.5930923180741878,107.18032819969963,38.867467195274926,-122.75084283217534,49.19067478021797
103.18065283203126,0.0,0.0,1.3157591915555202,7.495603801220836,1.5965227770315442,106.78480540547608,38.866042124155804,-122.75082573861265,49.19067574507645
104.22391650390624,0.0,0.0,1.3193480151810815,7.509359252656157,1.602397903116379,104.00236765210026,38.87556631472952,-122.75081056214088,49.190675274924615
104.73767114257812,0.0,0.0,1.3233377626983476,7.510775975123125,1.609750113430517,101.97510213494786,38.884858711399716,-122.7508006575883,49.19067353991143
105.25667529296877,0.0,0.0,1.3280014259830246,7.490296766488933,1.616934676705908,102.78877415182409,38.8829231819883,-122.7507935375668,49.190672720329076
105.77567578125,0.0,0.0,1.3323559564742795,7.451111657372768,1.622594797861588,105.07887884453085,38.871956138713635,-122.75078490927348,49.19067429215305
106.2946796875,0.0,0.0,1.3350991127398661,7.411017797754475,1.6265001916580322,105.68259058064847,38.86486180620679,-122.75077417993225,49.19067709778798
106.81368188476564,0.0,0.0,1.3362417493671217,7.389549968770981,1.6294264782550514,103.40309855678821,38.870076710563374,-122.75076492901648,49.190678540978034
107.33268139648438,0.0,0.0,1.3373766434981038,7.391727382791969,1.6321746506278876,100.45459429243913,38.88154042615875,-122.7507601051507,49.190677558390554
107.8516787109375,0.0,0.0,1.3400531011717045,7.404433256591747,1.6347223568653795,99.86696544560994,38.88573095847682,-122.75075798778364,49.19067588972701
108.37067236328124,0.0,0.0,1.3440437611221494,7.40925976413716,1.6363656054736049,101.8923621543609,38.877606521479535,-122.75075389366879,49.19067611844166
108.8896748046875,0.0,0.0,1.347571887170912,7.399238709880488,1.6366543287249766,103.66473005882628,38.86666873072526,-122.75074562124863,49.19067872402618
109.4086796875,0.0,0.0,1.3493425248697857,7.3834871583255905,1.6360765122340308,102.556025990143,38.86585933682843,-122.75073608345744,49.19068156309617
109.92768701171876,0.0,0.0,1.3500611474100221,7.3765727431736465,1.63573063033473,99.29869806263967,38.87625491316176,-122.75072987010199,49.190682386944665
110.44667504882813,0.0,0.0,1.3516480334073195,7.384410035023343,1.6363341854651714,97.1701261969885,38.88565089458388,-122.75072769535265,49.19068147429553
110.96569091796874,0.0,0.0,1.355046519419309,7.400317070377496,1.6376294263758617,98.1485176084088,38.88287971503296,-122.75072528164483,49.190681324354806
111.48469189453124,0.0,0.0,1.3592153410350416,7.412995449899587,1.6387917268096819,100.54849626397007,38.87107731072529,-122.75071811115765,49.190683772388695
112.00369189453124,0.0,0.0,1.3625109969660598,7.416409227325764,1.6393495908390063,100.95850411053323,38.864146300773626,-122.75070661961593,49.1906878745507
113.04168994140625,0.0,0.0,1.3647802360244632,7.411900122993061,1.6396131160071696,98.25450464554997,38.87039048868602,-122.75069583837222,49.190690992829396
113.56067919921875,0.0,0.0,1.367560564509733,7.403056952513566,1.640220094212608,94.97725565010882,38.88257223799592,-122.75068987825415,49.19069178437573
114.07969116210936,0.0,0.0,1.3720423595671862,7.3913089426929615,1.641410561059276,94.40785696585901,38.886290145444924,-122.75068755298487,49.190691617142754
114.598693359375,0.0,0.0,1.3772542587963974,7.377189385097613,1.6428860612573506,96.7325060581806,38.87699312989782,-122.75068403352911,49.19069281817935
115.1176884765625,0.0,0.0,1.380848362510035,7.3638861624729595,1.644358703714789,98.806722665675,38.86554388282545,-122.75067643193357,49.19069587104166
115.6366884765625,0.0,0.0,1.3817965891924584,7.35678764435747,1.6460623833880799,97.83796398604308,38.86554009178308,-122.7506668087493,49.190698863691104
116.1556875,0.0,0.0,1.3818424103648983,7.358420119936989,1.64856575102413,94.6844309401177,38.877176416612876,-122.75065931298448,49.19069979268194
116.67468310546874,0.0,0.0,1.383774058401312,7.364851511603039,1.652092002174757,92.86926562211283,38.88678642582698,-122.75065507931699,49.19069895881359
117.19368505859374,0.0,0.0,1.3882889634027529,7.368719296373182,1.6561643796830148,94.42373157269364,38.88287808888149,-122.75065097708315,49.19069861516057
117.71267407226564,0.0,0.0,1.3930819133746004,7.366455737713212,1.6600152707107447,97.4353868959884,38.86986553465015,-122.75064355179761,49.19070031182793
118.2290869140625,0.0,0.0,1.3954128814868134,7.362137918832656,1.6632758765537443,98.2249685614044,38.86310261101375,-122.75063328362755,49.19070311894872
118.7506708984375,0.0,0.0,1.395350500534059,7.363854344187524,1.666119632411077,95.64140669851506,38.87078338084184,-122.7506239989851,49.19070485259437
119.26968041992188,0.0,0.0,1.3958959750319662,7.376485164668691,1.6687031082911905,92.42762504246483,38.884025578088654,-122.75061817786961,49.190704830267514
119.78867944335936,0.0,0.0,1.3996504882413865,7.398118252534069,1.6706383873879902,92.00995937918846,38.88712363325694,-122.75061388862234,49.19070482263584
120.82667626953123,0.0,0.0,1.4057509910235297,7.422604048159221,1.671239492130665,94.45805774138739,38.87615776421697,-122.75060715798388,49.19070698633334
121.34567456054688,0.0,0.0,1.4106809946048076,7.4441021776035825,1.6703408165527638,96.39086732443339,38.86393160671903,-122.75059701920146,49.190711181530986
121.86467309570313,0.0,0.0,1.4121858377266454,7.458687704456682,1.668694835287567,94.98642763827556,38.865044498135525,-122.75058713048593,49.19071489808029
122.383673828125,0.0,0.0,1.4118493123975842,7.463232044051656,1.6673278901542599,91.38050652598608,38.87847724217731,-122.75058181196925,49.1907160002161
122.90266967773438,0.0,0.0,1.4132865319797638,7.455617435432311,1.6664363156673556,89.3911942398008,38.888439966446654,-122.75058100802204,49.190715156403286
123.42166796875,0.0,0.0,1.4179427553573631,7.437775822036905,1.6650631107520188,91.00229307081968,38.88290739114535,-122.75058012792569,49.190715105345134
123.94065551757812,0.0,0.0,1.4233642934326103,7.417633609757233,1.6620522142363026,93.93183501358087,38.868113413029775,-122.75057511185075,49.1907175555448
124.45965478515625,0.0,0.0,1.4260455913708288,7.405491413941335,1.6573609401100702,94.24061084126221,38.86155933552683,-122.75056692700434,49.19072128700027
124.97866259765624,0.0,0.0,1.4256126070620976,7.4064580484327225,1.6523018523127042,90.99219316737475,38.87133886788247,-122.75056028077904,49.19072365253918
125.49765991210936,0.0,0.0,1.425413253690119,7.416260509772942,1.6483428254993855,87.45708731951184,38.886169364293906,-122.75055805595034,49.190723724353816
126.01666137695312,0.0,0.0,1.428691778401588,7.425502335990422,1.6456406697376622,87.33458641053949,38.88837505449009,-122.75055798347191,49.19072340669501
126.53565649414062,0.0,0.0,1.4347578576471185,7.428770309479802,1.6428325490664692,90.3607524393127,38.87492124731764,-122.75055545068271,49.19072520928889
127.05843896484376,0.0,0.0,1.4397245979236077,7.429492860643664,1.638330754340195,92.51226835337033,38.861508473542365,-122.75054911260258,49.19072929231728
127.57365283203124,0.0,0.0,1.4410843589689981,7.435743129945071,1.6318052699342422,90.68095331320188,38.864289951382375,-122.75054262273936,49.19073326456651
128.092640625,0.0,0.0,1.4407482068172548,7.451777783673974,1.6243672086567007,86.37527487974391,38.88045492137169,-122.75054033195465,49.19073499650948
128.61163720703124,0.0,0.0,1.44280571442774,7.474269363844368,1.6173553278050512,84.02658212819917,38.890971745353,-122.75054195870895,49.190735155460295
129.130634765625,0.0,0.0,1.4484980190669887,7.496363539108315,1.6110665493918264,85.78232080016801,38.88294620840157,-122.75054258288186,49.19073646218831
129.64964282226563,0.0,0.0,1.4544308531301606,7.5138729580591574,1.6047327559248108,88.89380989381378,38.86538565919363,-122.750538165706,49.19074050057356
130.168640625,0.0,0.0,1.4564477014223762,7.526406676153753,1.5976422568158342,88.87553121371002,38.85915186764789,-122.75053027632119,49.190745807963445
130.68763134765624,0.0,0.0,1.4547899574891774,7.533390533713688,1.5901075706367056,84.8262032018206,38.87223580953479,-122.75052448089046,49.190749514137515
131.2066413574219,0.0,0.0,1.4542589294428738,7.531624796106163,1.583255518910787,80.62984929472579,38.8895886082887,-122.75052412765254,49.19075065096891
131.72563208007813,0.0,0.0,1.458738742467489,7.5187838142421,1.5779591732096325,80.48733313815796,38.89036107924714,-122.75052661667127,49.19075126973782
132.2290869140625,0.0,0.0,1.4663170242213308,7.498809978304248,1.5741118432334114,83.93777826672547,38.87288320062659,-122.75052641570903,49.190754035513365
132.76362939453125,0.0,0.0,1.471059690732359,7.481335398370156,1.5709497637495646,86.28553636626796,38.85754147003236,-122.75052131487364,49.19075908925012
133.282626953125,0.0,0.0,1.4699007950450085,7.473695012868796,1.5679320197676183,84.08141949942362,38.86308677286299,-122.75051471489458,49.19076385303216
133.80162084960938,0.0,0.0,1.466717836521323,7.4736308025098275,1.5651723840701182,79.27404331947702,38.88380535666476,-122.75051140363261,49.19076603218372
134.32061376953126,0.0,0.0,1.4683483445707333,7.471517404278129,1.5630831753637398,77.04094172725956,38.89523781106626,-122.75051184429284,49.19076631871284
134.8332255859375,0.0,0.0,1.476605825913877,7.46076101513223,1.5618443019363304,79.6950799329669,38.88294210333161,-122.75051165280077,49.19076762447455
135.3586123046875,0.0,0.0,1.4855912717504278,7.445199543303964,1.5614038547600688,83.8230135156402,38.86060932617086,-122.75050679340438,49.19077172371483
135.8776220703125,0.0,0.0,1.4880591814979571,7.4348430950504,1.5619114718275946,84.18355943011642,38.85496430591523,-122.75049831430421,49.19077723173207
136.39955493164064,0.0,0.0,1.483986051599521,7.434276656901124,1.5638444505463418,79.9307603316262,38.87393313956699,-122.75049104779909,49.190781294632174
136.91560327148437,0.0,0.0,1.481159285015025,7.436904351253261,1.567446820913741,75.7845372412275,38.895816645029605,-122.75048786765305,49.19078300061505
137.43459033203126,0.0,0.0,1.4862918147514224,7.432159704598018,1.572044312636414,76.55002834107627,38.893931666674604,-122.75048635438323,49.1907844694701
137.95360009765625,0.0,0.0,1.4965630302766708,7.417989806193445,1.5761447948774814,81.29895641810772,38.868945079851166,-122.75048184630906,49.19078829436026
138.47258520507813,0.0,0.0,1.5020616971959337,7.404234284758694,1.5784745039859407,84.1913228015708,38.84996396929793,-122.7504732382973,49.190794352840946
138.9916015625,0.0,0.0,1.4974637343937782,7.402290251558629,1.5790449051887303,81.24559899844444,38.860881111204435,-122.75046456115443,49.19079984505898
139.51059375,0.0,0.0,1.4896718873128711,7.4121701977033165,1.5792070212849085,75.1939860422597,38.890598866978074,-122.75046033955304,49.190802669662126
140.0295830078125,0.0,0.0,1.4912469001548054,7.421719537006268,1.5806316285605182,72.49656511191412,38.90387438308215,-122.75046016883877,49.1908042336947
140.5485830078125,0.0,0.0,1.5054672329441083,7.419544746625518,1.584193221887711,75.72517126185544,38.8827422744023,-122.75045902815489,49.190808263600644
141.06758251953124,0.0,0.0,1.5201938058189737,7.407653891306512,1.5897180417034273,80.2539216124504,38.85026082073488,-122.75045315455438,49.19081673674552
142.10557080078124,0.0,0.0,1.5199753324483722,7.399704327263633,1.5965727234619767,79.47858516260578,38.84584877640513,-122.75044465434479,49.190827478339486
142.6245712890625,0.0,0.0,1.5052504339602655,7.406643071378544,1.604267006337954,72.75242722846474,38.87803079544553,-122.75043933158825,49.19083623828606
143.14357397460938,0.0,0.0,1.496436924282033,7.425622232330932,1.6124699497452086,66.620557283986,38.91055163074039,-122.75044009480195,49.19084104690968
143.66256518554687,0.0,0.0,1.5137865884876023,7.444307799566918,1.620694787565599,67.43497547005187,38.90245865634606,-122.75044357072983,49.19084405247735
144.181564453125,0.0,0.0,1.5501573796780455,7.455254043089169,1.6282969257714714,73.68507399359191,38.85866352415651,-122.75044393799453,49.19084886393865
144.7005402832031,0.0,0.0,1.5657806288731304,7.463775089007398,1.6349112655215705,77.26265965418962,38.82976046900053,-122.75043959933294,49.19085646898488
145.2195556640625,0.0,0.0,1.5162342171113026,7.480537508312999,1.6407530620517017,72.75930504479363,38.85494820134527,-122.75043494222545,49.190864327509495
145.73855004882813,0.0,0.0,1.392185350145416,7.507829321457471,1.646277091833783,64.1771322075855,38.91099242100168,-122.75043512357752,49.19086954522453
146.25754956054686,0.0,0.0,1.2344967162658909,7.535557686135393,1.6514993265104707,60.77280154587219,38.93120797325989,-122.75043998023548,49.190872381783045
146.77654443359376,0.0,0.0,1.1080736411486143,7.551341839402748,1.655814785355182,66.18872633755186,38.88188056765245,-122.75044423468412,49.19087605568976
147.29553295898438,0.0,0.0,1.0551548646593234,7.552466056781952,1.658648320356991,73.43532830245982,38.81157769511092,-122.75044379540411,49.19088312846332
147.8145407714844,0.0,0.0,1.0678947922262074,7.545628827644631,1.6602610687344141,72.33596546921666,38.80800665452529,-122.75044073185661,49.19089265022073
148.83853076171874,0.0,0.0,1.1022864735108726,7.535580457805489,1.661731466132081,61.67789904648865,38.89691151667308,-122.75044096007178,49.190901271348885
149.37153076171876,0.0,0.0,1.1179479194393622,7.5176697481389825,1.664002041740369,51.89362327786798,38.99173269672935,-122.75044721562796,49.19090691084768
149.89052294921876,0.0,0.0,1.1070649183485117,7.484806654745844,1.6669893290296958,53.91731869963387,38.96202319033987,-122.75045553985942,49.19091072404361
150.4095224609375,0.0,0.0,1.0898177955972548,7.441102133374206,1.6697798385107836,65.83244426945338,38.764781469722834,-122.75045954041092,49.1909152645505
150.92852221679686,0.0,0.0,1.0868907491618411,7.404413137620634,1.6717578447210346,72.96105166197471,38.50525660470616,-122.75045761657806,49.190921241160794
151.44751928710937,0.0,0.0,1.0988020040571,7.391572734678197,1.673430420973528,63.37076278605708,38.3534030790133,-122.75045476197882,49.19092680088385
151.9665146484375,0.0,0.0,1.110109911657045,7.401076306995528,1.6759966968391686,43.40880586275752,38.38732961201597,-122.75045677197645,49.1909301009095
152.4855080566406,0.0,0.0,1.1091959012943688,7.41355677988478,1.68008973599213,36.021146255801696,38.516931405080236,-122.75046353637309,49.19093192018
153.0045031738281,0.0,0.0,1.1003340434090054,7.411970532524543,1.6850529978605389,61.44562812088029,38.56829268383394,-122.75046923071605,49.19093501595179
153.5235095214844,0.0,0.0,1.0964688614354416,7.4004776458815655,1.6895247834463976,118.22534745159089,38.45019680521795,-122.75046920569136,49.19094089480876
154.0425119628906,0.0,0.0,1.103255718211726,7.400225574541453,1.692651693476139,182.93175133485954,38.23999681075026,-122.75046551575254,49.19094787327565
154.56151123046874,0.0,0.0,1.1130761603302946,7.424705743164938,1.6945936045950871,228.7741202593464,38.10539414264874,-122.75046455924468,49.19095286129299
155.08050659179688,0.0,0.0,1.1147875201719188,7.461033375646753,1.6958618497731006,245.27774948700858,38.141894572726144,-122.75046952986466,49.19095487152086
155.59950952148438,0.0,0.0,1.106960758787707,7.479213848505495,1.6964066367769504,241.68003988009715,38.28674465537365,-122.7504765360699,49.19095612223851
156.11851049804687,0.0,0.0,1.0993665414803948,7.461911704521775,1.695621216003841,233.97774946607274,38.38850556149259,-122.75047904160644,49.190959383419646
156.6375126953125,0.0,0.0,1.1016022365938636,7.423834927165576,1.6932674063085131,230.74613682172384,38.3543802238768,-122.75047552967982,49.1909646817888
157.1565107421875,0.0,0.0,1.1122367735143388,7.3989613906415626,1.6901431140941072,230.78765489845543,38.226413905469684,-122.75047140635066,49.190969307062765
157.67551391601563,0.0,0.0,1.1206455035149947,7.407175396580383,1.6875490735248322,230.816770075065,38.11980803705146,-122.7504727994007,49.19097117136848
158.19451293945312,0.0,0.0,1.1190337082712154,7.434276441754173,1.686033400611271,231.38244713885737,38.09929239081025,-122.75047940984003,49.190971523669894
158.71350634765625,0.0,0.0,1.110944904010376,7.446379014361125,1.6848234699638163,234.3576347906646,38.123755680738256,-122.75048479142643,49.19097367551369
159.2290869140625,0.0,0.0,1.107010259532772,7.4244910678244675,1.6826464520017506,237.5839142040901,38.10667860459605,-122.7504838196532,49.190979105484956
159.75151806640625,0.0,0.0,1.1131192846803044,7.384368717674326,1.6790643738963944,235.94177601091712,38.016470264111554,-122.75047866572208,49.19098554325036
160.27050659179687,0.0,0.0,1.124229877105179,7.361953324643711,1.6748412915238018,228.87045090455746,37.90762184205272,-122.75047624964539,49.1909894541917
160.78952001953124,0.0,0.0,1.1302245408782143,7.379399583717754,1.6709649495320038,224.21238527095733,37.85716999916367,-122.75048008623976,49.190990170200486
161.30852319335938,0.0,0.0,1.126827322971992,7.424978690767081,1.6675016689744762,230.83393625911742,37.88317172491645,-122.75048606495716,49.19099082160451
161.82751025390624,0.0,0.0,1.1196005825653303,7.464650446057855,1.6636454490013781,246.02902935142654,37.93315728950746,-122.75048717758203,49.19099482646478
162.3465224609375,0.0,0.0,1.1173272700562251,7.471794334294524,1.6588937508993942,252.31753259684046,37.94717278736874,-122.75048172232853,49.19100190677821
162.86551196289062,0.0,0.0,1.1227297556692797,7.446622101897941,1.6539151848290896,230.3238944333348,37.91986903061767,-122.75047535228956,49.19100829837221
163.38452368164062,0.0,0.0,1.1305871450017442,7.410497887504837,1.6500047054629376,177.15448936363399,37.8952221477019,-122.75047448662762,49.19101103171875
163.9035244140625,0.0,0.0,1.1343655191384856,7.3851866845286605,1.6476978991666207,112.03818991212636,37.9079488316817,-122.75047877218417,49.19101137370254
164.42251416015625,0.0,0.0,1.1331784055070524,7.377426202086946,1.646165002547874,62.45688702223159,37.94310852104589,-122.75048150086363,49.19101338075104
164.94152490234376,0.0,0.0,1.131484497821614,7.378817661526221,1.6441488052255955,43.24210584522882,37.95819879633091,-122.75047758849415,49.191019162208754
165.46050561523438,0.0,0.0,1.1328663640608467,7.375386279557694,1.6414140160245319,47.86853435175157,37.937157858100875,-122.75046975023582,49.19102636490963
165.97952514648438,0.0,0.0,1.1357890449008028,7.356733818759842,1.6390568215718562,58.42547138104818,37.910749863116706,-122.75046549436621,49.191030916122145
166.49851635742186,0.0,0.0,1.136188368953786,7.321100133489125,1.6383467074820592,62.40766328961236,37.919987475174324,-122.7504683313346,49.19103194736497
167.017525390625,0.0,0.0,1.1332852682758727,7.277620405044294,1.6394926502562868,59.832095405357585,37.96638588404951,-122.75047353813876,49.19103315713134
167.54004125976562,0.0,0.0,1.1312863297179552,7.244708457926399,1.64178119387162,56.76830414729522,38.007101406503175,-122.75047361760942,49.19103886656889
168.05552490234376,0.0,0.0,1.1347394289831365,7.2411677331211814,1.6448257984431667,55.90031602775686,38.000190593694455,-122.7504671769849,49.19104915741005
169.09352490234374,0.0,0.0,1.1429615750281843,7.272495353734786,1.6492501909166446,55.23850797056039,37.948000276594,-122.75046074346167,49.1910596419367
169.6125168457031,0.0,0.0,1.1501347838507754,7.323879313470162,1.655787786286112,53.88943775711419,37.89030987118445,-122.75046118982733,49.19106616842258
170.1315244140625,0.0,0.0,1.1511502610583504,7.369925816814607,1.6638146245550436,54.82757137792774,37.857081788874176,-122.75046755430616,49.191069126537414
170.6505087890625,0.0,0.0,1.1467535038220327,7.395678088017015,1.671268857652325,59.82439285698,37.83571713030909,-122.75047197596184,49.19107252201464
171.16951904296874,0.0,0.0,1.1424550628628773,7.409189468771081,1.6764333840193326,63.83398635222758,37.78922916921235,-122.75046887199477,49.191079067029996
171.6885192871094,0.0,0.0,1.1427302220688362,7.431152341754493,1.6797457886800031,58.86672331350816,37.702981746941624,-122.75046165745034,49.19108710549407
172.20752099609376,0.0,0.0,1.147024040724882,7.470148023217089,1.6834352680817066,45.78200008854145,37.606168812596074,-122.75045894349218,49.19109291839888
172.7265095214844,0.0,0.0,1.1515283503206006,7.5091802569106525,1.6890659585474184,40.128151507425386,37.54405702909441,-122.75046443965076,49.191095516838075
173.297931640625,0.0,0.0,1.153962153859467,7.519613965005801,1.6955530524252085,61.61791287081315,37.5321072114743,-122.75047238660991,49.19109804632704
173.82004907226562,0.0,0.0,1.1555749122397498,7.490024721284952,1.699977671736863,114.69636065156014,37.54123537043695,-122.75047410597102,49.19110398490659
174.38731665039063,0.0,0.0,1.1584646492866082,7.440119737711106,1.7005699126200053,180.2051629321267,37.52719627070065,-122.75046820440585,49.19111265714179
174.90631494140624,0.0,0.0,1.1620833196234335,7.404110855122948,1.6987370321171982,229.22666619859515,37.47014168759888,-122.7504624156812,49.19111961563853
175.42531396484375,0.0,0.0,1.1635596902183056,7.399881503737816,1.6978593508228002,247.18380191481938,37.38465243528091,-122.75046464695542,49.19112175073118
175.9443146972656,0.0,0.0,1.1615189007771531,7.415542907628546,1.6999949113709432,243.974901469317,37.297458431149266,-122.75047353929767,49.19112120512855
176.46330859375,0.0,0.0,1.158562099198686,7.4263337338228705,1.7039132899762388,239.36331677981127,37.22370908200158,-122.75047972522741,49.19112326898361
176.98229833984374,0.0,0.0,1.15899346774741,7.422344260540574,1.706464649810253,239.0863869902586,37.16622156507392,-122.75047659813198,49.191130394429905
177.50130712890626,0.0,0.0,1.1640704769388437,7.4169273180345865,1.705708616269857,227.84499463840265,37.12919836325867,-122.75046809745251,49.19113921503309
178.0203046875,0.0,0.0,1.1702154602903152,7.428295906068253,1.7024366443294243,187.6961084794701,37.121559846898776,-122.75046420701247,49.19114422404206
178.5393076171875,0.0,0.0,1.1724405983956747,7.456808647878725,1.6986664810202072,122.45478753857442,37.143617742043546,-122.75046918237304,49.19114406528854
179.05830346679687,0.0,0.0,1.169356684226752,7.483951040398629,1.695102577128752,60.87278584628021,37.17715176307968,-122.75047628823145,49.19114317116521
179.57728833007812,0.0,0.0,1.164366305706336,7.49283494992896,1.690560476586869,33.09380639605529,37.196851457172194,-122.75047547178414,49.191146709873635
180.09629443359376,0.0,0.0,1.1619767766450768,7.485118393433518,1.6838916181945234,43.53212426149838,37.19228709773342,-122.75046519492717,49.19115459300073
180.61529223632812,0.0,0.0,1.163533692639864,7.474647843778374,1.6759643126784647,67.9721849138283,37.172209540944344,-122.75045444643669,49.19116154183349
181.1342919921875,0.0,0.0,1.1669430920823523,7.4669845367453265,1.6692429666812474,77.82566008689977,37.14286884416661,-122.75045225569963,49.19116325494244
181.6532900390625,0.0,0.0,1.1700547185506724,7.451468966065976,1.6654127238956362,66.4514902022087,37.087346838117675,-122.75045688959608,49.191161534097134
182.1722958984375,0.0,0.0,1.1732253014214455,7.417055278881986,1.663826133911935,51.137208355208635,36.97804112912888,-122.75045771700091,49.19116228756821
182.6912856445313,0.0,0.0,1.1779826407733751,7.372810369917504,1.6625249376316826,50.791050568728465,36.816904964111444,-122.7504480092293,49.191168611145955
183.2102829589844,0.0,0.0,1.1837715002871703,7.345772152243191,1.6604757371063774,64.76754366726435,36.658802321856776,-122.7504337205657,49.191177045266244
183.7292822265625,0.0,0.0,1.1872697090300284,7.35459007143909,1.658251625304326,75.38790795303285,36.58200195776727,-122.75042744022753,49.19118155670035
184.24828100585935,0.0,0.0,1.1856563805397862,7.387779987529735,1.656430865938477,69.63134853464751,36.624223893112905,-122.7504339867347,49.19118072371079
184.7612412109375,0.0,0.0,1.1802260484541545,7.413362960984696,1.653966112908463,54.463444290150946,36.745178863720625,-122.75044443034179,49.19117962757698
185.28627197265624,0.0,0.0,1.1759291755505537,7.411759888905109,1.6489359002803805,48.301988164130634,36.856683316005046,-122.75044605247838,49.19118398250658
185.80527124023436,0.0,0.0,1.1769166002078257,7.3955551927512975,1.6410578154472673,58.688963468181,36.89521030404476,-122.75043709791402,49.19119323995432
186.32427075195312,0.0,0.0,1.182775451417958,7.392642005782852,1.6328126600654516,72.27218472606059,36.86829996848421,-122.75042898879369,49.19120091354285
186.8432661132813,0.0,0.0,1.189445233278598,7.411022961516693,1.6273538762022148,69.67868311885361,36.83297204797125,-122.75043287945638,49.19120207365073
187.3622548828125,0.0,0.0,1.1935621846170112,7.426450955473082,1.6252744885569854,49.70905426406407,36.83337682115545,-122.75044599189785,49.19119936262749
187.88125122070312,0.0,0.0,1.195279706213489,7.4095142816815125,1.6240571106153106,35.75675433640186,36.862876272224206,-122.75045412769818,49.1912002488428
188.40025903320313,0.0,0.0,1.1967015172148927,7.362589710187897,1.62113723085407,55.540438345260505,36.88393899852941,-122.75044814776224,49.191208382711636
188.91925341796875,0.0,0.0,1.1983674445524473,7.322732302383221,1.6170880715106022,113.71371238458985,36.87558527190602,-122.75043534729221,49.191219114323246
189.43825537109376,0.0,0.0,1.1984191003378748,7.323510678157414,1.6149103123888053,185.08149078142205,36.853186087780834,-122.75043177639066,49.191224734600915
189.95725512695313,0.0,0.0,1.1955711535760876,7.357096879372184,1.6159221232807506,235.39262961472627,36.84317921708483,-122.75044364972337,49.19122362327905
190.47624951171875,0.0,0.0,1.1920758412169858,7.381274573286582,1.617202941153995,249.1816845078359,36.848518022134705,-122.75045950623999,49.19122250179113
190.995251953125,0.0,0.0,1.1925289940946724,7.367002892054981,1.6142714406941052,238.43999304618282,36.84769445122984,-122.75046309809656,49.19122869684266
191.5142470703125,0.0,0.0,1.1992214688266218,7.334356472671903,1.6064841463483146,226.5718421986336,36.82599425085225,-122.75045271679535,49.19124116589779
192.0332509765625,0.0,0.0,1.2091187399011958,7.334059629738066,1.598671313615644,226.22438459610373,36.797490714149994,-122.75044415003237,49.191251052398755
192.55487255859376,0.0,0.0,1.216150204465346,7.391595223476803,1.596170397672255,232.53414038386975,36.788682972798256,-122.75045278800178,49.191251744600166
193.0712490234375,0.0,0.0,1.2166999688183038,7.475160005374192,1.598305626742169,234.58460051863906,36.80367447505527,-122.75047516853738,49.19124698407373
193.57526123046875,0.0,0.0,1.2126063264508338,7.525442637855217,1.5982764034017038,229.35364898931311,36.81564734215575,-122.75049215252598,49.191247159636475
194.10923901367187,0.0,0.0,1.2087368938897411,7.517079366649549,1.5908638860827822,223.19580321242725,36.798314513121575,-122.75049125017537,49.1912574327807
195.14725390625,0.0,0.0,1.2081375783792592,7.484359082565873,1.5798621028370388,222.22132207494144,36.76070213452457,-122.75048229941204,49.19127135164271
196.18525244140625,0.0,0.0,1.2100631438422917,7.481550025792075,1.5759071546625114,224.89767598866385,36.741198925846824,-122.75048687994412,49.19127791826187
197.22325927734377,0.0,0.0,1.2124121715670337,7.521335019504313,1.5853453825666166,225.28882424171678,36.764334282251966,-122.75051219952633,49.19127447209221
198.26027124023437,0.0,0.0,1.2148904898225912,7.561023070948262,1.601741458962399,221.45904385681817,36.810700930869324,-122.75053995969068,49.19127027407229
198.78025952148437,0.0,0.0,1.2188123938298026,7.553356286528634,1.6105484799622087,217.91129837508336,36.83833703675026,-122.75054523862256,49.19127585037278
199.2992741699219,0.0,0.0,1.2241139621589203,7.504375733250768,1.6037068230661122,219.35923264368796,36.83315073052662,-122.75052545732673,49.19129002290167
199.81827758789063,0.0,0.0,1.2279718145790932,7.470110542386063,1.5888659301737391,224.2813190115819,36.82788259458055,-122.75050545094128,49.19130030994471
200.3372817382813,0.0,0.0,1.2274917226944633,7.492471549059611,1.5820172229438905,226.70256469208454,36.862711195228435,-122.7505102653595,49.19129743690133
200.85628149414063,0.0,0.0,1.2235077856997636,7.546892068898244,1.5900805288741773,223.93950186889913,36.930833421701934,-122.75053535335371,49.19128750565383
201.3752856445313,0.0,0.0,1.2204814821706749,7.5655415435269235,1.6024678384337834,220.29018800708596,36.97600134843145,-122.75054982473328,49.191286525052185
201.894294921875,0.0,0.0,1.2218587653909856,7.515007482523364,1.6024854752100512,221.65154634072042,36.952285303892445,-122.75053208272237,49.19130190266847
202.41330078125,0.0,0.0,1.2260880192453396,7.440441864207334,1.5873852989670298,227.64752016665255,36.88056571695339,-122.75049796552737,49.191322007383775
202.93230517578124,0.0,0.0,1.2284401881261298,7.419655163714448,1.5740034780580934,231.4775307645373,36.83219199818198,-122.75048617518271,49.191327705347916
203.45131103515624,0.0,0.0,1.2270911476436697,7.472270561327665,1.5808152138013047,228.3532950896114,36.8507998015759,-122.75051346287452,49.19131481692097
203.970318359375,0.0,0.0,1.226224291076987,7.527981958797559,1.6044040168829976,222.24780445272296,36.89997066438796,-122.75055041967398,49.19130164986087
204.48932885742187,0.0,0.0,1.2315550778362783,7.500458005862043,1.6185855664714408,221.83961432885243,36.9035417049875,-122.75055063049449,49.19131017232858
205.00832788085935,0.0,0.0,1.2425967289862523,7.393769693436264,1.6024259377462855,229.57013988591666,36.84027396027403,-122.75050583613593,49.1913395801782
206.04633715820313,0.0,0.0,1.251012973830418,7.3184119434179635,1.5692015599936022,237.20614107473943,36.78187976551426,-122.7504637530223,49.19136315542838
207.08435107421872,0.0,0.0,1.2486741801301848,7.380516902879265,1.5602094679140452,234.80514397891423,36.815825872191425,-122.75047962624264,49.19135643727917
208.1166293945313,0.0,0.0,1.2377572812343127,7.549705788259524,1.6006498198328345,223.78536179274423,36.92741250025646,-122.75054734875422,49.19132859501712
208.6413681640625,0.0,0.0,1.2310669554379914,7.6556961198305284,1.6600762877333282,217.91078558207198,36.982599103452145,-122.75058979356724,49.191319637827
209.1603623046875,0.0,0.0,1.239811246460124,7.548964541055986,1.6676302423393006,228.22710859673393,36.863164321538605,-122.75053517758313,49.191358535806074
209.67937646484376,0.0,0.0,1.2599272630348168,7.2904978250387655,1.5845208604461354,247.1039054846229,36.63677949989029,-122.75041301409522,49.19142107753452
210.19837329101563,0.0,0.0,1.2716998819925727,7.1828476948116045,1.4724734255511214,250.57173085664064,36.57598745322318,-122.75036722111922,49.191434363633235
210.71738891601564,0.0,0.0,1.2554566478789868,7.5844669184522795,1.4820908630600675,220.2549585325455,36.96457556928339,-122.75055281424167,49.19133350125789
211.2290869140625,0.0,0.0,1.2097447428586452,8.64600372636769,1.7455352047417145,164.17295453391145,37.84097073952255,-122.75099689962178,49.19112312249702
