time,TotalAcceleration_z,TotalAcceleration_y,TotalAcceleration_x,Location_bearingAccuracy,Location_speedAccuracy,Location_verticalAccuracy,Location_horizontalAccuracy,Location_speed,Location_bearing,Location_altitude,Location_longitude,Location_latitude,Orientation_qz,Orientation_qy,Orientation_qx,Orientation_qw,Orientation_roll,Orientation_pitch,Orientation_yaw,Magnetometer_z,Magnetometer_y,Magnetometer_x,GyroscopeUncalibrated_z,GyroscopeUncalibrated_y,GyroscopeUncalibrated_x,MagnetometerUncalibrated_z,MagnetometerUncalibrated_y,MagnetometerUncalibrated_x,Accelerometer_z,Accelerometer_y,Accelerometer_x,AccelerometerUncalibrated_z,AccelerometerUncalibrated_y,AccelerometerUncalibrated_x,Gyroscope_z,Gyroscope_y,Gyroscope_x,Gravity_z,Gravity_y,Gravity_x
3.1,0.4692923426628113,-9.106883684794107,-2.661815802256266,0.0,0.0,2.1184959915322317,30.521352633624012,0.890939442834384,318.64271223041374,325.1834159937953,-122.91985016197184,49.279447032394366,0.5906933173537254,-0.48849891995390254,-0.4517340747018655,0.45599955568710965,0.6655720795194309,1.4249736617008844,-2.4085073868433637,-6.348269903659821,39.22269401550293,27.736394548416136,0.07372437767987845,0.21867240056621304,-0.06097429814381583,-260.8768669128418,132.54049186706544,-104.26760311126709,0.38569910575946176,2.5744750301043196,-1.0127130647500355,1.6430647743470739,-7.0825714992754385,-1.969064149808026,-0.10903944447636603,0.23413955916961035,-0.8536587158838908,1.2298771025556507,-9.698413913900202,-0.7578412167953722
3.2,3.942653846740723,-7.92108039855957,-2.310629153251648,0.0,0.0,2.1174158647026813,31.23571883456808,0.8727100264858192,317.5151392977003,325.18610663541716,-122.91985067042253,49.279447214084506,0.5917125592629114,-0.47905301054318744,-0.45876894642909366,0.45786353449026745,0.7180339694023132,1.4108562767505646,-2.4436159133911133,-5.902969908714295,38.89786911010742,28.130759525299073,0.15670081769878214,0.37801451032811945,0.36020224676890805,-260.4315673828125,132.21566772460938,-103.87323799133301,-0.16277066866556802,3.925630807876587,-0.4021863391002019,1.2320544322331746,-5.579912821451823,-1.4987544162819784,0.09264789381995796,-0.12395474066336949,-0.1152244545519352,1.2800259192784627,-9.680635929107666,-0.9150844017664591
3.3,1.18783704439799,-5.5674004554748535,-1.0967103925844033,0.0,0.0,2.1163357378731313,31.950085035512146,0.8544806101372544,316.3875663649868,325.1887972770391,-122.91985117887324,49.279447395774646,0.6204684853553772,-0.4581411242485046,-0.40135565400123596,0.4928181290626526,0.20482470095157618,1.3038450956344605,-1.9621446132659912,-12.650179767608643,38.9082389831543,25.35891933441162,-0.8163450534145037,-1.2116003235181172,2.0768146018187204,-267.17877807617185,132.22603912353514,-106.64507675170898,-0.3562748670578003,-12.840401649475098,-2.5185248136520384,2.590330188473066,-20.7459716796875,-2.2848464945952096,0.07461718916893005,0.47106873691082,0.4372878909111023,2.676675041516622,-9.40047057469686,-0.3681453863779704
3.4,1.2643076479434967,-5.557729442914327,-2.0264216574529805,0.0,0.0,2.115255611043581,32.664451236456216,0.8362511937886896,315.25999343227335,325.19148791866104,-122.91985168732394,49.279447577464786,0.6536725054184596,-0.4441531293094158,-0.338151499008139,0.5044883847236633,0.03517971758265048,1.185319318373998,-1.868521605928739,-19.284844732284547,37.295094108581544,22.571524429321286,-0.5195981620151239,-0.9087447846929232,1.3420964125543833,-273.813442993164,130.6128936767578,-109.4324722290039,-1.1433354238669078,-5.304369827111562,-0.5118654000262417,2.685476625281753,-13.47005969285965,-0.05676155289014195,0.22706370304028192,0.292731707294782,0.29173905154069263,3.749563034736749,-8.946160973924579,0.21136348536520294
3.5,2.5843481669823327,-20.72862370808919,-2.3476581275463104,0.0,0.0,2.1141754842140306,33.37881743740028,0.8180217774401248,314.1324204995599,325.194178560283,-122.91985219577465,49.27944775915493,0.686876525481542,-0.430165134370327,-0.274947344015042,0.5161586403846741,-0.13446526578627524,1.0667935411135356,-1.7748985985914867,-25.91950969696045,35.68194923400879,19.784129524230956,-0.22285127061574408,-0.6058892458677292,0.6073782232900461,-280.44810791015624,128.99974822998047,-112.21986770629883,-1.9303959806760151,2.2316619952519736,1.4947940135995548,2.78062306209044,-6.194147706031799,2.171323388814926,-0.8152760329345862,-1.2157745758692424,2.0745238264401755,4.822451027956876,-8.491851373152299,0.7908723571083762
3.6,4.646163662274678,-12.461720784505209,2.6300112207730613,0.0,0.0,2.11309535738448,34.09318363834435,0.79979236109156,313.00484756684637,325.19686920190486,-122.91985270422535,49.279447940845074,0.6394523928562801,-0.4708995050327344,-0.29275188329770707,0.5253793488849293,-0.3708088300296698,1.1393630622011242,-1.501255146030224,-21.0620796918869,39.085749340057376,17.32613469362259,-0.8921183671001486,-0.011596613309600157,-0.5747073344096089,-275.5906784057617,132.40354804992677,-114.67786293029785,-0.4094707306587335,1.2586871837124682,0.45927143221100164,3.4074111574075436,-7.355375940445811,1.7561754640191793,-0.43160173917810124,-1.0270935545365016,1.6603826681772869,3.861129513744152,-8.78308266581911,1.356453161347996
3.7,0.5288137912750244,1.3651053428649902,1.4827125459909438,0.0,0.0,2.11201523055493,34.80754983928842,0.7815629447429953,311.8772746341329,325.1995598435268,-122.91985321267606,49.279448122535214,0.5920282602310181,-0.5116338756951418,-0.31055642258037214,0.5346000573851846,-0.6071523942730643,1.211932583288713,-1.227611693468961,-16.204649686813354,42.489549446105954,14.868139863014221,-1.5613854635845532,0.5826960192485289,-1.756792892109264,-270.7332489013672,135.80734786987304,-117.13585815429687,1.111454519358548,0.2857123721729628,-0.5762511491775513,4.0341992527246475,-8.516604174859822,1.3410275392234325,-0.011988228846651785,-0.19316067546606067,-0.45025858531395596,2.899807999531428,-9.074313958485922,1.922033965587616
3.8,0.4563312108318011,0.25284155799696845,0.4908277491728465,0.0,0.0,2.1109351037253794,35.52191604023248,0.7633335283944305,310.74970170141944,325.20225048514874,-122.91985372112676,49.279448304225355,0.47769518693288165,-0.5572601060072581,-0.3274819652239482,0.5947941044966379,-1.1327147285143535,1.1735733548800151,-0.5530993044376373,-7.134559965133667,47.21399841308594,6.784419822692871,-0.22143864755829176,0.8636616443594297,-0.3573052578916152,-261.66315307617185,140.53179779052735,-125.21957778930664,-3.164361814657847,-5.016922394434611,3.32336688041687,-1.1225329836209614,-14.023835182189941,6.82233605782191,-0.8111374139785766,0.6236323237419128,-2.8675235986709593,1.73626842101415,-8.992729028066,3.5122541983922324
3.9,7.600103264053662,-17.25135389963786,2.0656041304270425,0.0,0.0,2.1098549768958295,36.23628224117655,0.7451041120458657,309.622128768706,325.2049411267707,-122.91985422957747,49.279448485915495,0.45419056837757427,-0.5766549011071522,-0.34787698586781823,0.5811045467853546,-1.3292186111211777,1.1840317696332932,-0.3454539823966722,-3.4544299840927124,47.38235874176026,6.533709836006164,-0.1757064772148927,0.2988276360556483,-0.7024632142856717,-257.9830238342285,140.70015754699708,-125.47028789520263,-0.7411585003137589,-2.3340193827946982,0.4559379816055298,0.27026657071529026,-11.416016383604571,3.9483295119169988,-2.1846577525138855,0.5408448129892349,-0.8354091048240662,0.996608004467844,-9.044753125219636,3.551170871113286
4.0,-1.1285149852434795,-14.006486733754477,6.759524524211883,0.0,0.0,2.108774850066279,36.950648442120624,0.7268746956973009,308.4945558359925,325.20763176839256,-122.91985473802816,49.279448667605635,0.4306859498222669,-0.5960496962070465,-0.36827200651168823,0.5674149890740713,-1.5257224937280018,1.1944901843865712,-0.13780866035570702,0.22569999694824214,47.55071907043457,6.282999849319458,-0.12997430687149364,-0.266006372248133,-1.0476211706797283,-254.30289459228516,140.8685173034668,-125.72099800109864,1.6820448140303295,0.34888362884521484,-2.4114909172058105,1.6630661250515417,-8.8081975850192,1.0743229660120877,-0.22036964446306226,0.8594619520008564,-0.35959600657224655,0.25694758792153816,-9.09677722237327,3.5900875438343394
4.1,-1.7831314086914063,-10.686824607849122,0.17838493585586548,0.0,0.0,2.1076947232367287,37.66501464306469,0.708645279348736,307.36698290327905,325.2103224100145,-122.91985524647887,49.279448849295775,0.4234170989330971,-0.5774592405015773,-0.37741113657301123,0.5849284940596783,-1.4476644265832324,1.1942364632180242,-0.16238259454963333,0.24369499241001896,47.41438417434692,6.1918048620223995,0.03575007758583085,0.2741662558224616,0.26261593038075115,-254.28489952087403,140.732181930542,-125.81219253540038,0.5814040542551966,0.6658650311556729,-2.333481918681752,1.3817576473635254,-8.751383948958281,1.3198637141648568,-0.06823874016602834,-0.4728860557079315,-1.7860172589619954,0.5832785520363938,-9.082035592108063,3.546978757236943
4.2,4.523930295060079,-7.210870822270711,1.7057834267616272,0.0,0.0,2.1066145964071783,38.37938084400876,0.6904158630001712,306.2394099705656,325.21301305163644,-122.91985575492957,49.279449030985916,0.4161482480439273,-0.5588687847961079,-0.3865502666343342,0.6024419990452853,-1.3696063594384627,1.1939827420494773,-0.18695652874355967,0.2616899878717958,47.278049278259275,6.100609874725341,0.20147446204315533,0.8143388838930563,1.5728530314412306,-254.26690444946288,140.5958465576172,-125.90338706970215,-0.5192367055199363,0.982846433466131,-2.255472920157693,1.1004491696755092,-8.694570312897364,1.5654044623176258,-0.18957184689740336,-0.06762787202994032,-0.313857468465964,0.9096095161512494,-9.067293961842855,3.503869970639547
4.3,-0.31336019436518353,-4.356831510861714,1.173081288735072,0.0,0.0,2.105534469577628,39.09374704495283,0.6721864466516064,305.1118370378521,325.2157036932583,-122.91985626338028,49.279449212676056,0.5146028598149618,-0.4688168664773305,-0.2644719431797663,0.666311502456665,-0.707698772350947,0.9878833989302317,-0.918174554904302,-18.537899684906005,43.58205909729004,5.381419825553894,0.18964820355176926,-0.30543263256549835,2.712725281715393,-273.0664947509766,136.8998565673828,-126.62257766723633,0.4298476775487264,-8.58244522412618,5.580878059069316,4.531906406084697,-15.628122488657633,8.211469411849976,0.26087000370025637,1.5918842554092407,0.4829500695690513,4.390440662701924,-8.013144731521606,3.5104796489079795
4.4,2.5022943218549094,-12.997613112131754,1.8321045686801272,0.0,0.0,2.104454342748078,39.80811324589689,0.6539570303030416,303.98426410513866,325.21839433488026,-122.919856771831,49.279449394366196,0.5282601776222389,-0.4643466162184874,-0.2502700816839933,0.6633512874444325,-0.6867215807239214,0.9660584479570389,-0.9671594003836315,-19.946084594726564,42.771674156188965,5.710209846496582,0.08005226982971758,-0.264796203171665,0.7170991037379613,-274.4746803283691,136.08947296142577,-126.29378738403321,-1.523422638575236,-0.9846674501895905,1.9870549241701765,2.8502097882587942,-8.322318529427953,5.040893305431712,0.1539380376537641,0.15862131615479788,2.4768803815046945,4.544246816273891,-7.908483667807145,3.5199968399423542
4.5,4.525924364725749,-15.610774914423624,8.14865787823995,0.0,0.0,2.1033742159185276,40.52247944684096,0.6357276139544769,302.8566911724252,325.2210849765022,-122.91985728028169,49.27944957605634,0.5419174954295158,-0.4598763659596443,-0.2360682201882203,0.6603910724322001,-0.6657443890968958,0.9442334969838461,-1.0161442458629608,-21.35426950454712,41.96128921508789,6.03899986743927,-0.029543663892334093,-0.22415977377783172,-1.2785270742394705,-275.8828659057617,135.27908935546876,-125.96499710083008,-3.4766929546991983,6.613110323746999,-1.6067682107289631,1.168513170432892,-1.0165145701982758,1.87031719901345,0.19071722278992334,-0.3096068948507309,2.71043453613917,4.698052969845858,-7.803822604092685,3.529514030976729
4.6,1.8564714670181275,-2.8254449725151063,2.3259432315826416,0.0,0.0,2.102294089088977,41.236845647785024,0.6174981976059121,301.72911823971174,325.22377561812414,-122.9198577887324,49.27944975774648,0.502758363769813,-0.5112563354725188,-0.2755438867730624,0.6329831300359783,-0.919179297532096,1.0381018483277524,-0.7615110007199375,-14.010174691677094,44.370179176330566,4.963874888420105,0.009618237200783988,0.02825367123340114,-0.9539354952955335,-268.53876953125,137.68797836303713,-127.04012260437011,-1.1215299620772852,0.1873798361330321,0.33342708602096116,1.77386336850715,-7.585304399670074,3.642462913285602,0.09651670777626954,-0.5432373707493147,0.19089538728197417,3.2396105961366133,-8.311407808101539,3.709107933622418
4.7,0.5842475115787238,0.5227320436388254,1.3754742195208867,0.0,0.0,2.101213962259427,41.951211848729095,0.5992687812573473,300.6015453069982,325.226466259746,-122.9198582971831,49.27944993943662,0.46359923211011017,-0.5626363049853932,-0.31501955335790455,0.6055751876397566,-1.1726142059672962,1.1319701996716587,-0.5068777555769141,-6.666079878807068,46.779069137573245,3.88874990940094,0.04878013829390208,0.280667116244634,-0.6293439163515965,-261.1946731567383,140.09686737060548,-128.11524810791016,1.2336330305446277,-6.238350651480935,2.2736223827708852,2.379213566581408,-14.15409422914187,5.4146086275577545,-0.17846428081393242,0.1495092689990997,-3.0468737125396728,1.7811682224273682,-8.818993012110392,3.888701836268107
4.8,6.646264572938283,-14.656836032867432,4.9460641741752625,0.0,0.0,2.1001338354298764,42.665578049673165,0.5810393649087825,299.47397237428476,325.22915690136796,-122.91985880563381,49.27945012112676,0.4457152982552846,-0.5329920748869578,-0.3583267976840337,0.6232371628284454,-1.1061556140581768,1.1728465557098389,-0.461756095290184,-4.390779888629913,46.693058776855466,5.712039947509766,0.2848159220690528,-0.017638742923736562,-0.5961790432532628,-258.91937561035155,140.01085968017577,-126.29195709228516,-2.705416719118754,-0.5534102916717529,-2.646207014719645,-0.5273780584335327,-9.829595947265625,1.1565708339214325,-0.2555198421080907,-1.8153132994969685,-0.16875147819519043,1.8552829504013062,-8.987903785705566,3.4512343883514403
4.9,-1.8998014529546101,-13.61665646235148,5.757530013720195,0.0,0.0,2.0990537086003265,43.37994425061723,0.5628099485602177,298.3463994415713,325.2318475429899,-122.9198593140845,49.2794503028169,0.4388587673505147,-0.5490746324261029,-0.36661147450407344,0.6087211916844051,-1.2254951099554698,1.1892960369586945,-0.35813238471746445,-2.1548249430954454,46.94315881729126,5.603459918498993,0.1116425646186778,-0.11998991566625507,-0.3886988871293424,-256.68341941833495,140.26095695495604,-126.40053749084473,-0.4281070878108344,1.4748371442159014,-2.474870165189107,1.0771391063928606,-7.851090463002523,1.1357133949485918,0.35521814227104187,2.3682227258880935,-1.0945178090284269,1.3857240642110507,-9.058521405855814,3.4589990516503653
5.0,-0.5333602070808411,-9.812247848510742,1.093759223818779,0.0,0.0,2.097973581770776,44.0943104515613,0.5445805322116529,297.21882650885783,325.23453818461184,-122.91985982253522,49.279450484507045,0.4320022364457448,-0.5651571899652481,-0.3748961513241132,0.5942052205403646,-1.344834605852763,1.20574551820755,-0.2545086741447448,0.08113000243902208,47.19325885772705,5.49487988948822,-0.061530792831697226,-0.2223410884087736,-0.1812187310054221,-254.44746322631835,140.51105422973632,-126.5091178894043,1.8492025434970856,3.503084580103556,-2.3035333156585693,2.6816562712192535,-5.872584978739421,1.1148559559757512,0.2858849371162553,-0.02188935379187265,-0.5984952251116434,0.9161651780207952,-9.129139026006063,3.46676371494929
5.1,3.277668555577596,-6.629015922546387,2.446760813395182,0.0,0.0,2.0968934549412257,44.80867665250537,0.5263511158630881,296.09125357614437,325.2372288262337,-122.91986033098591,49.279450666197185,0.4559924539291497,-0.5298799147660083,-0.34801245085669286,0.6198419269287225,-1.1121351809212656,1.149510302326896,-0.4771166538650339,-4.8528549682348965,46.47040901184082,5.771819901466369,0.01581307885829697,-0.07333508102138611,1.041877534191096,-259.38144912719724,139.7882053375244,-126.232177734375,1.311530751260844,-0.695383783542749,-0.35793814334002416,3.1280921703219065,-9.378344357013702,2.8006493615296977,-0.19206621435781315,-1.036994656547904,-0.2855285940070947,1.9757765904068947,-8.869066596031189,3.37845915555954
5.2,2.0736799190441766,-5.08145801226298,-0.34267215461780626,0.0,0.0,2.0958133281116753,45.52304285344943,0.5081216995145234,294.9636806434309,325.23991946785566,-122.91986083943662,49.279450847887325,0.47998267141255463,-0.4946026395667683,-0.3211287503892725,0.6454786333170804,-0.8794357559897683,1.093275086446242,-0.699724633585323,-9.786839938908816,45.74755916595459,6.048759913444519,0.09315695054829116,0.07567092636600135,2.264973799387614,-264.3154350280762,139.0653564453125,-125.9552375793457,0.7738589590246027,-4.893852147189054,1.5876570289785212,3.5745280694245594,-12.884103735287985,4.486442767083645,0.09743300415575507,0.7459580874070525,-0.06111707033414858,3.035388002792994,-8.608994166056315,3.29015459616979
5.3,2.2357936299716434,-9.807681560516357,2.196910301844279,0.0,0.0,2.094733201282125,46.2374090543935,0.4898922831659585,293.83610771071744,325.2426101094776,-122.91986134788732,49.279451029577466,0.5404273569583893,-0.42098570863405865,-0.23947176088889435,0.6879468858242035,-0.543214738368988,0.9020279546578726,-1.0635762413342793,-22.971379661560057,42.058279037475586,6.5147998332977295,0.08213592320680618,-0.27061329782009125,0.1459204306205114,-277.4999725341797,135.3760787963867,-125.4891975402832,-1.0240652163823445,-0.2772180239359538,1.0181714693705242,4.761836671829224,-8.807142639160157,4.387359952926635,0.07024950347840786,-0.035659254839022936,1.808542937040329,5.3301599502563475,-7.590631580352783,3.193053674697876
5.4,4.901298443476359,-15.925829887390137,6.650351961453755,0.0,0.0,2.093653074452575,46.95177525533757,0.4716628668173937,292.708534778004,325.24530075109953,-122.91986185633803,49.279451211267606,0.5169197104193948,-0.46019913617408637,-0.2582435216190237,0.6704541864720257,-0.6993450414050709,0.961686812115438,-0.9220012444438356,-18.875229728221893,43.83764905929566,5.187134891748428,-0.08450649678707123,-0.6503424146635965,-0.773213110412612,-273.40382461547847,137.1554485321045,-126.81686248779297,-2.1654176079865657,2.2379824320475263,-0.6767531488880965,2.720973345885674,-6.390012926856677,3.0158388829169174,0.11820242616037524,0.17857627244666216,2.7167977492014566,4.385536123315493,-7.933996069431305,3.480056977272034
5.5,4.7558547258377075,-8.789794683456421,4.324548387527466,0.0,0.0,2.0925729476230246,47.666141456281636,0.45343345046882894,291.5809618452905,325.2479913927214,-122.91986236478873,49.279451392957746,0.4934120638804002,-0.4994125637141141,-0.277015282349153,0.652961487119848,-0.8554753444411538,1.0213456695730037,-0.7804262475533918,-14.779079794883728,45.61701908111572,3.859469950199127,-0.25114891678094864,-1.0300715315071018,-1.6923466514457355,-269.3076766967773,138.93481826782227,-128.14452743530273,-3.306769999590787,4.753182888031006,-2.3716777671467173,0.6801100199421245,-3.9728832145531974,1.6443178129071991,0.08320493623614311,-0.2748639037211736,0.1436296800772349,3.440912296374639,-8.277360558509827,3.7670602798461914
5.6,0.27308087547620136,-0.6377869149049123,1.804287960131963,0.0,0.0,2.091492820793474,48.38050765722571,0.43520403412026415,290.45338891257705,325.25068203434336,-122.91986287323944,49.27945157464789,0.47635632572752057,-0.51882925245798,-0.3049636563342629,0.6369469461567474,-0.966667767952789,1.0826450211532188,-0.6591818872274775,-10.745454853773117,46.779679203033446,3.974454927444458,0.038430136182190267,0.028373401724930858,-0.9831534917607452,-265.2740486145019,140.09747734069825,-128.02954273223878,-1.1399106843905016,0.08386880159378052,-0.2449759299104861,1.397034571816524,-8.617077822486559,3.4271451618211968,-0.48630982637405396,-0.3206431731581688,-1.6481449604034424,2.7295356144507728,-8.584328035513561,3.6754665176073713
5.7,1.0751749972502387,-7.27328356107076,1.3587244329294965,0.0,0.0,2.090412693963924,49.09487385816978,0.41697461777169936,289.32581597986353,325.2533726759653,-122.91986338169015,49.27945175633803,0.45930058757464093,-0.5382459412018458,-0.3329120303193728,0.6209324051936468,-1.0778601914644241,1.143944372733434,-0.537937526901563,-6.711829912662506,47.94233932495117,4.0894399046897885,0.3280091891453291,1.0868183349569638,-0.2739603320757548,-261.24042053222655,141.26013641357423,-127.9145580291748,1.0269486308097842,-4.585445284843445,1.8817259073257446,2.113959123690923,-13.261272430419922,5.209972510735194,-0.053221636141339936,-1.6290249228477478,-1.733406513929367,2.0181589325269065,-8.891295512517294,3.5838727553685508
5.8,4.244568268458049,-14.104393482208252,7.8062848548094435,0.0,0.0,2.0893325671343734,49.80924005911384,0.3987452014231346,288.1982430471501,325.2560633175872,-122.91986389014085,49.27945193802817,0.418785701195399,-0.5448814233144125,-0.3943341722091039,0.609439879655838,-1.2959960103034973,1.2145227392514546,-0.2340275297562281,-0.04026000648736956,48.447418975830075,5.355799865722656,-0.18112154460201657,-0.9440668028158447,-1.0038297673066456,-254.56885375976563,141.76521759033204,-126.64819717407227,0.7205323576927185,0.5913205941518148,-1.5896485050519307,2.0258832454681395,-8.902018165588379,1.3719248831272126,0.4845434029897054,1.379919131596883,-0.7081201101342837,1.0114640593528748,-9.16721248626709,3.3227770805358885
5.9,-0.0286141832669576,-12.383455276489258,2.4880370696385703,0.0,0.0,2.0882524403048235,50.52360626005791,0.3805157850745698,287.0706701144366,325.2587539592091,-122.91986439859156,49.27945211971831,0.40649104615052545,-0.5421758610190768,-0.40897000761646213,0.6100749522447586,-1.3451412347230045,1.2242879912708744,-0.15422518387662637,1.6851249627768994,48.56545400619507,5.267654860019684,0.07591389084347722,0.0752185490335141,-0.6070878320571147,-252.84346923828127,141.88325271606448,-126.73634204864501,0.9170981401746924,2.12065039620255,-2.1017138678016085,2.004542282720407,-7.310058283805847,1.0264660866931081,0.17361299592691162,0.7852672735850016,0.15551610787709555,0.8433150462806225,-9.203338662783306,3.2665536244710287
6.0,2.01990122795105,-8.884669971466064,1.3091132581233977,0.0,0.0,2.087172313475273,51.237972461001974,0.36228636872600495,285.94309718172315,325.26144460083106,-122.91986490704225,49.27945230140845,0.39419639110565186,-0.539470298723741,-0.42360584302382037,0.6107100248336792,-1.3942864591425115,1.2340532432902942,-0.07442283799702468,3.410509932041168,48.68348903656006,5.179509854316711,0.33294932628897106,1.0945039008828727,-0.2103458968075839,-251.1180847167969,142.00128784179688,-126.82448692321778,1.1136639226566662,3.6499801982532847,-2.613779230551286,1.9832013199726741,-5.718098402023315,0.6810072902590036,-0.1800525326592226,-0.9482410171379646,-1.00614595413208,0.6751660332083702,-9.23946483929952,3.2103301684061685
6.1,3.9117664893468223,-5.329813003540039,0.5602196057637532,0.0,0.0,2.0860921866457227,51.952338661946044,0.34405695237744016,284.8155242490097,325.264135242453,-122.91986541549296,49.27945248309859,0.42783099288741744,-0.49135862347303016,-0.39140374766606273,0.6420903578400612,-1.0660813825600075,1.1701508184725586,-0.3881433980934548,-4.085169941186906,47.69955921173096,6.322954869270324,0.25222487169120344,0.29921521040413424,1.1393631732825076,-258.61376571655273,141.01735763549806,-125.68104190826416,0.741608006710356,-1.0404092615300962,-0.7133039651495037,2.9023511357831233,-10.401960383762013,2.359012687663463,-6.108731031417847e-05,1.3426818013191224,-0.328981477022171,2.06446121531454,-8.948620207381971,2.9425379290725244
6.2,0.04267194867134094,-6.0716878573099775,0.6761718116079768,0.0,0.0,2.0850120598161723,52.666704862890114,0.3258275360288754,283.6879513162962,325.2668258840749,-122.91986592394366,49.27945266478873,0.4614655946691831,-0.4432469482223193,-0.3592016523083051,0.6734706908464432,-0.7378763059775034,1.1062483936548233,-0.7018639581898848,-11.580849814414979,46.71562938690185,7.466399884223938,0.1715004170934359,-0.49607348007460433,2.489072243372599,-266.1094467163086,140.0334274291992,-124.53759689331055,0.3695520907640457,-5.730798721313477,1.1871713002522786,3.8215009515935723,-15.08582236550071,4.037018085067922,0.6123924056688944,0.8799513612563411,-0.1157080599417289,3.45375639742071,-8.657775575464422,2.6747456897388804
6.3,3.587439308563868,-17.860626538594563,5.042574713627498,0.0,0.0,2.083931932986622,53.38107106383418,0.3075981196803106,282.56037838358276,325.2695165256968,-122.91986643239437,49.27945284647887,0.5255310932795206,-0.42842377722263336,-0.28292550643285114,0.6781251827875773,-0.5425524512926737,0.9865552882353464,-1.0207924743493397,-21.140159606933594,44.566599655151364,7.635979890823364,0.19049832969903943,-0.5496870696544647,-0.9170003667473793,-275.66875610351565,137.8843963623047,-124.368017578125,-3.248309334119161,5.120874643325806,-0.07156378030776979,1.853241144369046,-3.749154289563497,2.7777679562568665,0.005268712838490813,-0.777173325419426,3.3013957738876343,4.797214190165202,-8.079099416732788,2.79987363020579
6.4,4.089214181900024,-11.717891693115234,2.69216468334198,0.0,0.0,2.082851806157072,54.09543726477825,0.2893687033317458,281.4328054508693,325.27220716731875,-122.91986694084507,49.279453028169016,0.48852317260973377,-0.48053465580398386,-0.31123831371466315,0.6524676364479642,-0.817064822623224,1.0588250724655208,-0.7590751855662374,-14.642744719982147,46.800419330596924,5.963054919242859,-0.08080729283392432,-0.7975151071480164,-1.0538647217055161,-269.17134246826174,140.11821708679201,-126.04094219207764,-1.4535874363147852,3.3242027217691597,-0.6736350736834786,2.3515713677431145,-5.483826090892156,2.620838674406211,0.33987015423675376,-0.22344940900802612,1.6721672316392262,3.4399058197935424,-8.442871967951458,3.1913391749064126
6.5,1.8472591154277325,-3.73180623849233,2.7149563431739807,0.0,0.0,2.0817716793275216,54.80980346572232,0.271139286983181,280.30523251815583,325.2748978089407,-122.91986744929578,49.279453209859156,0.45151525193994696,-0.5326455343853344,-0.33955112099647516,0.6268100901083513,-1.0915771939537742,1.1310948566956953,-0.49735789678313513,-8.1453298330307,49.03423900604248,4.290129947662353,-0.35211291536688805,-1.0453431446415682,-1.1907290766636531,-262.67392883300784,142.3520378112793,-127.71386680603027,0.34113446148959076,1.5275308002125134,-1.2757063670591875,2.849901591117183,-7.218497892220815,2.463909392555555,0.19153679758310316,-0.5539020776748658,-0.9192911207675933,2.0825974494218826,-8.806644519170126,3.582804719607035
6.6,-0.4804588394860427,-1.3189437687397003,1.4226327538490295,0.0,0.0,2.080691552497971,55.52416966666638,0.25290987063461623,279.17765958544237,325.2775884505626,-122.91986795774648,49.279453391549296,0.43847840132586885,-0.5387247855013066,-0.3585984905560811,0.6200699266610723,-1.170618097890507,1.1619880416176536,-0.39880555585929844,-5.816349878162145,49.460629081726076,4.412434929609299,-0.1051260968670249,-0.010365606673682803,-1.0312041553358238,-260.3449462890625,142.7784278869629,-127.59156246185302,-0.8620712097847101,-1.2098569617126926,-0.0015899868625584013,0.6343404157651644,-10.276740555510376,3.582821383846529,-0.6922885080178579,-0.27840182899187005,-2.4929664929707847,1.673563886095177,-8.94353068597389,3.525587892893589
6.7,6.168298204739888,-13.083356300989786,3.3795628547668457,0.0,0.0,2.079611425668421,56.23853586761045,0.23468045428605142,278.05008665272885,325.2802790921845,-122.91986846619719,49.27945357323944,0.42544155071179074,-0.544804036617279,-0.37764586011568707,0.6133297632137934,-1.24965900182724,1.1928812265396118,-0.3002532149354617,-3.4873699232935906,49.88701915740967,4.534739911556244,0.14186072163283825,1.0246119312942028,-0.8716792340079943,-258.0159637451172,143.20481796264647,-127.46925811767578,-2.065276881059011,-3.947244723637899,1.2725263933340707,-1.5812207595868544,-13.334983218799938,4.701733375137502,-0.009799295415480913,-1.820734788974126,0.1069013923406601,1.2645303227684714,-9.080416852777654,3.4683710661801426
6.8,-1.678465445836385,-15.141382853190104,8.229814444979032,0.0,0.0,2.0785312988388704,56.95290206855452,0.21645103793748663,276.9225137200154,325.28296973380645,-122.91986897464788,49.27945375492958,0.3972030778725942,-0.5875000854333242,-0.41678427159786224,0.5683272282282511,-1.6831146876017253,1.2245754798253377,0.11273114196956154,4.065039896965027,49.99681930541992,5.147179889678955,-0.0878118775784969,-1.1429594159126282,-0.6438214279711246,-250.46355438232422,143.31461639404296,-126.85681838989258,4.614863912264506,2.707394997278849,-0.25419920682907104,4.017549246549606,-6.940780878067017,2.923430989185969,0.24938572943210602,2.630716623583188,-0.6527349638442198,-0.2128210196581979,-9.214500745137533,3.345809022585551
6.9,-1.477687594294548,-11.129137802124024,0.32985059618949897,0.0,0.0,2.0774511720093205,57.667268269498585,0.19822162158892184,275.7949407873019,325.2856603754284,-122.9198694830986,49.27945393661972,0.4039821900201566,-0.5529007130500042,-0.41786819899624045,0.5925063228968418,-1.466361740321824,1.2205572634032278,-0.05010218257931147,1.6778049375861883,49.541759204864505,6.072244906425476,0.24010185721951233,-0.33488396306832635,0.8029658139062424,-252.85079078674318,142.85955696105958,-125.93175296783448,2.437380928433303,1.9421640128800362,-1.4780458889224313,2.618695117533207,-7.328492919603983,1.6877125923832257,0.036397387584050485,-0.5899685720602671,-1.0952304601669312,0.4872407709093144,-9.174660603205364,3.1377636591593423
7.0,4.01156710088253,-6.92343282699585,2.860619455575943,0.0,0.0,2.07637104517977,58.381634470442656,0.17999220524035703,274.66736785458846,325.2883510170503,-122.91986999154929,49.27945411830986,0.41076130216771906,-0.5183013406666842,-0.41895212639461865,0.6166854175654325,-1.2496087930419228,1.216539046981118,-0.2129355071281845,-0.7094300217926502,49.08669910430908,6.997309923171997,0.5680155920175215,0.4731914897759755,2.2497530557836094,-255.2380271911621,142.40449752807618,-125.00668754577637,0.2598979446020993,1.1769330284812234,-2.7018925710157915,1.2198409885168076,-7.71620496114095,0.4519941955804825,-0.0867428660392761,-1.1471743762493134,-0.6461121633648872,1.1873025614768267,-9.134820461273193,2.929718295733134
7.1,2.525225520133972,-5.754838148752849,-1.7847466170787811,0.0,0.0,2.0752909183502197,59.09600067138672,0.1617627888917923,273.539794921875,325.2910416586722,-122.9198705,49.2794543,0.48294416837620013,-0.44506465406580403,-0.3175260742956942,0.6635685301188267,-0.8424305273502162,1.0107689434380243,-0.6744002699005334,-15.99084458090365,44.08591918945312,7.564914906024933,0.1641601996397543,0.1898992635083921,1.625251530514409,-270.5194393157959,137.40371704101562,-124.43908233642578,0.3238924231493112,-0.2780280420274446,-0.28219959952614504,4.132943999360908,-8.401719139832439,2.518457176333124,0.17682004161179066,1.5065972805023193,0.2155590628584226,3.753934954631735,-8.013715332204645,2.893773066275047
7.2,-0.09750750660896305,-9.642875949541727,2.563111831744512,0.0,0.0,2.128620147705078,58.59050051371256,0.16094329208135605,273.0491587320964,325.2954636204936,-122.91987476666667,49.27945638333333,0.5551270345846812,-0.37182796746492386,-0.2161000221967697,0.7104516426722208,-0.43525226165850955,0.8049988398949305,-1.135865032672882,-31.272259140014647,39.08513927459717,8.13251988887787,-0.23969519273801285,-0.09339296275919136,1.0007500052452087,-285.8008514404297,132.40293655395507,-123.8714771270752,0.3878869016965232,-1.7329891125361125,2.137493371963501,7.046047010205009,-9.087233318523927,4.584920157085765,0.9613491694132487,-0.5685882916053137,4.279314676920573,6.3205673477866435,-6.892610203136098,2.857827836816961
7.3,9.631589806079864,-14.580425643920899,8.716215229034423,0.0,0.0,2.1819493770599365,58.085000356038414,0.1601237952709198,272.5585225423177,325.299885582315,-122.91987903333333,49.27945846666667,0.5092701971530914,-0.44832959175109866,-0.2960853219032287,0.6710686683654785,-0.6293958306312561,1.0244539737701417,-0.9316084027290344,-20.27517976760864,45.26809959411621,7.840939903259278,0.06317364300290743,0.046782098710536936,-3.1966323852539062,-274.80377502441405,138.5858947753906,-124.16305770874024,-4.042109060287475,7.502660942077637,0.032612037658691403,0.44725841532150906,-1.3032906992981832,3.5233316918214164,-0.5464698647459348,0.28583403925100964,3.2950326055288315,4.192668875058492,-8.291387875874838,3.016957402229309
7.4,4.880460937817891,-4.477768778800964,1.0270194013913472,0.0,0.0,2.235278606414795,57.57950019836426,0.15930429846048355,272.06788635253906,325.30430754413646,-122.91988330000001,49.279460549999996,0.4693911850452423,-0.4939970207711061,-0.3323971549669901,0.6459835569063823,-0.9094135403633118,1.0994803736607235,-0.646100877597928,-13.301964819431305,47.60927925109863,6.545604890584945,0.015863409265875802,0.24311799587061006,-1.8821649017433326,-267.830558013916,140.92707672119138,-125.45839290618898,-1.1877165377140044,1.2410346825917564,0.19886926909287772,1.5283406463762126,-7.579016404536864,3.634523155788581,0.13078624606132508,-0.5577810376882553,-1.757428765296936,2.816858614484469,-8.656684478123983,3.2625684042771654
7.5,0.441276378929615,-1.2859427519142628,3.4605200886726375,0.0,0.0,2.2886078357696533,57.0740000406901,0.1584848016500473,271.57725016276044,325.30872950595784,-122.91988756666667,49.27946263333333,0.4295121729373932,-0.5396644497911135,-0.3687089880307515,0.620898445447286,-1.1894312500953674,1.174506773551305,-0.36059335246682167,-6.328749871253967,49.95045890808105,5.250269877910614,-0.031446824471155814,0.4394538930306832,-0.5676974182327589,-260.85734100341796,143.26825866699218,-126.7537281036377,1.6666759848594666,-5.020591576894124,0.365126500527064,2.609422877430916,-13.854742109775543,3.745714619755745,0.06421720298628011,0.042531494051218,-3.198974053064982,1.4410483539104462,-9.021981080373129,3.5081794063250222
7.6,4.533003022273381,-13.951751470565796,2.843869686126709,0.0,0.0,2.3419370651245117,56.56849988301595,0.15766530483961105,271.08661397298175,325.3131514677792,-122.91989183333334,49.279464716666666,0.40852741027871764,-0.5522905774414539,-0.3959678808848063,0.6046896626551946,-1.3760439430673919,1.1897094349066415,-0.15425929217599332,-2.811489948444068,49.7293339729309,5.889244884252548,-0.13362734262464623,-0.3461702882848455,-1.1175964712870843,-257.34008331298827,143.04713287353513,-126.11475276947021,0.5369290069987376,-2.436589996019999,-0.41263748208681744,1.181617077778686,-11.628941240635786,2.9461470212448724,-0.6065891832113266,-1.667916612078746,-1.6064737687508266,0.7374780652197924,-9.085643992279515,3.4122614002589025
7.7,0.6738787988821665,-13.723037242889404,4.521936297416687,0.0,0.0,2.39526629447937,56.0629997253418,0.1568458080291748,270.5959777832031,325.31757342960066,-122.9198961,49.2794668,0.38754264762004215,-0.5649167050917944,-0.4232267737388611,0.5884808798631033,-1.562656636039416,1.2049120962619781,0.052074768114835024,0.7057699743658304,49.50820903778076,6.528219890594483,-0.23580786077813667,-1.131794469600374,-1.6674955243414098,-253.82282562255858,142.8260070800781,-125.47577743530273,-0.5928179708619914,0.14741158485412598,-1.1904014647006989,-0.2461887218735435,-9.403140371496027,2.1465794227340003,0.5458335628112158,2.538374200463295,0.46644652883211773,0.03390777652913872,-9.149306904185902,3.3163433941927822
7.8,-5.018945503234863,-11.935159969329835,3.0276384711265565,0.0,0.0,2.3973537921905517,55.58539962768555,0.1551047325134277,270.525732421875,325.2965603646339,-122.91990022,49.27946916,0.36756608486175535,-0.6237502455711365,-0.4329311609268188,0.5368869781494141,-1.9810628414154052,1.1767832279205321,0.38833600878715513,6.977179861068725,49.06473922729492,5.5741798877716064,-0.11056661109129585,0.2701551554103692,0.3845396799345811,-247.551416015625,142.38253936767578,-126.42981719970703,5.154144811630249,1.5870327949523926,-3.4352052211761475,3.3580274706085524,-7.307580550511678,-0.05473580816760659,-0.4714352563023567,-1.5480852263669174,-2.0022381047407785,-1.3887258768081665,-9.05846897761027,3.490244189898173
7.9,3.720141331354777,-7.261319478352864,1.2972090045611064,0.0,0.0,2.399441289901733,55.1077995300293,0.15336365699768065,270.4554870605469,325.2755472996671,-122.91990434,49.27947152,0.41582208921511965,-0.5718187831342221,-0.3925430456797282,0.5765645742416382,-1.5371196602781614,1.1620452746748924,-0.052857879673441244,-1.9706049352884296,47.436649322509766,6.606604862213135,0.14006630703806883,0.20334813681741554,1.6624952312558887,-256.4991996765137,140.7544490814209,-125.39739189147949,2.8645405461390814,-0.2805562218030293,-1.252538631359736,2.7933349143149275,-9.179633548765471,2.232272423824973,0.049296824261546156,-0.6415612339973451,-1.270844054222107,0.3233392204750667,-8.977770061203927,3.321425338586171
8.0,3.3520454665025077,-7.29023273785909,-0.11754740774631493,0.0,0.0,2.401528787612915,54.63019943237305,0.15162258148193355,270.38524169921874,325.2545342347003,-122.91990846,49.27947388,0.464078093568484,-0.5198873206973076,-0.3521549304326375,0.6162421703338623,-1.0931764791409175,1.1473073214292526,-0.49405176813403767,-10.918389731645584,45.80855941772461,7.639029836654663,0.39069922516743344,0.13654111822446188,2.9404507825771966,-265.44698333740234,139.12635879516603,-124.36496658325196,0.5749362806479136,-2.148145238558451,0.9301279584566752,2.2286423580213026,-11.051686547019266,4.5192806558175525,-0.1094975968201955,0.2659554698814948,0.3822489194571972,2.0354043177583,-8.897071144797586,3.15260648727417
8.1,0.547956387201945,-7.612167040506999,1.1817552546660106,0.0,0.0,2.4036162853240968,54.1525993347168,0.1498815059661865,270.31499633789065,325.23352116973354,-122.91991258,49.27947624,0.5107840965643073,-0.5008014877411452,-0.30603604267040885,0.6192755076018246,-0.879042991408796,1.092669563537294,-0.7813617113526121,-16.677094617486,43.69338436126709,7.847954857349396,0.15443552308010333,-0.6032716566414543,1.0884970902945055,-271.20568618774416,137.01118354797364,-124.15604209899902,-0.0002303073803584521,0.19115461183316773,0.36474532521132264,2.9543020941994405,-8.686961374838244,3.5342919967193724,0.5256241038441658,0.032426769534746804,2.998915652434031,2.979787624469309,-8.65166414867748,3.1189923385779066
8.2,4.232305103540421,-15.14094409942627,8.386125421524047,0.0,0.0,2.4057037830352783,53.67499923706055,0.1481404304504394,270.2447509765625,325.21250810476675,-122.9199167,49.2794786,0.5574900995601307,-0.48171565478498285,-0.2599171549081802,0.622308844869787,-0.6649095036766746,1.0380318056453357,-1.0686716545711865,-22.435799503326415,41.57820930480957,8.056879878044128,-0.08182817900722679,-1.3430844315073707,-0.7634566019881855,-276.9643890380859,134.89600830078126,-123.94711761474609,-0.5753968954086305,2.530454462224787,-0.2006373080340299,3.6799618303775787,-6.322236202657223,2.549303337621192,0.2578869437177976,0.23220515996217728,2.877378930648168,3.9241709311803183,-8.406257152557373,3.085378189881643
8.3,4.03150741259257,-10.223035415013632,2.896611526608467,0.0,0.0,2.4057037830352783,53.356285095214844,0.14683184666293003,270.24217006138394,325.21250810476675,-122.91991921428571,49.279479957142854,0.5524389445781708,-0.5798677504062653,-0.2176953926682472,0.5573795437812805,-1.0521199703216553,1.0837321281433105,-0.8890159328778585,-18.95635986328125,43.50519905090332,2.6095799565315247,0.04164064846312005,-1.4571426709493,0.6022367626428604,-273.4849517822266,136.8229995727539,-129.39441680908203,3.476445953051249,-0.9406512578328451,-0.9079486926396688,6.350551287333171,-9.516853968302408,3.418645660082499,0.3532328248023987,-0.9079595685005188,-0.3719252973794937,2.3383432626724243,-8.619431972503662,4.053551952044169
8.4,3.3164521853129068,-2.386740893125534,2.076371900892506,0.0,0.0,2.4057037830352783,53.03757095336914,0.14552326287542067,270.23958914620533,325.21250810476675,-122.91992172857142,49.27948131428571,0.5754471868276596,-0.5764220133423805,-0.19414136310418445,0.5449322735269864,-1.0063953498999278,1.0676983098189035,-0.994458479185899,-20.672289657592774,42.576778984069826,2.2981749415397643,0.13647111280200383,-0.35043301805853844,0.07497733769317472,-275.20088500976567,135.89457778930665,-129.70582237243653,1.120741456747055,-1.522689918677012,0.2898043990135192,3.7473233683091225,-10.18428829944495,4.7011124907117905,-0.4424191464980443,-1.713426113128662,-1.0940087487300236,2.59618432413448,-8.540728243914518,4.052841433973024
8.5,6.344569126764934,-9.499505758285522,3.3558340966701508,0.0,0.0,2.4057037830352783,52.71885681152344,0.1442146790879113,270.2370082310268,325.21250810476675,-122.91992424285714,49.27948267142857,0.5984554290771484,-0.5729762762784958,-0.17058733354012168,0.5324850032726923,-0.9606707294782003,1.0516644914944966,-1.0999010254939396,-22.3882194519043,41.64835891723633,1.986769926548004,0.2313015771408876,0.7562766348322233,-0.45228208725651103,-276.9168182373047,134.96615600585938,-130.01722793579103,-1.2349630395571392,-2.104728579521179,1.4875574906667073,1.1440954492850737,-10.85172263058749,5.9835793213410815,0.04270966319988171,-1.461367815732956,0.5999205807844797,2.8540253855965356,-8.462024515325373,4.052130915901878
8.6,5.335196892420451,-5.0463634332021075,8.177770475546518,0.0,0.0,2.4057037830352783,52.400142669677734,0.1429060953004019,270.2344273158482,325.21250810476675,-122.91992675714286,49.27948402857143,0.5218011018904772,-0.5864131511612372,-0.28029129033287364,0.5333443692687786,-1.3230297068754833,1.149181587226463,-0.5539567215142376,-10.614914743602277,43.77054891586304,5.277719873189926,0.2454874206785903,0.8470745694005128,-1.559583525709582,-265.1435123443604,137.08834686279297,-126.72627830505371,-0.21068049109343323,-0.7863407405939968,0.08112801385648316,0.8378753406983432,-9.810733731948968,3.8060971168857636,0.43793948491414386,-0.603662113348643,0.2111048400402069,1.3428039736763546,-8.865054679639412,3.496900557568579
8.7,-3.898386597633362,-17.77998819351196,3.2123642683029177,0.0,0.0,2.4057037830352783,52.08142852783203,0.14159751151289254,270.23184640066967,325.21250810476675,-122.91992927142857,49.27948538571429,0.4451467747038061,-0.5998500260439786,-0.3899952471256256,0.5342037352648649,-1.6853886842727661,1.2466986829584294,-0.008012417534535582,1.158389964699745,45.89273891448975,8.568669819831848,0.259673264216293,0.9378725039688024,-2.6668849641626533,-253.370206451416,139.21053771972657,-123.43532867431641,0.8136020573702726,0.5320470983331854,-1.325301462953741,0.5316552321116129,-8.769744833310446,1.6286149124304454,0.02680170039335889,2.107866848508517,-1.1203268468379974,-0.16841743824382624,-9.268084843953451,2.9416701992352805
8.8,-4.0286160210768385,-12.635499477386475,1.095314587155978,0.0,0.0,2.4057037830352783,51.76271438598633,0.14028892772538318,270.22926548549106,325.21250810476675,-122.91993178571428,49.279486742857145,0.33413208027680713,-0.5981723566850027,-0.4913889914751053,0.5367476940155029,-2.1357835133870444,1.189353307088216,0.6627612014611562,15.3475998878479,44.90453910827637,7.169939851760864,-0.11888964722553885,1.4562009473641713,-0.8868999828894933,-239.18099670410157,138.2223373413086,-124.8340576171875,-0.07073652744293213,0.3824685414632161,-3.293833374977112,-2.463410973548889,-9.359425862630209,-0.37218359609444934,0.12418890371918676,1.7781065657734871,-3.575974631309509,-1.9197972814242046,-9.100515047709147,3.115462819735209
8.9,5.079962452252706,-4.86929436524709,2.03629207611084,0.0,0.0,2.4057037830352783,51.444000244140625,0.1389803439378738,270.2266845703125,325.21250810476675,-122.9199343,49.2794881,0.3423664073149363,-0.5658855785926183,-0.4885640939076742,0.5633737842241924,-1.9203962286313376,1.2075002392133076,0.49585540778934956,12.737714791297913,45.45231914520264,7.738459861278534,0.11496414668208949,1.0335469907431891,0.702547090184508,-241.79088096618653,138.77011756896974,-124.26553764343262,0.17785927653312683,-2.7146954536437984,-0.6269342352946596,-1.341911293566227,-12.173326477859959,2.138073156051563,0.37453676279013354,0.22991441686948136,-1.9135353962580364,-1.204471073593154,-9.172070734428637,2.968094704729138
9.0,-2.469392975171407,-9.3420782883962,-0.4349952091773351,0.0,0.0,2.405387830734253,51.203400421142575,0.13800727725028988,270.2276123046875,325.1102058022941,-122.9199357,49.279488900000004,0.3506007343530655,-0.533598800500234,-0.48573919634024304,0.5899998744328817,-1.7050089438756306,1.2256471713383992,0.3289496141175429,10.127829694747925,46.000099182128906,8.306979870796203,0.3488179405897178,0.610893034122207,2.2919941632585092,-244.4007652282715,139.31789779663086,-123.69701766967773,0.4264550805091858,-5.8118594487508135,2.039964904387792,-0.22041161358356476,-14.987227093089711,4.648329908197576,-0.11782063605884711,1.4520012239615123,-0.8892416208982468,-0.4891448657621037,-9.243626421148127,2.820726589723067
9.1,3.069991421699524,-11.604591560363769,2.1550957202911376,0.0,0.0,2.4050718784332275,50.96280059814453,0.13703421056270595,270.2285400390625,325.0079034998214,-122.9199371,49.2794897,0.42033798112110654,-0.4428730286432035,-0.41174569748567813,0.6542483640439583,-1.0302857530839515,1.1024726051272769,-0.33119855409092974,-3.5093300461769115,43.18037414550781,11.17580977678299,0.6012001582915245,0.38647524611742207,2.225262353253184,-258.03792610168455,136.49817237854003,-120.82818775177002,-3.2297926301305946,-1.1811728766470244,1.4569627674240055,-0.5396177992224693,-9.928784121279463,3.8330639443275603,0.44804420818885166,1.2254975065588951,0.823217278967301,2.2971377650445155,-8.666992915399147,2.293799557469108
9.2,-2.973381221294403,-17.774285475413006,6.610870401064555,0.0,0.0,2.4047559261322022,50.72220077514648,0.13606114387512205,270.2294677734375,324.90560119734874,-122.9199385,49.2794905,0.49007522788914765,-0.352147256786173,-0.33775219863111317,0.7184968536550348,-0.3555625622922724,0.9792980389161543,-0.9913467222994025,-17.146489787101746,40.36064910888672,14.044639682769775,0.8535823759933313,0.1620574581126372,2.1585305432478585,-271.67508697509766,133.6784469604492,-117.9593578338623,-6.886040340770375,3.449513695456765,0.873960630460219,-0.8588239848613739,-4.870341149469216,3.0177979804575443,0.23206770997494458,-0.1359480619430542,4.049395179748535,5.083420395851135,-8.090359409650167,1.766872525215149
9.3,-0.8996016283830007,-15.100007136662802,5.590929696957271,0.0,0.0,2.4044399738311766,50.48160095214844,0.13508807718753812,270.2303955078125,324.80329889487604,-122.9199399,49.2794913,0.5219113330046335,-0.3462219039599101,-0.33416222035884857,0.7033024231592814,-0.25786476085583365,0.9832556049029032,-1.135929008324941,-17.339859390258788,38.562979507446286,16.48707971572876,-0.5636759003003439,0.1853976051012675,-2.428011159102122,-271.8684509277344,131.88077850341796,-115.51691818237305,-4.584111015001933,9.692248900731405,-1.2333879073460896,0.5210371315479279,0.9220343132813772,0.20897317118942738,0.895197590192159,0.8074366350968679,3.0379347006479898,5.1314308643341064,-8.208856026331583,1.4140743811925252
9.4,-0.830010324716568,5.394020448128383,0.31904303034146625,0.0,0.0,2.4041240215301514,50.24100112915039,0.1341150104999542,270.2313232421875,324.7009965924034,-122.9199413,49.2794921,0.5000324981908003,-0.41052013014753663,-0.33710214123129845,0.6781992887457211,-0.5062911647061507,1.0529347310463588,-0.9554361378153164,-14.413689589500427,39.97787427902222,13.526749730110168,-0.4556568826576977,-0.1064849270112587,-1.3314791249506401,-268.94228210449216,133.29567260742186,-118.47724800109863,-2.312791297833125,1.2733417749404907,1.0097714811563494,1.9984147155826741,-7.877997015913327,3.514367608438161,0.8141052114466826,-0.4917719711860021,1.2745194497207801,4.092247854579579,-8.514913540897947,2.1928987846230017
9.5,0.5150550703207651,0.9393822848796844,0.14616158484326053,0.0,0.0,2.3802000522613525,49.973200988769534,0.13320714980363843,270.2342559814453,324.6582315117421,-122.91994270000001,49.27949276,0.47815366337696713,-0.4748183563351631,-0.3400420621037483,0.653096154332161,-0.7547175685564677,1.1226138571898143,-0.7749432673056921,-11.487519788742066,41.39276905059815,10.566419744491578,-0.34763786501505156,-0.39836745912378485,-0.23494709079915832,-266.01611328125,134.71056671142577,-121.43757781982421,-0.041471580664317255,-7.145565350850423,3.252930869658788,3.4757922996174204,-16.678028345108032,6.819762045686895,-0.5626068984468778,0.18117245535055795,-2.4303528467814126,3.0530648448250512,-8.82097105546431,2.971723188053478
9.6,0.9957732677459716,-19.194026231765747,8.035577058792114,0.0,0.0,2.3562760829925535,49.70540084838867,0.13229928910732267,270.2371887207031,324.6154664310808,-122.91994410000001,49.27949342,0.4704185120309844,-0.492885617708618,-0.3564984049986709,0.635218045250936,-0.8764500599918943,1.1656084083246463,-0.6650897059025187,-8.833409854769707,41.22318906784058,10.8994797706604,-0.12996389993438215,-0.6220042889542652,-0.6748498928817837,-263.3620037078857,134.5409873962402,-121.10451755523681,0.38914069984898386,-3.0865961493867813,1.52683282485514,2.8881708673681272,-12.27984352906545,4.606865631811546,-0.7466300431018075,-3.098588526248932,-0.31418836116790777,2.525912576326818,-8.976442557392698,2.8736740296537224
9.7,5.531507929166158,-14.54955768585205,5.691428204377492,0.0,0.0,2.332352113723755,49.437600708007814,0.13139142841100687,270.24012145996096,324.5727013504195,-122.9199455,49.27949408,0.4626833606850017,-0.5109528790820729,-0.3729547478935935,0.6173399361697111,-0.998182551427321,1.2086029594594783,-0.5552361444993452,-6.179299920797348,41.05360908508301,11.232539796829224,0.08771006514628725,-0.8456411187847456,-1.1147526949644089,-260.7078941345215,134.37140808105468,-120.77145729064941,0.819752980362285,0.9723730520768599,-0.19926521994850852,2.300549435118834,-7.881658713022868,2.3939692179361978,0.13350459709763524,2.832643246650696,-0.14489723816514016,1.9987603078285854,-9.131914059321085,2.7756248712539673
9.8,-3.1471599688132605,-10.623035828272501,1.4496516833702724,0.0,0.0,2.308428144454956,49.16980056762695,0.1304835677146911,270.24305419921876,324.5299362697582,-122.9199469,49.27949474,0.4247594227393468,-0.5142076959212621,-0.4208078384399414,0.6145018935203552,-1.1688275933265686,1.267532745997111,-0.30445875227451324,0.5306999828666449,40.771178817749025,11.27767972946167,0.13848824294594428,1.3072007199128468,0.14179709553718564,-253.99789428710938,134.08897857666017,-120.7263168334961,-1.1063607732454936,4.560511191685994,-3.025254786014557,0.5942575693130492,-5.144329357147217,-0.5236692368984223,0.07080946241815884,-1.1064805773397286,-1.5090662240982056,1.2072641491889953,-9.352387809753418,2.6971604347229006
9.9,7.736294597387314,-5.10558553536733,3.212663489083449,0.0,0.0,2.2845041751861572,48.902000427246094,0.12957570701837534,270.24598693847656,324.4871711890969,-122.9199483,49.279495399999995,0.455061711370945,-0.4835700665911039,-0.37927813082933426,0.6379970212777455,-0.9449059528609116,1.1807860136032104,-0.5459683773418267,-3.8173799375072126,39.328529071807864,11.174589776992798,0.08518909444595037,0.5524674573856773,1.324664737690579,-258.3459747314453,132.64632835388184,-120.82940711975098,-0.05865372220675158,-0.6508255998293562,-0.7317962149779,2.372752875586351,-9.82740241686503,1.7582311399281028,0.10674870138367015,-0.5932774444421132,-0.7250461410731077,2.266497027873993,-9.016755473613738,2.694000428915024
10.0,0.5882753610610962,-5.126981496810913,-0.5864808201789856,0.0,0.0,2.2605802059173583,48.63420028686524,0.12866784632205958,270.24891967773436,324.44440610843554,-122.9199497,49.27949606,0.48536400000254315,-0.4529324372609456,-0.3377484232187271,0.6614921490351359,-0.7209843123952547,1.0940392812093098,-0.7874780024091402,-8.16545985788107,37.885879325866696,11.071499824523926,0.03188994594595645,-0.2022658051414923,2.507532379843972,-262.6940551757813,131.20367813110352,-120.93249740600587,0.9890533288319906,-5.8621623913447065,1.5616623560587566,4.1512481818596525,-14.510475476582846,4.040131516754627,0.1395572564409425,1.303026442726453,0.13950635244448975,3.3257299065589905,-8.68112313747406,2.690840423107147
10.1,1.399402529001236,-6.089235107103984,1.743071625630061,0.0,0.0,2.2366562366485594,48.366400146484374,0.1277599856257438,270.25185241699216,324.40164102777425,-122.9199511,49.27949672,0.5190279845035437,-0.43158283468448755,-0.29244903542778705,0.6711190487399246,-0.6062430426704161,1.0032031418699208,-0.9518565669881576,-12.950604670494794,36.4935544013977,11.031544804573059,0.137004465358614,-0.32916380568040593,0.8653704289375157,-267.4791999816895,129.8113525390625,-120.97245235443116,-1.4402777968030986,-0.10061661583004611,0.7878425645105767,2.7414519072820744,-8.339211325782042,3.4440943337976933,-0.086070916056633,-0.28170052766799925,2.228833442926407,4.297530849774679,-8.20908228556315,2.753120144208272
10.2,6.891129891077678,-22.89701970418294,6.211568196614583,0.0,0.0,2.212732267379761,48.09860000610352,0.12685212492942802,270.25478515625,324.35887594711295,-122.9199525,49.279497379999995,0.5526919690045443,-0.4102332321080295,-0.24714964763684702,0.6807459484447133,-0.49150177294557745,0.9123670025305315,-1.1162351315671748,-17.73574948310852,35.10122947692871,10.991589784622192,0.24211898477127156,-0.4560618062193195,-0.7767915219689409,-272.2643447875977,128.41902694702148,-121.01240730285645,-3.869608922438188,5.660929159684614,0.014022772962396816,1.3316556327044964,-2.1679471749812365,2.8480571508407593,0.13215051839749017,-0.14385877922177312,2.735556344191233,5.269331792990367,-7.737041433652242,2.8153998653093972
10.3,2.4287150502204895,-5.22761948655049,3.8291144172350564,0.0,0.0,2.188808298110962,47.83079986572265,0.12594426423311225,270.2577178955078,324.31611086645165,-122.9199539,49.27949804,0.4792351524035136,-0.5114991813898087,-0.3358248819907506,0.6275650461514791,-0.9223611056804657,1.1471639672915142,-0.6763658622900645,-4.629899966716766,38.18599891662598,10.810419845581055,-0.35414913296699524,-2.1331159671147666,-1.7924822767575581,-259.15849151611326,131.50379638671876,-121.19357757568359,-2.06778605779012,-1.6430853207906086,0.2685825228691101,-0.6927221125923098,-10.798689222335815,3.2635708093643188,0.32393674304087955,-0.9255880912144979,0.8361727284888426,2.4910687685012816,-8.916590118408203,3.178693389892578
10.4,0.22263222436110178,0.9264211698124806,1.7413766980171204,0.0,0.0,2.164884328842163,47.5629997253418,0.1250364035367965,270.2606506347656,324.27334578579035,-122.9199553,49.2794987,0.47992121315363684,-0.5176344046538526,-0.3345040879917867,0.6195996882337513,-0.9464033097028732,1.1577052808169164,-0.669106228333531,-4.028744971752166,38.20277404785156,10.570689868927001,-0.10636691628447312,-0.2450830602284635,-0.9168023120216799,-258.5573375701904,131.5205722808838,-121.43330726623535,-1.0961030143679993,-2.772346655527751,1.4165041473778812,0.791799977095798,-12.123699673016866,4.350879373153051,0.16241379765172798,0.0050396382187803445,-2.394413630167643,2.313210501273473,-8.959820024172465,3.1844651381174724
10.5,-0.6987042553722859,-10.781340765953065,3.200759196281433,0.0,0.0,2.164884328842163,47.04483286539713,0.12383781497677158,270.2624003092448,324.27334578579035,-122.9199574,49.27949938333333,0.48060727390376007,-0.5237696279178966,-0.3331832939928228,0.6116343303160234,-0.9704455137252808,1.1682465943423184,-0.6618465943769976,-3.427589976787567,38.21954917907715,10.330959892272949,0.141415300398049,1.6429498466578396,-0.04112234728580171,-257.95618362426757,131.53734817504883,-121.67303695678712,-0.12441997094587846,-3.9016079902648926,2.5644257718866523,2.2763220667839055,-13.448710123697916,5.438187936941783,-0.3530801211794217,-2.1373665779829025,-1.794773002465566,2.1353522340456643,-9.003049929936727,3.1902368863423667
10.6,11.030115127563477,-11.663415114084879,7.314061323801677,0.0,0.0,2.164884328842163,46.526666005452476,0.1226392264167467,270.26414998372394,324.27334578579035,-122.9199595,49.279500066666664,0.4417377413448059,-0.5370459511424556,-0.3835037129394936,0.5990074060179971,-1.2489397649963698,1.2129688497745628,-0.3186479850150081,1.5908799171447758,38.34795427322388,10.55665988922119,0.034450251884250466,0.3815437752866384,-0.5774984708281629,-252.93771476745604,131.6657527923584,-121.4473373413086,1.1819928220727227,-1.234510620435079,0.5178376463326542,2.248457976362922,-10.508957530512955,3.4576604253414907,0.13185525834560394,0.7619016408920288,0.09404273256659498,1.1424986762982425,-9.163051948402867,3.0639071861902876
10.7,-6.489434599876404,-15.199309269587198,3.436691482861837,0.0,0.0,2.164884328842163,46.00849914550781,0.1214406378567218,270.2658996582031,324.27334578579035,-122.91996160000001,49.279500750000004,0.4028682087858518,-0.5503222743670145,-0.43382413188616437,0.5863804817199707,-1.5274340162674587,1.2576911052068074,0.024550624346981426,6.609349811077118,38.476359367370605,10.782359886169434,-0.07251479662954809,-0.8798622960845629,-1.1138745943705242,-247.91924591064452,131.79415740966797,-121.22163772583008,2.488405615091324,1.4325867493947346,-1.528750479221344,2.220593885941939,-7.569204937327992,1.4771329137411984,0.15134186200642338,2.369418981174628,-0.1580104877551397,0.14964511855082077,-9.323053966869008,2.937577486038208
10.8,3.5754751364390054,-9.34347399075826,1.3303097014625866,0.0,0.0,2.164884328842163,45.49033228556315,0.12024204929669689,270.2676493326823,324.27334578579035,-122.9199637,49.27950143333334,0.37530019382635754,-0.4962478578090668,-0.4713344027598699,0.6230722367763519,-1.3367791771888733,1.2918820182482402,-0.008389151965578398,8.896239757537842,38.508079528808594,10.341939735412598,0.6987076729536057,2.738111734390259,1.1908817768096924,-245.63235473632812,131.82587738037108,-121.66205825805665,0.03535767396291097,4.228254159291585,-1.921511987845103,1.8997015555699666,-6.193422595659892,0.38065819690624875,-0.17478381842374802,-2.3116413205862045,-1.865200678507487,0.47943855736715096,-9.410571734110514,2.6566238005956015
10.9,0.581575608253479,-5.4019166946411135,1.5151352822780608,0.0,0.0,2.164884328842163,44.97216542561849,0.119043460736672,270.26939900716144,324.27334578579035,-122.9199658,49.27950211666667,0.40977361820863956,-0.44566878811879596,-0.4148763266928268,0.6686514656652104,-0.958353952928023,1.1703316307429112,-0.3785767169443495,1.5265249401330951,38.52241430282593,10.307779788970947,0.3191541858017445,1.27916958493491,2.0047451943159103,-253.00207061767577,131.84021186828613,-121.69621810913085,0.18123248129179986,-0.6395372621940849,0.16746812968543057,3.27801734705766,-9.68190864721934,2.483874538292487,0.03189225246508918,0.5435173213481903,-0.36715546250343317,2.30071875161957,-8.892607510089874,2.562981208165487
11.0,1.8937198718388875,-6.176074723402659,0.31784661859273916,0.0,0.0,2.164884328842163,44.45399856567383,0.1178448721766471,270.2711486816406,324.27334578579035,-122.9199679,49.2795028,0.44424704259092157,-0.3950897184285251,-0.35841825062578375,0.7142306945540688,-0.5799287286671725,1.048781243237582,-0.7487642819231207,-5.843189877271652,38.536749076843265,10.273619842529296,-0.06039930135011672,-0.17977256452043852,2.8186086118221283,-260.3717864990234,131.85454635620118,-121.73037796020508,0.3271072886206887,-5.507328683679754,2.2564482472159644,4.656333138545354,-13.170394698778788,4.587090879678726,0.6997155904769897,2.733896851539612,1.1885910391807557,4.121998945871989,-8.374643286069235,2.469338615735372
11.1,3.7666019201278687,-15.226428031921387,5.55453892548879,0.0,0.0,2.2194979667663572,44.177999114990236,0.11699605137109748,270.273974609375,324.2069196382986,-122.91996886,49.27950302,0.4441023992769646,-0.38640663411581155,-0.33766258609565825,0.7300003087430289,-0.5511451041833921,0.9953954951329664,-0.7716553014787761,-8.285934835672379,38.99119911193848,9.42449984550476,-0.17977891427775222,-0.0779425932560116,0.5614042555292449,-262.81453208923335,132.30899581909182,-122.57949752807616,-1.1784517873417248,-0.7116029533472927,0.732591732433348,3.440965067708131,-8.402736456105202,3.3192506175149568,-0.13258321583271027,-0.7979427178700765,3.5962654749552407,4.5978093942006435,-8.11066449952848,2.6464955933166276
11.2,5.534100291629632,-11.079666296641031,3.494019548098246,0.0,0.0,2.274111604690552,43.90199966430664,0.11614723056554786,270.27680053710935,324.1404934908068,-122.91996982,49.279503240000004,0.4439577559630076,-0.377723549803098,-0.3169069215655327,0.7457699229319891,-0.5223614796996117,0.9420097470283508,-0.7945463210344315,-10.728679794073106,39.44564914703369,8.575379848480225,-0.2991585272053877,0.0238873780084153,-1.6958001007636387,-265.25727767944335,132.76344528198243,-123.42861709594726,-2.684010863304138,4.0841227769851685,-0.7912647823492686,2.2255969968709075,-3.6350782134316186,2.0514103553511878,0.013871732478340476,0.42989641924699146,2.0363446871439614,5.073619842529297,-7.8466857129877265,2.823652570897883
11.3,3.798805259168148,-5.128815988699595,3.1953155597050986,0.0,0.0,2.328725242614746,43.626000213623044,0.11529840975999824,270.2796264648438,324.074067343315,-122.91997078,49.27950346,0.3660160154104233,-0.4839441627264023,-0.4244249165058136,0.6711411873499552,-1.1137394309043884,1.1781612237294514,-0.20579127843181289,4.038199886679649,41.072519302368164,6.547739839553833,0.012247849255800247,-1.6906306266784668,-1.7998533368110656,-250.49039459228516,134.39031982421875,-125.45625839233398,2.8226410150527954,-1.7818410396575928,-0.7580629189809164,3.6439698338508606,-10.277771472930908,2.133101681868235,-0.1634064527849356,0.09590584536393482,-0.9466120700041453,1.8690261840820312,-9.006115913391113,3.3308435678482056
11.4,0.324586382508278,-1.8044275760650634,0.5405386343598366,0.0,0.0,2.3833388805389406,43.35000076293945,0.11444958895444862,270.28245239257814,324.0076411958232,-122.91997174000001,49.279503680000005,0.36029813167723745,-0.4678112017837438,-0.43915399773554364,0.6754838562372959,-1.0708652328361166,1.1993034120761985,-0.20714264131630908,5.345429889857769,40.937404251098634,7.046414875984192,0.13670273746053377,-0.3619936528305212,-0.9931154350284487,-249.18316535949708,134.25520362854004,-124.95758285522462,0.7627752965146843,-3.2323367487300527,0.1682496323730006,1.983874335885048,-12.020194987456005,2.9136853069067,-0.43277257680892944,-0.05658139443645874,-2.4496459563573203,1.8065761178731918,-9.103318452835083,3.1123745938142138
11.5,3.6379876335461936,-10.26042354106903,2.0702901110053062,0.0,0.0,2.4379525184631348,43.07400131225586,0.113600768148899,270.2852783203125,323.94121504833146,-122.9199727,49.2795039,0.3545802479440516,-0.45167824084108527,-0.45388307896527375,0.6798265251246366,-1.0279910347678445,1.2204456004229458,-0.20849400420080527,6.652659893035889,40.802289199829104,7.545089912414551,0.2611576256652673,0.9666433210174242,-0.18637753324583173,-247.87593612670898,134.12008743286134,-124.45890731811524,-1.2970904220234265,-4.682832457802513,1.0945621837269177,0.32377883791923523,-13.7626185019811,3.694268931945165,0.01331685930490496,-1.6948456168174744,-1.8021441102027893,1.7441260516643524,-9.200520992279053,2.8939056197802224
11.6,1.349552035331726,-16.655241807301838,6.472784658273061,0.0,0.0,2.4379525184631348,42.40120086669922,0.11122916638851157,270.3067626953125,323.94121504833146,-122.91997364,49.27950456,0.34168994776678807,-0.4769069140381885,-0.4816144405666626,0.6471384005113081,-1.3422823837309172,1.2480139520132179,0.08736066375224089,9.780434823036193,40.113294029235846,8.007774889469147,0.06525441014673561,0.030352338527639744,-0.3793600508167098,-244.7481605529785,133.43109245300292,-123.99622249603271,1.4227037412876433,-1.3453136772820447,-0.1424890752091552,2.267274272712794,-10.546760084051074,2.6464459995428724,0.39619702100753784,2.212324862678846,-0.14159348172446093,0.7322896353223107,-9.292733517560091,2.823039955261982
11.7,-0.7139585316181183,-10.835299015045166,0.7901299695173899,0.0,0.0,2.4379525184631348,41.72840042114258,0.10885756462812415,270.3282470703125,323.94121504833146,-122.91997458,49.27950522,0.32879964758952457,-0.5021355872352918,-0.5093458021680514,0.6144502758979797,-1.65657373269399,1.2755823036034901,0.3832153317052871,12.908209753036498,39.42429885864258,8.470459866523743,-0.13064880537179607,-0.9059386439621449,-0.5723425683875879,-241.62038497924806,132.74209747314453,-123.53353767395019,4.142497904598713,1.9922051032384236,-1.3795403341452281,4.210769707506353,-7.33090166612105,1.5986230671405792,0.12825625141461688,-0.28751395146052044,-0.23579400777816772,-0.279546781019731,-9.38494604284113,2.752174290743741
11.8,2.290290236473084,-6.750870418548584,3.321716380119324,0.0,0.0,2.4379525184631348,41.055599975585935,0.10648596286773675,270.3497314453125,323.94121504833146,-122.91997552,49.27950588,0.32469657560189563,-0.44125249485174817,-0.5036927163600922,0.667197028795878,-1.2016300360361736,1.2810432314872742,0.043032839273413025,11.460679721832275,41.195739364624025,7.553019857406616,0.534293282032013,1.3225537896156312,1.7311004877090455,-243.06791076660156,134.51354064941407,-124.45097732543945,-2.8349297046661377,5.567860285441081,-1.0940480828285217,-1.0225327759981149,-4.182753721872966,0.9197412133216858,-0.12420926646639906,-2.5372542242209115,-1.3779592911402385,0.8647836496432623,-9.404000759124756,2.5889050563176474
11.9,5.800201952457428,-7.782456239064534,0.04755735521515211,0.0,0.0,2.4379525184631348,40.382799530029295,0.10411436110734933,270.3712158203125,323.94121504833146,-122.91997646,49.27950654,0.36640858492164896,-0.4118526282184052,-0.44138951464132825,0.700910929477576,-0.8864154188018857,1.1683866760947488,-0.31042988832588453,3.693244887888431,41.90760927200317,7.851004910469055,0.3707392062991858,0.4249865839878718,1.9484297970930737,-250.83534812927246,135.22540817260744,-124.15299243927002,-1.3378632393750276,-0.718565276174834,1.0052948567000302,1.5561323488752048,-9.417850752671558,3.2031420866648355,-0.13495031123359993,0.7169012626012167,0.22866721947987875,2.4606379841764765,-8.95082575082779,2.5451231797536216
12.0,-1.0285150408744812,-4.165405710538228,0.856929620107015,0.0,0.0,2.4379525184631348,39.709999084472656,0.1017427593469619,270.3927001953125,323.94121504833146,-122.9199774,49.2795072,0.40812059424140235,-0.3824527615850622,-0.3790863129225644,0.734624830159274,-0.5712008015675978,1.0557301207022234,-0.663892615925182,-4.074189946055412,42.619479179382324,8.148989963531495,0.20718513056635857,-0.4725806216398875,2.165759106477102,-258.60278549194334,135.9372756958008,-123.85500755310059,0.15920322591608238,-7.004990837790749,3.104637796228582,4.134797473748525,-14.652947783470154,5.486542960007985,0.5353317499160767,1.3183388322591783,1.7288097620010376,4.056492318709691,-8.497650742530823,2.5013413031895957
12.1,4.792723933855693,-19.43390719095866,6.408975919087728,0.0,0.0,2.443416452407837,39.00519943237305,0.10310685038566582,270.37030029296875,323.9183767581764,-122.91998054,49.27950706,0.40695328231562267,-0.3956397215299534,-0.3727785310510433,0.7311408804221586,-0.6255881705067374,1.0493760413744233,-0.6321034774635778,-5.125524866580963,43.303594303131106,7.7046048760414125,-0.08458169693635265,-0.2710540975500463,0.15468370079091098,-259.65411949157715,136.62139167785645,-124.29939270019531,-1.3474434144569165,-0.2394950001528766,1.0892565173633169,2.5758735387952942,-8.078472784297032,3.757583552237713,0.011046481629212715,-0.6708064079284668,3.2826880613962808,3.991514937895717,-8.448502816937186,2.755336394815734
12.2,3.464906911055247,-9.837292830149332,4.438486655553182,0.0,0.0,2.4488803863525392,38.30039978027344,0.10447094142436975,270.347900390625,323.89553846802136,-122.91998368,49.279506919999996,0.405785970389843,-0.40882668147484463,-0.3664707491795222,0.7276569306850433,-0.6799755394458771,1.0430219620466232,-0.6003143390019735,-6.176859787106514,43.98770942687988,7.26021978855133,-0.3763485244390639,-0.06952757346020504,-1.8563917048952796,-260.70545349121096,137.3055076599121,-124.74377784729003,-2.8540900548299155,6.526000837484996,-0.926124761501948,1.0169496038420633,-1.5039977851239117,2.0286241444674404,0.4054618055621783,-0.2828560806810856,1.0442232290903728,3.9265375570817427,-8.39935489134355,3.0093314864418725
12.3,2.231905311346054,-1.8990637421607972,3.187598705291748,0.0,0.0,2.454344320297241,37.59560012817383,0.10583503246307366,270.32550048828125,323.87270017786625,-122.91998681999999,49.27950678,0.3572996616363525,-0.5023092806339264,-0.42804074883460996,0.6596030354499817,-1.2286703824996947,1.1807353019714355,-0.1089856721460819,5.892599892616272,45.0716796875,5.826719903945923,0.21156299114227295,-2.054085319240888,0.11540263580779235,-248.63599243164063,138.3894775390625,-126.17727813720703,8.667617034912109,-4.65927677154541,-1.0190562725067138,9.258329212665558,-13.251352310180664,2.609771877527237,-0.28369600015381974,-0.14958562484631938,-1.1106293660899003,1.3384453455607097,-9.03447930018107,3.5735785961151123
12.4,-0.0064805590858062105,-1.1429716125130653,0.9476574684182802,0.0,0.0,2.4598082542419433,36.89080047607422,0.10719912350177759,270.3031005859375,323.8498618877112,-122.91998996,49.279506639999994,0.3520639382302761,-0.4717755903800329,-0.4490047114590804,0.6694116373856862,-1.1348331118623416,1.2096330185731252,-0.1351257243193686,6.386699855327606,45.373324394226074,6.65601487159729,0.21709895816942054,-0.9305195696651936,-0.389127519292136,-248.14189338684082,138.69112129211425,-125.3479829788208,1.9441143731276185,-4.886773113409678,-0.016873971621195416,2.475134787234393,-13.856378316879272,3.299684314565225,-0.485179728269577,0.017318027466535556,-2.7564377307891847,1.5475509121562496,-9.136562036745476,3.142414515668696
12.5,9.252347429593405,-13.234004179636637,2.5469602843125663,0.0,0.0,2.4652721881866455,36.18600082397461,0.1085632145404815,270.28070068359375,323.82702359755615,-122.9199931,49.2795065,0.3468282148241997,-0.44124190012613934,-0.46996867408355075,0.6792202393213908,-1.0409958412249882,1.238530735174815,-0.16126577649265525,6.88079981803894,45.67496910095215,7.485309839248657,0.22263492519656816,0.19304617991050085,-0.8936576743920644,-247.647794342041,138.992765045166,-124.51868782043456,-4.779388288656871,-5.114269455273946,0.9853083292643231,-4.308059638196772,-14.46140432357788,3.989596751603213,0.21260654802123705,-2.058335858086745,0.11308644587794932,1.7566564787517895,-9.23864477330988,2.711250435222279
12.6,-4.074877341588338,-16.21426526705424,5.961218933264415,0.0,0.0,2.4659287532170615,35.67666753133138,0.1092929914593696,270.2694040934245,323.82366347290133,-122.91999538333333,49.27950633333333,0.3387527008625594,-0.48832778587485803,-0.4978055860282796,0.625452641284827,-1.5269537809671778,1.254617621501287,0.25765955604782165,11.623244762420654,44.56903915405273,8.505534791946411,0.14385992006370515,0.0848472390436765,-0.8090580401547027,-242.90535049438478,137.8868354797363,-123.49846267700195,0.836911476922757,-0.6605464888341492,-0.15749120351040002,0.21593635134173184,-10.092941761016846,2.719001117825621,0.4613814353942871,2.2690844436486564,0.4831180547674496,0.3004492724483663,-9.299862709912386,2.6882610871936334
12.7,-4.601038980484009,-12.31980628967285,1.4854643046855927,0.0,0.0,2.466585318247477,35.16733423868815,0.1100227683782577,270.2581075032552,323.82030334824645,-122.91999766666666,49.279506166666664,0.33067718690091913,-0.5354136716235768,-0.5256424979730085,0.5716850432482633,-2.012911720709367,1.2707045078277588,0.6765848885882985,16.365689706802367,43.46310920715332,9.525759744644166,0.06508491493084215,-0.02335170182314786,-0.724458405917341,-238.16290664672852,136.78090591430663,-122.47823753356934,6.453211242502386,3.7931764776056465,-1.300290736285123,4.739932340880235,-5.7244791984558105,1.4484054840480287,-0.013998997708161662,-1.8914424578348796,-2.275040328502655,-1.1557579338550568,-9.361080646514893,2.665271739164988
12.8,4.94217574596405,-5.439484119415283,2.4200409750143685,0.0,0.0,2.467241883277893,34.65800094604492,0.1107525452971458,270.24681091308594,323.8169432235916,-122.91999994999999,49.279506,0.3272182097037633,-0.48445860544840497,-0.5177712738513947,0.6226542890071869,-1.6064053575197856,1.2869134942690532,0.36928868666291237,14.09343991279602,46.224578857421875,8.00807981491089,0.004606943577528,1.1552479850749175,2.522008011738459,-240.4351547241211,139.54237670898436,-123.99591751098633,0.34204570452372235,1.2521799405415852,-1.8831243713696797,0.32352955639362335,-8.18255623181661,0.7586244655152162,0.22227859062453112,0.4363104899724324,-1.242118110259374,-0.03853470832109451,-9.406252384185791,2.6185057163238525
12.9,4.5257249275843305,-5.974778413772583,0.3511467130544285,0.0,0.0,2.467898448308309,34.148667653401695,0.11148232221603391,270.2355143229167,323.81358309893676,-122.92000223333334,49.27950583333333,0.3731305542768854,-0.452319419745243,-0.4439326551827517,0.667869970202446,-1.1418986573363796,1.1822622562899734,-0.13596519777043303,2.4165150076150894,47.985343837738036,7.291634845733643,-0.0021762062485019378,0.18392770302792394,2.2411309170226255,-252.11208114624023,141.30314178466796,-124.71236228942871,0.19458879485274808,-2.1832235220706826,0.593029294050101,2.025202552025968,-11.209436044548497,3.3680564808010156,-0.121195662766695,-0.5842009544372558,-0.10836749076843262,1.8083943768658421,-9.001003070311114,2.7508127147501167
13.0,0.3175475299358368,-8.165208260218302,0.6958128887539109,0.0,0.0,2.4685550133387246,33.63933436075846,0.112212099134922,270.2242177327474,323.81022297428194,-122.92000451666667,49.279505666666665,,,,,,,,,,,,,,,,,,,,,,,0.0056759559859832125,1.1510992012917995,2.5197172462940216,,,
13.1,5.032006308436394,-18.913368860880535,6.645067930221558,0.0,0.0,2.4692115783691406,33.130001068115234,0.1129418760538101,270.2129211425781,323.80686284962707,-122.9200068,49.2795055,,,,,,,,,,,,,,,,,,,,,,,0.07317656526962915,-0.20168733596801758,2.613841471572717,,,
13.2,2.147558355331421,-8.58568696975708,5.03820767402649,0.0,0.0,2.451508569717407,32.51360092163086,0.11218397915363311,270.21367797851565,323.755850363734,-122.92000743999999,49.2795056,,,,,,,,,,,,,,,,,,,,,,,,,,,,
13.3,-0.3965107003847758,-1.53409843146801,1.6232310732205708,0.0,0.0,2.433805561065674,31.897200775146484,0.1114260822534561,270.2144348144531,323.70483787784093,-122.92000808,49.2795057,,,,,,,,,,,,,,,,,,,,,,,,,,,,
13.4,5.652844130992889,-8.202895243962606,1.320239891608556,0.0,0.0,2.4161025524139403,31.28080062866211,0.1106681853532791,270.21519165039064,323.65382539194786,-122.92000872,49.279505799999995,,,,,,,,,,,,,,,,,,,,,,,,,,,,
13.5,5.958228309949239,-17.73639949162801,9.581958691279093,0.0,0.0,2.398399543762207,30.664400482177733,0.10991028845310209,270.2159484863281,323.6028129060548,-122.92000936000001,49.2795059,,,,,,,,,,,,,,,,,,,,,,,,,,,,
13.6,-0.9743773142496742,-10.898010810216268,-1.0218350092569988,0.0,0.0,2.3806965351104736,30.04800033569336,0.1091523915529251,270.2167053222656,323.5518004201617,-122.92001,49.279506,,,,,,,,,,,,,,,,,,,,,,,,,,,,
13.7,0.02225322723388672,-10.650812530517578,5.888856220245361,0.0,0.0,2.3806965351104736,29.699200439453126,0.10730391442775723,216.1733642578125,323.5518004201617,-122.92001002,49.27950678,,,,,,,,,,,,,,,,,,,,,,,,,,,,
13.8,6.553642114003499,-7.123433033625285,0.2518445948759715,0.0,0.0,2.3806965351104736,29.350400543212892,0.10545543730258937,162.13002319335936,323.5518004201617,-122.92001004000001,49.27950756,,,,,,,,,,,,,,,,,,,,,,,,,,,,
13.9,1.0593225061893463,-10.060822168986002,4.082554221153259,0.0,0.0,2.3806965351104736,29.001600646972655,0.10360696017742152,108.08668212890626,323.5518004201617,-122.92001006,49.27950834,,,,,,,,,,,,,,,,,,,,,,,,,,,,
,,,,0.0,0.0,2.3806965351104736,28.65280075073242,0.10175848305225366,54.04334106445313,323.5518004201617,-122.92001008,49.27950912,,,,,,,,,,,,,,,,,,,,,,,,,,,,
,,,,0.0,0.0,2.3806965351104736,28.304000854492188,0.0999100059270858,0.0,323.5518004201617,-122.9200101,49.2795099,,,,,,,,,,,,,,,,,,,,,,,,,,,,
